2020-12-31 12:50:57,682 => INFO  NA.PMS.Common.Logger.LogService.LogInformation():24 - Executing Action: Login on Controller: Account For User : .
2020-12-31 12:50:57,837 => INFO  NA.PMS.Common.Logger.LogService.LogInformation():24 - Executed Action: Login on Controller: Account For User : .
2020-12-31 12:51:09,707 => INFO  NA.PMS.Common.Logger.LogService.LogInformation():24 - Executing Action: GetFormTypeList on Controller: Application For User : .
2020-12-31 12:51:12,217 => INFO  NA.PMS.Common.Logger.LogService.LogInformation():24 - Executed Action: GetFormTypeList on Controller: Application For User : .
2020-12-31 12:51:12,234 => INFO  NA.PMS.Common.Logger.LogService.LogInformation():24 - Executing Action: GetApplicantTypeList on Controller: Application For User : .
2020-12-31 12:51:12,273 => INFO  NA.PMS.Common.Logger.LogService.LogInformation():24 - Executed Action: GetApplicantTypeList on Controller: Application For User : .
2020-12-31 12:51:12,298 => INFO  NA.PMS.Common.Logger.LogService.LogInformation():24 - Executing Action: GetCompanyTypeList on Controller: Application For User : .
2020-12-31 12:51:12,339 => INFO  NA.PMS.Common.Logger.LogService.LogInformation():24 - Executed Action: GetCompanyTypeList on Controller: Application For User : .
2020-12-31 12:51:12,798 => INFO  NA.PMS.Common.Logger.LogService.LogInformation():24 - Executing Action: GetDirectorTypeList on Controller: Application For User : .
2020-12-31 12:51:12,845 => INFO  NA.PMS.Common.Logger.LogService.LogInformation():24 - Executed Action: GetDirectorTypeList on Controller: Application For User : .
2020-12-31 12:51:13,312 => INFO  NA.PMS.Common.Logger.LogService.LogInformation():24 - Executing Action: GetFloorAreaList on Controller: Application For User : .
2020-12-31 12:51:13,343 => INFO  NA.PMS.Common.Logger.LogService.LogInformation():24 - Executed Action: GetFloorAreaList on Controller: Application For User : .
2020-12-31 12:51:13,405 => ERROR NA.PMS.Common.Logger.LogService.LogError():97 - Controller Exception
System.ArgumentException: The parameters dictionary contains a null entry for parameter 'schemeId' of non-nullable type 'System.Int32' for method 'System.Web.Mvc.JsonResult GetFloorAreaList(Int32, Int32)' in 'NA.PMS.Web.Areas.Online.Controllers.ApplicationController'. An optional parameter must be a reference type, a nullable type, or be declared as an optional parameter.
Parameter name: parameters
   at System.Web.Mvc.ActionDescriptor.ExtractParameterFromDictionary(ParameterInfo parameterInfo, IDictionary`2 parameters, MethodInfo methodInfo)
   at System.Web.Mvc.ReflectedActionDescriptor.Execute(ControllerContext controllerContext, IDictionary`2 parameters)
   at System.Web.Mvc.ControllerActionInvoker.InvokeActionMethod(ControllerContext controllerContext, ActionDescriptor actionDescriptor, IDictionary`2 parameters)
   at System.Web.Mvc.Async.AsyncControllerActionInvoker.ActionInvocation.InvokeSynchronousActionMethod()
   at System.Web.Mvc.Async.AsyncControllerActionInvoker.<BeginInvokeSynchronousActionMethod>b__39(IAsyncResult asyncResult, ActionInvocation innerInvokeState)
   at System.Web.Mvc.Async.AsyncResultWrapper.WrappedAsyncResult`2.CallEndDelegate(IAsyncResult asyncResult)
   at System.Web.Mvc.Async.AsyncResultWrapper.WrappedAsyncResultBase`1.End()
   at System.Web.Mvc.Async.AsyncResultWrapper.End[TResult](IAsyncResult asyncResult, Object tag)
   at System.Web.Mvc.Async.AsyncControllerActionInvoker.EndInvokeActionMethod(IAsyncResult asyncResult)
   at System.Web.Mvc.Async.AsyncControllerActionInvoker.AsyncInvocationWithFilters.<InvokeActionMethodFilterAsynchronouslyRecursive>b__3d()
   at System.Web.Mvc.Async.AsyncControllerActionInvoker.AsyncInvocationWithFilters.<>c__DisplayClass46.<InvokeActionMethodFilterAsynchronouslyRecursive>b__3f()
   at System.Web.Mvc.Async.AsyncControllerActionInvoker.AsyncInvocationWithFilters.<>c__DisplayClass46.<InvokeActionMethodFilterAsynchronouslyRecursive>b__3f()
   at System.Web.Mvc.Async.AsyncControllerActionInvoker.<>c__DisplayClass33.<BeginInvokeActionMethodWithFilters>b__32(IAsyncResult asyncResult)
   at System.Web.Mvc.Async.AsyncResultWrapper.WrappedAsyncResult`1.CallEndDelegate(IAsyncResult asyncResult)
   at System.Web.Mvc.Async.AsyncResultWrapper.WrappedAsyncResultBase`1.End()
   at System.Web.Mvc.Async.AsyncResultWrapper.End[TResult](IAsyncResult asyncResult, Object tag)
   at System.Web.Mvc.Async.AsyncControllerActionInvoker.EndInvokeActionMethodWithFilters(IAsyncResult asyncResult)
   at System.Web.Mvc.Async.AsyncControllerActionInvoker.<>c__DisplayClass21.<>c__DisplayClass2b.<BeginInvokeAction>b__1c()
   at System.Web.Mvc.Async.AsyncControllerActionInvoker.<>c__DisplayClass21.<BeginInvokeAction>b__1e(IAsyncResult asyncResult)
2020-12-31 12:51:13,438 => ERROR NA.PMS.Common.Logger.LogService.LogError():97 - Global Exception
System.ArgumentException: The parameters dictionary contains a null entry for parameter 'schemeId' of non-nullable type 'System.Int32' for method 'System.Web.Mvc.JsonResult GetFloorAreaList(Int32, Int32)' in 'NA.PMS.Web.Areas.Online.Controllers.ApplicationController'. An optional parameter must be a reference type, a nullable type, or be declared as an optional parameter.
Parameter name: parameters
   at System.Web.Mvc.ActionDescriptor.ExtractParameterFromDictionary(ParameterInfo parameterInfo, IDictionary`2 parameters, MethodInfo methodInfo)
   at System.Web.Mvc.ReflectedActionDescriptor.Execute(ControllerContext controllerContext, IDictionary`2 parameters)
   at System.Web.Mvc.ControllerActionInvoker.InvokeActionMethod(ControllerContext controllerContext, ActionDescriptor actionDescriptor, IDictionary`2 parameters)
   at System.Web.Mvc.Async.AsyncControllerActionInvoker.ActionInvocation.InvokeSynchronousActionMethod()
   at System.Web.Mvc.Async.AsyncControllerActionInvoker.<BeginInvokeSynchronousActionMethod>b__39(IAsyncResult asyncResult, ActionInvocation innerInvokeState)
   at System.Web.Mvc.Async.AsyncResultWrapper.WrappedAsyncResult`2.CallEndDelegate(IAsyncResult asyncResult)
   at System.Web.Mvc.Async.AsyncResultWrapper.WrappedAsyncResultBase`1.End()
   at System.Web.Mvc.Async.AsyncResultWrapper.End[TResult](IAsyncResult asyncResult, Object tag)
   at System.Web.Mvc.Async.AsyncControllerActionInvoker.EndInvokeActionMethod(IAsyncResult asyncResult)
   at System.Web.Mvc.Async.AsyncControllerActionInvoker.AsyncInvocationWithFilters.<InvokeActionMethodFilterAsynchronouslyRecursive>b__3d()
   at System.Web.Mvc.Async.AsyncControllerActionInvoker.AsyncInvocationWithFilters.<>c__DisplayClass46.<InvokeActionMethodFilterAsynchronouslyRecursive>b__3f()
   at System.Web.Mvc.Async.AsyncControllerActionInvoker.AsyncInvocationWithFilters.<>c__DisplayClass46.<InvokeActionMethodFilterAsynchronouslyRecursive>b__3f()
   at System.Web.Mvc.Async.AsyncControllerActionInvoker.<>c__DisplayClass33.<BeginInvokeActionMethodWithFilters>b__32(IAsyncResult asyncResult)
   at System.Web.Mvc.Async.AsyncResultWrapper.WrappedAsyncResult`1.CallEndDelegate(IAsyncResult asyncResult)
   at System.Web.Mvc.Async.AsyncResultWrapper.WrappedAsyncResultBase`1.End()
   at System.Web.Mvc.Async.AsyncResultWrapper.End[TResult](IAsyncResult asyncResult, Object tag)
   at System.Web.Mvc.Async.AsyncControllerActionInvoker.EndInvokeActionMethodWithFilters(IAsyncResult asyncResult)
   at System.Web.Mvc.Async.AsyncControllerActionInvoker.<>c__DisplayClass21.<>c__DisplayClass2b.<BeginInvokeAction>b__1c()
   at System.Web.Mvc.Async.AsyncControllerActionInvoker.<>c__DisplayClass21.<BeginInvokeAction>b__1e(IAsyncResult asyncResult)
   at System.Web.Mvc.Async.AsyncResultWrapper.WrappedAsyncResult`1.CallEndDelegate(IAsyncResult asyncResult)
   at System.Web.Mvc.Async.AsyncResultWrapper.WrappedAsyncResultBase`1.End()
   at System.Web.Mvc.Async.AsyncResultWrapper.End[TResult](IAsyncResult asyncResult, Object tag)
   at System.Web.Mvc.Async.AsyncControllerActionInvoker.EndInvokeAction(IAsyncResult asyncResult)
   at System.Web.Mvc.Controller.<BeginExecuteCore>b__1d(IAsyncResult asyncResult, ExecuteCoreState innerState)
   at System.Web.Mvc.Async.AsyncResultWrapper.WrappedAsyncVoid`1.CallEndDelegate(IAsyncResult asyncResult)
   at System.Web.Mvc.Async.AsyncResultWrapper.WrappedAsyncResultBase`1.End()
   at System.Web.Mvc.Async.AsyncResultWrapper.End[TResult](IAsyncResult asyncResult, Object tag)
   at System.Web.Mvc.Async.AsyncResultWrapper.End(IAsyncResult asyncResult, Object tag)
   at System.Web.Mvc.Controller.EndExecuteCore(IAsyncResult asyncResult)
   at System.Web.Mvc.Controller.<BeginExecute>b__15(IAsyncResult asyncResult, Controller controller)
   at System.Web.Mvc.Async.AsyncResultWrapper.WrappedAsyncVoid`1.CallEndDelegate(IAsyncResult asyncResult)
   at System.Web.Mvc.Async.AsyncResultWrapper.WrappedAsyncResultBase`1.End()
   at System.Web.Mvc.Async.AsyncResultWrapper.End[TResult](IAsyncResult asyncResult, Object tag)
   at System.Web.Mvc.Async.AsyncResultWrapper.End(IAsyncResult asyncResult, Object tag)
   at System.Web.Mvc.Controller.EndExecute(IAsyncResult asyncResult)
   at System.Web.Mvc.Controller.System.Web.Mvc.Async.IAsyncController.EndExecute(IAsyncResult asyncResult)
   at System.Web.Mvc.MvcHandler.<BeginProcessRequest>b__5(IAsyncResult asyncResult, ProcessRequestState innerState)
   at System.Web.Mvc.Async.AsyncResultWrapper.WrappedAsyncVoid`1.CallEndDelegate(IAsyncResult asyncResult)
   at System.Web.Mvc.Async.AsyncResultWrapper.WrappedAsyncResultBase`1.End()
   at System.Web.Mvc.Async.AsyncResultWrapper.End[TResult](IAsyncResult asyncResult, Object tag)
   at System.Web.Mvc.Async.AsyncResultWrapper.End(IAsyncResult asyncResult, Object tag)
   at System.Web.Mvc.MvcHandler.EndProcessRequest(IAsyncResult asyncResult)
   at System.Web.Mvc.MvcHandler.System.Web.IHttpAsyncHandler.EndProcessRequest(IAsyncResult result)
   at System.Web.HttpApplication.CallHandlerExecutionStep.System.Web.HttpApplication.IExecutionStep.Execute()
   at System.Web.HttpApplication.ExecuteStepImpl(IExecutionStep step)
   at System.Web.HttpApplication.ExecuteStep(IExecutionStep step, Boolean& completedSynchronously)
2020-12-31 12:51:13,862 => INFO  NA.PMS.Common.Logger.LogService.LogInformation():24 - Executing Action: GetSectorList on Controller: Application For User : .
2020-12-31 12:51:13,901 => INFO  NA.PMS.Common.Logger.LogService.LogInformation():24 - Executed Action: GetSectorList on Controller: Application For User : .
2020-12-31 13:00:42,110 => INFO  NA.PMS.Common.Logger.LogService.LogInformation():24 - Executing Action: GetFormTypeList on Controller: Application For User : .
2020-12-31 13:00:53,929 => INFO  NA.PMS.Common.Logger.LogService.LogInformation():24 - Executed Action: GetFormTypeList on Controller: Application For User : .
2020-12-31 13:00:54,432 => INFO  NA.PMS.Common.Logger.LogService.LogInformation():24 - Executing Action: GetDirectorTypeList on Controller: Application For User : .
2020-12-31 13:00:54,488 => INFO  NA.PMS.Common.Logger.LogService.LogInformation():24 - Executed Action: GetDirectorTypeList on Controller: Application For User : .
2020-12-31 13:00:54,970 => INFO  NA.PMS.Common.Logger.LogService.LogInformation():24 - Executing Action: GetSectorList on Controller: Application For User : .
2020-12-31 13:00:55,066 => INFO  NA.PMS.Common.Logger.LogService.LogInformation():24 - Executed Action: GetSectorList on Controller: Application For User : .
2020-12-31 13:00:55,447 => INFO  NA.PMS.Common.Logger.LogService.LogInformation():24 - Executing Action: GetFloorAreaList on Controller: Application For User : .
2020-12-31 13:00:55,489 => INFO  NA.PMS.Common.Logger.LogService.LogInformation():24 - Executed Action: GetFloorAreaList on Controller: Application For User : .
2020-12-31 13:00:55,548 => ERROR NA.PMS.Common.Logger.LogService.LogError():97 - Controller Exception
System.ArgumentException: The parameters dictionary contains a null entry for parameter 'schemeId' of non-nullable type 'System.Int32' for method 'System.Web.Mvc.JsonResult GetFloorAreaList(Int32, Int32)' in 'NA.PMS.Web.Areas.Online.Controllers.ApplicationController'. An optional parameter must be a reference type, a nullable type, or be declared as an optional parameter.
Parameter name: parameters
   at System.Web.Mvc.ActionDescriptor.ExtractParameterFromDictionary(ParameterInfo parameterInfo, IDictionary`2 parameters, MethodInfo methodInfo)
   at System.Web.Mvc.ReflectedActionDescriptor.Execute(ControllerContext controllerContext, IDictionary`2 parameters)
   at System.Web.Mvc.ControllerActionInvoker.InvokeActionMethod(ControllerContext controllerContext, ActionDescriptor actionDescriptor, IDictionary`2 parameters)
   at System.Web.Mvc.Async.AsyncControllerActionInvoker.ActionInvocation.InvokeSynchronousActionMethod()
   at System.Web.Mvc.Async.AsyncControllerActionInvoker.<BeginInvokeSynchronousActionMethod>b__39(IAsyncResult asyncResult, ActionInvocation innerInvokeState)
   at System.Web.Mvc.Async.AsyncResultWrapper.WrappedAsyncResult`2.CallEndDelegate(IAsyncResult asyncResult)
   at System.Web.Mvc.Async.AsyncResultWrapper.WrappedAsyncResultBase`1.End()
   at System.Web.Mvc.Async.AsyncResultWrapper.End[TResult](IAsyncResult asyncResult, Object tag)
   at System.Web.Mvc.Async.AsyncControllerActionInvoker.EndInvokeActionMethod(IAsyncResult asyncResult)
   at System.Web.Mvc.Async.AsyncControllerActionInvoker.AsyncInvocationWithFilters.<InvokeActionMethodFilterAsynchronouslyRecursive>b__3d()
   at System.Web.Mvc.Async.AsyncControllerActionInvoker.AsyncInvocationWithFilters.<>c__DisplayClass46.<InvokeActionMethodFilterAsynchronouslyRecursive>b__3f()
   at System.Web.Mvc.Async.AsyncControllerActionInvoker.AsyncInvocationWithFilters.<>c__DisplayClass46.<InvokeActionMethodFilterAsynchronouslyRecursive>b__3f()
   at System.Web.Mvc.Async.AsyncControllerActionInvoker.<>c__DisplayClass33.<BeginInvokeActionMethodWithFilters>b__32(IAsyncResult asyncResult)
   at System.Web.Mvc.Async.AsyncResultWrapper.WrappedAsyncResult`1.CallEndDelegate(IAsyncResult asyncResult)
   at System.Web.Mvc.Async.AsyncResultWrapper.WrappedAsyncResultBase`1.End()
   at System.Web.Mvc.Async.AsyncResultWrapper.End[TResult](IAsyncResult asyncResult, Object tag)
   at System.Web.Mvc.Async.AsyncControllerActionInvoker.EndInvokeActionMethodWithFilters(IAsyncResult asyncResult)
   at System.Web.Mvc.Async.AsyncControllerActionInvoker.<>c__DisplayClass21.<>c__DisplayClass2b.<BeginInvokeAction>b__1c()
   at System.Web.Mvc.Async.AsyncControllerActionInvoker.<>c__DisplayClass21.<BeginInvokeAction>b__1e(IAsyncResult asyncResult)
2020-12-31 13:00:55,585 => ERROR NA.PMS.Common.Logger.LogService.LogError():97 - Global Exception
System.ArgumentException: The parameters dictionary contains a null entry for parameter 'schemeId' of non-nullable type 'System.Int32' for method 'System.Web.Mvc.JsonResult GetFloorAreaList(Int32, Int32)' in 'NA.PMS.Web.Areas.Online.Controllers.ApplicationController'. An optional parameter must be a reference type, a nullable type, or be declared as an optional parameter.
Parameter name: parameters
   at System.Web.Mvc.ActionDescriptor.ExtractParameterFromDictionary(ParameterInfo parameterInfo, IDictionary`2 parameters, MethodInfo methodInfo)
   at System.Web.Mvc.ReflectedActionDescriptor.Execute(ControllerContext controllerContext, IDictionary`2 parameters)
   at System.Web.Mvc.ControllerActionInvoker.InvokeActionMethod(ControllerContext controllerContext, ActionDescriptor actionDescriptor, IDictionary`2 parameters)
   at System.Web.Mvc.Async.AsyncControllerActionInvoker.ActionInvocation.InvokeSynchronousActionMethod()
   at System.Web.Mvc.Async.AsyncControllerActionInvoker.<BeginInvokeSynchronousActionMethod>b__39(IAsyncResult asyncResult, ActionInvocation innerInvokeState)
   at System.Web.Mvc.Async.AsyncResultWrapper.WrappedAsyncResult`2.CallEndDelegate(IAsyncResult asyncResult)
   at System.Web.Mvc.Async.AsyncResultWrapper.WrappedAsyncResultBase`1.End()
   at System.Web.Mvc.Async.AsyncResultWrapper.End[TResult](IAsyncResult asyncResult, Object tag)
   at System.Web.Mvc.Async.AsyncControllerActionInvoker.EndInvokeActionMethod(IAsyncResult asyncResult)
   at System.Web.Mvc.Async.AsyncControllerActionInvoker.AsyncInvocationWithFilters.<InvokeActionMethodFilterAsynchronouslyRecursive>b__3d()
   at System.Web.Mvc.Async.AsyncControllerActionInvoker.AsyncInvocationWithFilters.<>c__DisplayClass46.<InvokeActionMethodFilterAsynchronouslyRecursive>b__3f()
   at System.Web.Mvc.Async.AsyncControllerActionInvoker.AsyncInvocationWithFilters.<>c__DisplayClass46.<InvokeActionMethodFilterAsynchronouslyRecursive>b__3f()
   at System.Web.Mvc.Async.AsyncControllerActionInvoker.<>c__DisplayClass33.<BeginInvokeActionMethodWithFilters>b__32(IAsyncResult asyncResult)
   at System.Web.Mvc.Async.AsyncResultWrapper.WrappedAsyncResult`1.CallEndDelegate(IAsyncResult asyncResult)
   at System.Web.Mvc.Async.AsyncResultWrapper.WrappedAsyncResultBase`1.End()
   at System.Web.Mvc.Async.AsyncResultWrapper.End[TResult](IAsyncResult asyncResult, Object tag)
   at System.Web.Mvc.Async.AsyncControllerActionInvoker.EndInvokeActionMethodWithFilters(IAsyncResult asyncResult)
   at System.Web.Mvc.Async.AsyncControllerActionInvoker.<>c__DisplayClass21.<>c__DisplayClass2b.<BeginInvokeAction>b__1c()
   at System.Web.Mvc.Async.AsyncControllerActionInvoker.<>c__DisplayClass21.<BeginInvokeAction>b__1e(IAsyncResult asyncResult)
   at System.Web.Mvc.Async.AsyncResultWrapper.WrappedAsyncResult`1.CallEndDelegate(IAsyncResult asyncResult)
   at System.Web.Mvc.Async.AsyncResultWrapper.WrappedAsyncResultBase`1.End()
   at System.Web.Mvc.Async.AsyncResultWrapper.End[TResult](IAsyncResult asyncResult, Object tag)
   at System.Web.Mvc.Async.AsyncControllerActionInvoker.EndInvokeAction(IAsyncResult asyncResult)
   at System.Web.Mvc.Controller.<BeginExecuteCore>b__1d(IAsyncResult asyncResult, ExecuteCoreState innerState)
   at System.Web.Mvc.Async.AsyncResultWrapper.WrappedAsyncVoid`1.CallEndDelegate(IAsyncResult asyncResult)
   at System.Web.Mvc.Async.AsyncResultWrapper.WrappedAsyncResultBase`1.End()
   at System.Web.Mvc.Async.AsyncResultWrapper.End[TResult](IAsyncResult asyncResult, Object tag)
   at System.Web.Mvc.Async.AsyncResultWrapper.End(IAsyncResult asyncResult, Object tag)
   at System.Web.Mvc.Controller.EndExecuteCore(IAsyncResult asyncResult)
   at System.Web.Mvc.Controller.<BeginExecute>b__15(IAsyncResult asyncResult, Controller controller)
   at System.Web.Mvc.Async.AsyncResultWrapper.WrappedAsyncVoid`1.CallEndDelegate(IAsyncResult asyncResult)
   at System.Web.Mvc.Async.AsyncResultWrapper.WrappedAsyncResultBase`1.End()
   at System.Web.Mvc.Async.AsyncResultWrapper.End[TResult](IAsyncResult asyncResult, Object tag)
   at System.Web.Mvc.Async.AsyncResultWrapper.End(IAsyncResult asyncResult, Object tag)
   at System.Web.Mvc.Controller.EndExecute(IAsyncResult asyncResult)
   at System.Web.Mvc.Controller.System.Web.Mvc.Async.IAsyncController.EndExecute(IAsyncResult asyncResult)
   at System.Web.Mvc.MvcHandler.<BeginProcessRequest>b__5(IAsyncResult asyncResult, ProcessRequestState innerState)
   at System.Web.Mvc.Async.AsyncResultWrapper.WrappedAsyncVoid`1.CallEndDelegate(IAsyncResult asyncResult)
   at System.Web.Mvc.Async.AsyncResultWrapper.WrappedAsyncResultBase`1.End()
   at System.Web.Mvc.Async.AsyncResultWrapper.End[TResult](IAsyncResult asyncResult, Object tag)
   at System.Web.Mvc.Async.AsyncResultWrapper.End(IAsyncResult asyncResult, Object tag)
   at System.Web.Mvc.MvcHandler.EndProcessRequest(IAsyncResult asyncResult)
   at System.Web.Mvc.MvcHandler.System.Web.IHttpAsyncHandler.EndProcessRequest(IAsyncResult result)
   at System.Web.HttpApplication.CallHandlerExecutionStep.System.Web.HttpApplication.IExecutionStep.Execute()
   at System.Web.HttpApplication.ExecuteStepImpl(IExecutionStep step)
   at System.Web.HttpApplication.ExecuteStep(IExecutionStep step, Boolean& completedSynchronously)
2020-12-31 13:00:55,948 => INFO  NA.PMS.Common.Logger.LogService.LogInformation():24 - Executing Action: GetApplicantTypeList on Controller: Application For User : .
2020-12-31 13:00:56,002 => INFO  NA.PMS.Common.Logger.LogService.LogInformation():24 - Executed Action: GetApplicantTypeList on Controller: Application For User : .
2020-12-31 13:00:56,033 => INFO  NA.PMS.Common.Logger.LogService.LogInformation():24 - Executing Action: GetCompanyTypeList on Controller: Application For User : .
2020-12-31 13:00:56,075 => INFO  NA.PMS.Common.Logger.LogService.LogInformation():24 - Executed Action: GetCompanyTypeList on Controller: Application For User : .
2020-12-31 13:02:20,058 => INFO  NA.PMS.Common.Logger.LogService.LogInformation():24 - Executing Action: GetFormTypeList on Controller: Application For User : .
2020-12-31 13:02:21,860 => INFO  NA.PMS.Common.Logger.LogService.LogInformation():24 - Executed Action: GetFormTypeList on Controller: Application For User : .
2020-12-31 13:02:22,335 => INFO  NA.PMS.Common.Logger.LogService.LogInformation():24 - Executing Action: GetSectorList on Controller: Application For User : .
2020-12-31 13:02:22,396 => INFO  NA.PMS.Common.Logger.LogService.LogInformation():24 - Executed Action: GetSectorList on Controller: Application For User : .
2020-12-31 13:02:22,861 => INFO  NA.PMS.Common.Logger.LogService.LogInformation():24 - Executing Action: GetFloorAreaList on Controller: Application For User : .
2020-12-31 13:02:22,956 => INFO  NA.PMS.Common.Logger.LogService.LogInformation():24 - Executed Action: GetFloorAreaList on Controller: Application For User : .
2020-12-31 13:02:23,023 => ERROR NA.PMS.Common.Logger.LogService.LogError():97 - Controller Exception
System.ArgumentException: The parameters dictionary contains a null entry for parameter 'schemeId' of non-nullable type 'System.Int32' for method 'System.Web.Mvc.JsonResult GetFloorAreaList(Int32, Int32)' in 'NA.PMS.Web.Areas.Online.Controllers.ApplicationController'. An optional parameter must be a reference type, a nullable type, or be declared as an optional parameter.
Parameter name: parameters
   at System.Web.Mvc.ActionDescriptor.ExtractParameterFromDictionary(ParameterInfo parameterInfo, IDictionary`2 parameters, MethodInfo methodInfo)
   at System.Web.Mvc.ReflectedActionDescriptor.Execute(ControllerContext controllerContext, IDictionary`2 parameters)
   at System.Web.Mvc.ControllerActionInvoker.InvokeActionMethod(ControllerContext controllerContext, ActionDescriptor actionDescriptor, IDictionary`2 parameters)
   at System.Web.Mvc.Async.AsyncControllerActionInvoker.ActionInvocation.InvokeSynchronousActionMethod()
   at System.Web.Mvc.Async.AsyncControllerActionInvoker.<BeginInvokeSynchronousActionMethod>b__39(IAsyncResult asyncResult, ActionInvocation innerInvokeState)
   at System.Web.Mvc.Async.AsyncResultWrapper.WrappedAsyncResult`2.CallEndDelegate(IAsyncResult asyncResult)
   at System.Web.Mvc.Async.AsyncResultWrapper.WrappedAsyncResultBase`1.End()
   at System.Web.Mvc.Async.AsyncResultWrapper.End[TResult](IAsyncResult asyncResult, Object tag)
   at System.Web.Mvc.Async.AsyncControllerActionInvoker.EndInvokeActionMethod(IAsyncResult asyncResult)
   at System.Web.Mvc.Async.AsyncControllerActionInvoker.AsyncInvocationWithFilters.<InvokeActionMethodFilterAsynchronouslyRecursive>b__3d()
   at System.Web.Mvc.Async.AsyncControllerActionInvoker.AsyncInvocationWithFilters.<>c__DisplayClass46.<InvokeActionMethodFilterAsynchronouslyRecursive>b__3f()
   at System.Web.Mvc.Async.AsyncControllerActionInvoker.AsyncInvocationWithFilters.<>c__DisplayClass46.<InvokeActionMethodFilterAsynchronouslyRecursive>b__3f()
   at System.Web.Mvc.Async.AsyncControllerActionInvoker.<>c__DisplayClass33.<BeginInvokeActionMethodWithFilters>b__32(IAsyncResult asyncResult)
   at System.Web.Mvc.Async.AsyncResultWrapper.WrappedAsyncResult`1.CallEndDelegate(IAsyncResult asyncResult)
   at System.Web.Mvc.Async.AsyncResultWrapper.WrappedAsyncResultBase`1.End()
   at System.Web.Mvc.Async.AsyncResultWrapper.End[TResult](IAsyncResult asyncResult, Object tag)
   at System.Web.Mvc.Async.AsyncControllerActionInvoker.EndInvokeActionMethodWithFilters(IAsyncResult asyncResult)
   at System.Web.Mvc.Async.AsyncControllerActionInvoker.<>c__DisplayClass21.<>c__DisplayClass2b.<BeginInvokeAction>b__1c()
   at System.Web.Mvc.Async.AsyncControllerActionInvoker.<>c__DisplayClass21.<BeginInvokeAction>b__1e(IAsyncResult asyncResult)
2020-12-31 13:02:23,054 => ERROR NA.PMS.Common.Logger.LogService.LogError():97 - Global Exception
System.ArgumentException: The parameters dictionary contains a null entry for parameter 'schemeId' of non-nullable type 'System.Int32' for method 'System.Web.Mvc.JsonResult GetFloorAreaList(Int32, Int32)' in 'NA.PMS.Web.Areas.Online.Controllers.ApplicationController'. An optional parameter must be a reference type, a nullable type, or be declared as an optional parameter.
Parameter name: parameters
   at System.Web.Mvc.ActionDescriptor.ExtractParameterFromDictionary(ParameterInfo parameterInfo, IDictionary`2 parameters, MethodInfo methodInfo)
   at System.Web.Mvc.ReflectedActionDescriptor.Execute(ControllerContext controllerContext, IDictionary`2 parameters)
   at System.Web.Mvc.ControllerActionInvoker.InvokeActionMethod(ControllerContext controllerContext, ActionDescriptor actionDescriptor, IDictionary`2 parameters)
   at System.Web.Mvc.Async.AsyncControllerActionInvoker.ActionInvocation.InvokeSynchronousActionMethod()
   at System.Web.Mvc.Async.AsyncControllerActionInvoker.<BeginInvokeSynchronousActionMethod>b__39(IAsyncResult asyncResult, ActionInvocation innerInvokeState)
   at System.Web.Mvc.Async.AsyncResultWrapper.WrappedAsyncResult`2.CallEndDelegate(IAsyncResult asyncResult)
   at System.Web.Mvc.Async.AsyncResultWrapper.WrappedAsyncResultBase`1.End()
   at System.Web.Mvc.Async.AsyncResultWrapper.End[TResult](IAsyncResult asyncResult, Object tag)
   at System.Web.Mvc.Async.AsyncControllerActionInvoker.EndInvokeActionMethod(IAsyncResult asyncResult)
   at System.Web.Mvc.Async.AsyncControllerActionInvoker.AsyncInvocationWithFilters.<InvokeActionMethodFilterAsynchronouslyRecursive>b__3d()
   at System.Web.Mvc.Async.AsyncControllerActionInvoker.AsyncInvocationWithFilters.<>c__DisplayClass46.<InvokeActionMethodFilterAsynchronouslyRecursive>b__3f()
   at System.Web.Mvc.Async.AsyncControllerActionInvoker.AsyncInvocationWithFilters.<>c__DisplayClass46.<InvokeActionMethodFilterAsynchronouslyRecursive>b__3f()
   at System.Web.Mvc.Async.AsyncControllerActionInvoker.<>c__DisplayClass33.<BeginInvokeActionMethodWithFilters>b__32(IAsyncResult asyncResult)
   at System.Web.Mvc.Async.AsyncResultWrapper.WrappedAsyncResult`1.CallEndDelegate(IAsyncResult asyncResult)
   at System.Web.Mvc.Async.AsyncResultWrapper.WrappedAsyncResultBase`1.End()
   at System.Web.Mvc.Async.AsyncResultWrapper.End[TResult](IAsyncResult asyncResult, Object tag)
   at System.Web.Mvc.Async.AsyncControllerActionInvoker.EndInvokeActionMethodWithFilters(IAsyncResult asyncResult)
   at System.Web.Mvc.Async.AsyncControllerActionInvoker.<>c__DisplayClass21.<>c__DisplayClass2b.<BeginInvokeAction>b__1c()
   at System.Web.Mvc.Async.AsyncControllerActionInvoker.<>c__DisplayClass21.<BeginInvokeAction>b__1e(IAsyncResult asyncResult)
   at System.Web.Mvc.Async.AsyncResultWrapper.WrappedAsyncResult`1.CallEndDelegate(IAsyncResult asyncResult)
   at System.Web.Mvc.Async.AsyncResultWrapper.WrappedAsyncResultBase`1.End()
   at System.Web.Mvc.Async.AsyncResultWrapper.End[TResult](IAsyncResult asyncResult, Object tag)
   at System.Web.Mvc.Async.AsyncControllerActionInvoker.EndInvokeAction(IAsyncResult asyncResult)
   at System.Web.Mvc.Controller.<BeginExecuteCore>b__1d(IAsyncResult asyncResult, ExecuteCoreState innerState)
   at System.Web.Mvc.Async.AsyncResultWrapper.WrappedAsyncVoid`1.CallEndDelegate(IAsyncResult asyncResult)
   at System.Web.Mvc.Async.AsyncResultWrapper.WrappedAsyncResultBase`1.End()
   at System.Web.Mvc.Async.AsyncResultWrapper.End[TResult](IAsyncResult asyncResult, Object tag)
   at System.Web.Mvc.Async.AsyncResultWrapper.End(IAsyncResult asyncResult, Object tag)
   at System.Web.Mvc.Controller.EndExecuteCore(IAsyncResult asyncResult)
   at System.Web.Mvc.Controller.<BeginExecute>b__15(IAsyncResult asyncResult, Controller controller)
   at System.Web.Mvc.Async.AsyncResultWrapper.WrappedAsyncVoid`1.CallEndDelegate(IAsyncResult asyncResult)
   at System.Web.Mvc.Async.AsyncResultWrapper.WrappedAsyncResultBase`1.End()
   at System.Web.Mvc.Async.AsyncResultWrapper.End[TResult](IAsyncResult asyncResult, Object tag)
   at System.Web.Mvc.Async.AsyncResultWrapper.End(IAsyncResult asyncResult, Object tag)
   at System.Web.Mvc.Controller.EndExecute(IAsyncResult asyncResult)
   at System.Web.Mvc.Controller.System.Web.Mvc.Async.IAsyncController.EndExecute(IAsyncResult asyncResult)
   at System.Web.Mvc.MvcHandler.<BeginProcessRequest>b__5(IAsyncResult asyncResult, ProcessRequestState innerState)
   at System.Web.Mvc.Async.AsyncResultWrapper.WrappedAsyncVoid`1.CallEndDelegate(IAsyncResult asyncResult)
   at System.Web.Mvc.Async.AsyncResultWrapper.WrappedAsyncResultBase`1.End()
   at System.Web.Mvc.Async.AsyncResultWrapper.End[TResult](IAsyncResult asyncResult, Object tag)
   at System.Web.Mvc.Async.AsyncResultWrapper.End(IAsyncResult asyncResult, Object tag)
   at System.Web.Mvc.MvcHandler.EndProcessRequest(IAsyncResult asyncResult)
   at System.Web.Mvc.MvcHandler.System.Web.IHttpAsyncHandler.EndProcessRequest(IAsyncResult result)
   at System.Web.HttpApplication.CallHandlerExecutionStep.System.Web.HttpApplication.IExecutionStep.Execute()
   at System.Web.HttpApplication.ExecuteStepImpl(IExecutionStep step)
   at System.Web.HttpApplication.ExecuteStep(IExecutionStep step, Boolean& completedSynchronously)
2020-12-31 13:02:23,372 => INFO  NA.PMS.Common.Logger.LogService.LogInformation():24 - Executing Action: GetApplicantTypeList on Controller: Application For User : .
2020-12-31 13:02:23,416 => INFO  NA.PMS.Common.Logger.LogService.LogInformation():24 - Executed Action: GetApplicantTypeList on Controller: Application For User : .
2020-12-31 13:02:23,448 => INFO  NA.PMS.Common.Logger.LogService.LogInformation():24 - Executing Action: GetCompanyTypeList on Controller: Application For User : .
2020-12-31 13:02:23,490 => INFO  NA.PMS.Common.Logger.LogService.LogInformation():24 - Executed Action: GetCompanyTypeList on Controller: Application For User : .
2020-12-31 13:02:23,924 => INFO  NA.PMS.Common.Logger.LogService.LogInformation():24 - Executing Action: GetDirectorTypeList on Controller: Application For User : .
2020-12-31 13:02:23,975 => INFO  NA.PMS.Common.Logger.LogService.LogInformation():24 - Executed Action: GetDirectorTypeList on Controller: Application For User : .
2020-12-31 13:02:25,554 => INFO  NA.PMS.Common.Logger.LogService.LogInformation():24 - Executing Action: GetFormSubTypeList on Controller: Application For User : .
2020-12-31 13:02:25,607 => INFO  NA.PMS.Common.Logger.LogService.LogInformation():24 - Executed Action: GetFormSubTypeList on Controller: Application For User : .
2020-12-31 13:02:25,635 => INFO  NA.PMS.Common.Logger.LogService.LogInformation():24 - Executing Action: GetFormSubTypeList on Controller: Application For User : .
2020-12-31 13:02:25,674 => INFO  NA.PMS.Common.Logger.LogService.LogInformation():24 - Executed Action: GetFormSubTypeList on Controller: Application For User : .
2020-12-31 13:02:27,047 => INFO  NA.PMS.Common.Logger.LogService.LogInformation():24 - Executing Action: GetFormSubTypeList on Controller: Application For User : .
2020-12-31 13:02:27,090 => INFO  NA.PMS.Common.Logger.LogService.LogInformation():24 - Executed Action: GetFormSubTypeList on Controller: Application For User : .
2020-12-31 13:02:27,114 => INFO  NA.PMS.Common.Logger.LogService.LogInformation():24 - Executing Action: GetFormSubTypeList on Controller: Application For User : .
2020-12-31 13:02:27,158 => INFO  NA.PMS.Common.Logger.LogService.LogInformation():24 - Executed Action: GetFormSubTypeList on Controller: Application For User : .
2020-12-31 13:02:28,438 => INFO  NA.PMS.Common.Logger.LogService.LogInformation():24 - Executing Action: GetFormSubTypeList on Controller: Application For User : .
2020-12-31 13:02:28,619 => INFO  NA.PMS.Common.Logger.LogService.LogInformation():24 - Executed Action: GetFormSubTypeList on Controller: Application For User : .
2020-12-31 13:02:28,657 => INFO  NA.PMS.Common.Logger.LogService.LogInformation():24 - Executing Action: GetFormSubTypeList on Controller: Application For User : .
2020-12-31 13:02:28,702 => INFO  NA.PMS.Common.Logger.LogService.LogInformation():24 - Executed Action: GetFormSubTypeList on Controller: Application For User : .
2020-12-31 13:02:32,135 => INFO  NA.PMS.Common.Logger.LogService.LogInformation():24 - Executing Action: GetFormSubTypeList on Controller: Application For User : .
2020-12-31 13:02:32,177 => INFO  NA.PMS.Common.Logger.LogService.LogInformation():24 - Executed Action: GetFormSubTypeList on Controller: Application For User : .
2020-12-31 13:02:32,204 => INFO  NA.PMS.Common.Logger.LogService.LogInformation():24 - Executing Action: GetFormSubTypeList on Controller: Application For User : .
2020-12-31 13:02:32,244 => INFO  NA.PMS.Common.Logger.LogService.LogInformation():24 - Executed Action: GetFormSubTypeList on Controller: Application For User : .
2020-12-31 13:02:41,038 => INFO  NA.PMS.Common.Logger.LogService.LogInformation():24 - Executing Action: GetFloorAreaList on Controller: Application For User : .
2020-12-31 13:02:41,083 => INFO  NA.PMS.Common.Logger.LogService.LogInformation():24 - Executed Action: GetFloorAreaList on Controller: Application For User : .
2020-12-31 13:02:41,149 => ERROR NA.PMS.Common.Logger.LogService.LogError():97 - Controller Exception
System.ArgumentException: The parameters dictionary contains a null entry for parameter 'schemeId' of non-nullable type 'System.Int32' for method 'System.Web.Mvc.JsonResult GetFloorAreaList(Int32, Int32)' in 'NA.PMS.Web.Areas.Online.Controllers.ApplicationController'. An optional parameter must be a reference type, a nullable type, or be declared as an optional parameter.
Parameter name: parameters
   at System.Web.Mvc.ActionDescriptor.ExtractParameterFromDictionary(ParameterInfo parameterInfo, IDictionary`2 parameters, MethodInfo methodInfo)
   at System.Web.Mvc.ReflectedActionDescriptor.Execute(ControllerContext controllerContext, IDictionary`2 parameters)
   at System.Web.Mvc.ControllerActionInvoker.InvokeActionMethod(ControllerContext controllerContext, ActionDescriptor actionDescriptor, IDictionary`2 parameters)
   at System.Web.Mvc.Async.AsyncControllerActionInvoker.ActionInvocation.InvokeSynchronousActionMethod()
   at System.Web.Mvc.Async.AsyncControllerActionInvoker.<BeginInvokeSynchronousActionMethod>b__39(IAsyncResult asyncResult, ActionInvocation innerInvokeState)
   at System.Web.Mvc.Async.AsyncResultWrapper.WrappedAsyncResult`2.CallEndDelegate(IAsyncResult asyncResult)
   at System.Web.Mvc.Async.AsyncResultWrapper.WrappedAsyncResultBase`1.End()
   at System.Web.Mvc.Async.AsyncResultWrapper.End[TResult](IAsyncResult asyncResult, Object tag)
   at System.Web.Mvc.Async.AsyncControllerActionInvoker.EndInvokeActionMethod(IAsyncResult asyncResult)
   at System.Web.Mvc.Async.AsyncControllerActionInvoker.AsyncInvocationWithFilters.<InvokeActionMethodFilterAsynchronouslyRecursive>b__3d()
   at System.Web.Mvc.Async.AsyncControllerActionInvoker.AsyncInvocationWithFilters.<>c__DisplayClass46.<InvokeActionMethodFilterAsynchronouslyRecursive>b__3f()
   at System.Web.Mvc.Async.AsyncControllerActionInvoker.AsyncInvocationWithFilters.<>c__DisplayClass46.<InvokeActionMethodFilterAsynchronouslyRecursive>b__3f()
   at System.Web.Mvc.Async.AsyncControllerActionInvoker.<>c__DisplayClass33.<BeginInvokeActionMethodWithFilters>b__32(IAsyncResult asyncResult)
   at System.Web.Mvc.Async.AsyncResultWrapper.WrappedAsyncResult`1.CallEndDelegate(IAsyncResult asyncResult)
   at System.Web.Mvc.Async.AsyncResultWrapper.WrappedAsyncResultBase`1.End()
   at System.Web.Mvc.Async.AsyncResultWrapper.End[TResult](IAsyncResult asyncResult, Object tag)
   at System.Web.Mvc.Async.AsyncControllerActionInvoker.EndInvokeActionMethodWithFilters(IAsyncResult asyncResult)
   at System.Web.Mvc.Async.AsyncControllerActionInvoker.<>c__DisplayClass21.<>c__DisplayClass2b.<BeginInvokeAction>b__1c()
   at System.Web.Mvc.Async.AsyncControllerActionInvoker.<>c__DisplayClass21.<BeginInvokeAction>b__1e(IAsyncResult asyncResult)
2020-12-31 13:02:41,179 => ERROR NA.PMS.Common.Logger.LogService.LogError():97 - Global Exception
System.ArgumentException: The parameters dictionary contains a null entry for parameter 'schemeId' of non-nullable type 'System.Int32' for method 'System.Web.Mvc.JsonResult GetFloorAreaList(Int32, Int32)' in 'NA.PMS.Web.Areas.Online.Controllers.ApplicationController'. An optional parameter must be a reference type, a nullable type, or be declared as an optional parameter.
Parameter name: parameters
   at System.Web.Mvc.ActionDescriptor.ExtractParameterFromDictionary(ParameterInfo parameterInfo, IDictionary`2 parameters, MethodInfo methodInfo)
   at System.Web.Mvc.ReflectedActionDescriptor.Execute(ControllerContext controllerContext, IDictionary`2 parameters)
   at System.Web.Mvc.ControllerActionInvoker.InvokeActionMethod(ControllerContext controllerContext, ActionDescriptor actionDescriptor, IDictionary`2 parameters)
   at System.Web.Mvc.Async.AsyncControllerActionInvoker.ActionInvocation.InvokeSynchronousActionMethod()
   at System.Web.Mvc.Async.AsyncControllerActionInvoker.<BeginInvokeSynchronousActionMethod>b__39(IAsyncResult asyncResult, ActionInvocation innerInvokeState)
   at System.Web.Mvc.Async.AsyncResultWrapper.WrappedAsyncResult`2.CallEndDelegate(IAsyncResult asyncResult)
   at System.Web.Mvc.Async.AsyncResultWrapper.WrappedAsyncResultBase`1.End()
   at System.Web.Mvc.Async.AsyncResultWrapper.End[TResult](IAsyncResult asyncResult, Object tag)
   at System.Web.Mvc.Async.AsyncControllerActionInvoker.EndInvokeActionMethod(IAsyncResult asyncResult)
   at System.Web.Mvc.Async.AsyncControllerActionInvoker.AsyncInvocationWithFilters.<InvokeActionMethodFilterAsynchronouslyRecursive>b__3d()
   at System.Web.Mvc.Async.AsyncControllerActionInvoker.AsyncInvocationWithFilters.<>c__DisplayClass46.<InvokeActionMethodFilterAsynchronouslyRecursive>b__3f()
   at System.Web.Mvc.Async.AsyncControllerActionInvoker.AsyncInvocationWithFilters.<>c__DisplayClass46.<InvokeActionMethodFilterAsynchronouslyRecursive>b__3f()
   at System.Web.Mvc.Async.AsyncControllerActionInvoker.<>c__DisplayClass33.<BeginInvokeActionMethodWithFilters>b__32(IAsyncResult asyncResult)
   at System.Web.Mvc.Async.AsyncResultWrapper.WrappedAsyncResult`1.CallEndDelegate(IAsyncResult asyncResult)
   at System.Web.Mvc.Async.AsyncResultWrapper.WrappedAsyncResultBase`1.End()
   at System.Web.Mvc.Async.AsyncResultWrapper.End[TResult](IAsyncResult asyncResult, Object tag)
   at System.Web.Mvc.Async.AsyncControllerActionInvoker.EndInvokeActionMethodWithFilters(IAsyncResult asyncResult)
   at System.Web.Mvc.Async.AsyncControllerActionInvoker.<>c__DisplayClass21.<>c__DisplayClass2b.<BeginInvokeAction>b__1c()
   at System.Web.Mvc.Async.AsyncControllerActionInvoker.<>c__DisplayClass21.<BeginInvokeAction>b__1e(IAsyncResult asyncResult)
   at System.Web.Mvc.Async.AsyncResultWrapper.WrappedAsyncResult`1.CallEndDelegate(IAsyncResult asyncResult)
   at System.Web.Mvc.Async.AsyncResultWrapper.WrappedAsyncResultBase`1.End()
   at System.Web.Mvc.Async.AsyncResultWrapper.End[TResult](IAsyncResult asyncResult, Object tag)
   at System.Web.Mvc.Async.AsyncControllerActionInvoker.EndInvokeAction(IAsyncResult asyncResult)
   at System.Web.Mvc.Controller.<BeginExecuteCore>b__1d(IAsyncResult asyncResult, ExecuteCoreState innerState)
   at System.Web.Mvc.Async.AsyncResultWrapper.WrappedAsyncVoid`1.CallEndDelegate(IAsyncResult asyncResult)
   at System.Web.Mvc.Async.AsyncResultWrapper.WrappedAsyncResultBase`1.End()
   at System.Web.Mvc.Async.AsyncResultWrapper.End[TResult](IAsyncResult asyncResult, Object tag)
   at System.Web.Mvc.Async.AsyncResultWrapper.End(IAsyncResult asyncResult, Object tag)
   at System.Web.Mvc.Controller.EndExecuteCore(IAsyncResult asyncResult)
   at System.Web.Mvc.Controller.<BeginExecute>b__15(IAsyncResult asyncResult, Controller controller)
   at System.Web.Mvc.Async.AsyncResultWrapper.WrappedAsyncVoid`1.CallEndDelegate(IAsyncResult asyncResult)
   at System.Web.Mvc.Async.AsyncResultWrapper.WrappedAsyncResultBase`1.End()
   at System.Web.Mvc.Async.AsyncResultWrapper.End[TResult](IAsyncResult asyncResult, Object tag)
   at System.Web.Mvc.Async.AsyncResultWrapper.End(IAsyncResult asyncResult, Object tag)
   at System.Web.Mvc.Controller.EndExecute(IAsyncResult asyncResult)
   at System.Web.Mvc.Controller.System.Web.Mvc.Async.IAsyncController.EndExecute(IAsyncResult asyncResult)
   at System.Web.Mvc.MvcHandler.<BeginProcessRequest>b__5(IAsyncResult asyncResult, ProcessRequestState innerState)
   at System.Web.Mvc.Async.AsyncResultWrapper.WrappedAsyncVoid`1.CallEndDelegate(IAsyncResult asyncResult)
   at System.Web.Mvc.Async.AsyncResultWrapper.WrappedAsyncResultBase`1.End()
   at System.Web.Mvc.Async.AsyncResultWrapper.End[TResult](IAsyncResult asyncResult, Object tag)
   at System.Web.Mvc.Async.AsyncResultWrapper.End(IAsyncResult asyncResult, Object tag)
   at System.Web.Mvc.MvcHandler.EndProcessRequest(IAsyncResult asyncResult)
   at System.Web.Mvc.MvcHandler.System.Web.IHttpAsyncHandler.EndProcessRequest(IAsyncResult result)
   at System.Web.HttpApplication.CallHandlerExecutionStep.System.Web.HttpApplication.IExecutionStep.Execute()
   at System.Web.HttpApplication.ExecuteStepImpl(IExecutionStep step)
   at System.Web.HttpApplication.ExecuteStep(IExecutionStep step, Boolean& completedSynchronously)
2020-12-31 13:05:24,519 => INFO  NA.PMS.Common.Logger.LogService.LogInformation():24 - Executing Action: GetFormTypeList on Controller: Application For User : .
2020-12-31 13:05:28,467 => INFO  NA.PMS.Common.Logger.LogService.LogInformation():24 - Executed Action: GetFormTypeList on Controller: Application For User : .
2020-12-31 13:05:28,943 => INFO  NA.PMS.Common.Logger.LogService.LogInformation():24 - Executing Action: GetFloorAreaList on Controller: Application For User : .
2020-12-31 13:05:29,001 => INFO  NA.PMS.Common.Logger.LogService.LogInformation():24 - Executed Action: GetFloorAreaList on Controller: Application For User : .
2020-12-31 13:05:29,077 => ERROR NA.PMS.Common.Logger.LogService.LogError():97 - Controller Exception
System.ArgumentException: The parameters dictionary contains a null entry for parameter 'schemeId' of non-nullable type 'System.Int32' for method 'System.Web.Mvc.JsonResult GetFloorAreaList(Int32, Int32)' in 'NA.PMS.Web.Areas.Online.Controllers.ApplicationController'. An optional parameter must be a reference type, a nullable type, or be declared as an optional parameter.
Parameter name: parameters
   at System.Web.Mvc.ActionDescriptor.ExtractParameterFromDictionary(ParameterInfo parameterInfo, IDictionary`2 parameters, MethodInfo methodInfo)
   at System.Web.Mvc.ReflectedActionDescriptor.Execute(ControllerContext controllerContext, IDictionary`2 parameters)
   at System.Web.Mvc.ControllerActionInvoker.InvokeActionMethod(ControllerContext controllerContext, ActionDescriptor actionDescriptor, IDictionary`2 parameters)
   at System.Web.Mvc.Async.AsyncControllerActionInvoker.ActionInvocation.InvokeSynchronousActionMethod()
   at System.Web.Mvc.Async.AsyncControllerActionInvoker.<BeginInvokeSynchronousActionMethod>b__39(IAsyncResult asyncResult, ActionInvocation innerInvokeState)
   at System.Web.Mvc.Async.AsyncResultWrapper.WrappedAsyncResult`2.CallEndDelegate(IAsyncResult asyncResult)
   at System.Web.Mvc.Async.AsyncResultWrapper.WrappedAsyncResultBase`1.End()
   at System.Web.Mvc.Async.AsyncResultWrapper.End[TResult](IAsyncResult asyncResult, Object tag)
   at System.Web.Mvc.Async.AsyncControllerActionInvoker.EndInvokeActionMethod(IAsyncResult asyncResult)
   at System.Web.Mvc.Async.AsyncControllerActionInvoker.AsyncInvocationWithFilters.<InvokeActionMethodFilterAsynchronouslyRecursive>b__3d()
   at System.Web.Mvc.Async.AsyncControllerActionInvoker.AsyncInvocationWithFilters.<>c__DisplayClass46.<InvokeActionMethodFilterAsynchronouslyRecursive>b__3f()
   at System.Web.Mvc.Async.AsyncControllerActionInvoker.AsyncInvocationWithFilters.<>c__DisplayClass46.<InvokeActionMethodFilterAsynchronouslyRecursive>b__3f()
   at System.Web.Mvc.Async.AsyncControllerActionInvoker.<>c__DisplayClass33.<BeginInvokeActionMethodWithFilters>b__32(IAsyncResult asyncResult)
   at System.Web.Mvc.Async.AsyncResultWrapper.WrappedAsyncResult`1.CallEndDelegate(IAsyncResult asyncResult)
   at System.Web.Mvc.Async.AsyncResultWrapper.WrappedAsyncResultBase`1.End()
   at System.Web.Mvc.Async.AsyncResultWrapper.End[TResult](IAsyncResult asyncResult, Object tag)
   at System.Web.Mvc.Async.AsyncControllerActionInvoker.EndInvokeActionMethodWithFilters(IAsyncResult asyncResult)
   at System.Web.Mvc.Async.AsyncControllerActionInvoker.<>c__DisplayClass21.<>c__DisplayClass2b.<BeginInvokeAction>b__1c()
   at System.Web.Mvc.Async.AsyncControllerActionInvoker.<>c__DisplayClass21.<BeginInvokeAction>b__1e(IAsyncResult asyncResult)
2020-12-31 13:05:29,128 => ERROR NA.PMS.Common.Logger.LogService.LogError():97 - Global Exception
System.ArgumentException: The parameters dictionary contains a null entry for parameter 'schemeId' of non-nullable type 'System.Int32' for method 'System.Web.Mvc.JsonResult GetFloorAreaList(Int32, Int32)' in 'NA.PMS.Web.Areas.Online.Controllers.ApplicationController'. An optional parameter must be a reference type, a nullable type, or be declared as an optional parameter.
Parameter name: parameters
   at System.Web.Mvc.ActionDescriptor.ExtractParameterFromDictionary(ParameterInfo parameterInfo, IDictionary`2 parameters, MethodInfo methodInfo)
   at System.Web.Mvc.ReflectedActionDescriptor.Execute(ControllerContext controllerContext, IDictionary`2 parameters)
   at System.Web.Mvc.ControllerActionInvoker.InvokeActionMethod(ControllerContext controllerContext, ActionDescriptor actionDescriptor, IDictionary`2 parameters)
   at System.Web.Mvc.Async.AsyncControllerActionInvoker.ActionInvocation.InvokeSynchronousActionMethod()
   at System.Web.Mvc.Async.AsyncControllerActionInvoker.<BeginInvokeSynchronousActionMethod>b__39(IAsyncResult asyncResult, ActionInvocation innerInvokeState)
   at System.Web.Mvc.Async.AsyncResultWrapper.WrappedAsyncResult`2.CallEndDelegate(IAsyncResult asyncResult)
   at System.Web.Mvc.Async.AsyncResultWrapper.WrappedAsyncResultBase`1.End()
   at System.Web.Mvc.Async.AsyncResultWrapper.End[TResult](IAsyncResult asyncResult, Object tag)
   at System.Web.Mvc.Async.AsyncControllerActionInvoker.EndInvokeActionMethod(IAsyncResult asyncResult)
   at System.Web.Mvc.Async.AsyncControllerActionInvoker.AsyncInvocationWithFilters.<InvokeActionMethodFilterAsynchronouslyRecursive>b__3d()
   at System.Web.Mvc.Async.AsyncControllerActionInvoker.AsyncInvocationWithFilters.<>c__DisplayClass46.<InvokeActionMethodFilterAsynchronouslyRecursive>b__3f()
   at System.Web.Mvc.Async.AsyncControllerActionInvoker.AsyncInvocationWithFilters.<>c__DisplayClass46.<InvokeActionMethodFilterAsynchronouslyRecursive>b__3f()
   at System.Web.Mvc.Async.AsyncControllerActionInvoker.<>c__DisplayClass33.<BeginInvokeActionMethodWithFilters>b__32(IAsyncResult asyncResult)
   at System.Web.Mvc.Async.AsyncResultWrapper.WrappedAsyncResult`1.CallEndDelegate(IAsyncResult asyncResult)
   at System.Web.Mvc.Async.AsyncResultWrapper.WrappedAsyncResultBase`1.End()
   at System.Web.Mvc.Async.AsyncResultWrapper.End[TResult](IAsyncResult asyncResult, Object tag)
   at System.Web.Mvc.Async.AsyncControllerActionInvoker.EndInvokeActionMethodWithFilters(IAsyncResult asyncResult)
   at System.Web.Mvc.Async.AsyncControllerActionInvoker.<>c__DisplayClass21.<>c__DisplayClass2b.<BeginInvokeAction>b__1c()
   at System.Web.Mvc.Async.AsyncControllerActionInvoker.<>c__DisplayClass21.<BeginInvokeAction>b__1e(IAsyncResult asyncResult)
   at System.Web.Mvc.Async.AsyncResultWrapper.WrappedAsyncResult`1.CallEndDelegate(IAsyncResult asyncResult)
   at System.Web.Mvc.Async.AsyncResultWrapper.WrappedAsyncResultBase`1.End()
   at System.Web.Mvc.Async.AsyncResultWrapper.End[TResult](IAsyncResult asyncResult, Object tag)
   at System.Web.Mvc.Async.AsyncControllerActionInvoker.EndInvokeAction(IAsyncResult asyncResult)
   at System.Web.Mvc.Controller.<BeginExecuteCore>b__1d(IAsyncResult asyncResult, ExecuteCoreState innerState)
   at System.Web.Mvc.Async.AsyncResultWrapper.WrappedAsyncVoid`1.CallEndDelegate(IAsyncResult asyncResult)
   at System.Web.Mvc.Async.AsyncResultWrapper.WrappedAsyncResultBase`1.End()
   at System.Web.Mvc.Async.AsyncResultWrapper.End[TResult](IAsyncResult asyncResult, Object tag)
   at System.Web.Mvc.Async.AsyncResultWrapper.End(IAsyncResult asyncResult, Object tag)
   at System.Web.Mvc.Controller.EndExecuteCore(IAsyncResult asyncResult)
   at System.Web.Mvc.Controller.<BeginExecute>b__15(IAsyncResult asyncResult, Controller controller)
   at System.Web.Mvc.Async.AsyncResultWrapper.WrappedAsyncVoid`1.CallEndDelegate(IAsyncResult asyncResult)
   at System.Web.Mvc.Async.AsyncResultWrapper.WrappedAsyncResultBase`1.End()
   at System.Web.Mvc.Async.AsyncResultWrapper.End[TResult](IAsyncResult asyncResult, Object tag)
   at System.Web.Mvc.Async.AsyncResultWrapper.End(IAsyncResult asyncResult, Object tag)
   at System.Web.Mvc.Controller.EndExecute(IAsyncResult asyncResult)
   at System.Web.Mvc.Controller.System.Web.Mvc.Async.IAsyncController.EndExecute(IAsyncResult asyncResult)
   at System.Web.Mvc.MvcHandler.<BeginProcessRequest>b__5(IAsyncResult asyncResult, ProcessRequestState innerState)
   at System.Web.Mvc.Async.AsyncResultWrapper.WrappedAsyncVoid`1.CallEndDelegate(IAsyncResult asyncResult)
   at System.Web.Mvc.Async.AsyncResultWrapper.WrappedAsyncResultBase`1.End()
   at System.Web.Mvc.Async.AsyncResultWrapper.End[TResult](IAsyncResult asyncResult, Object tag)
   at System.Web.Mvc.Async.AsyncResultWrapper.End(IAsyncResult asyncResult, Object tag)
   at System.Web.Mvc.MvcHandler.EndProcessRequest(IAsyncResult asyncResult)
   at System.Web.Mvc.MvcHandler.System.Web.IHttpAsyncHandler.EndProcessRequest(IAsyncResult result)
   at System.Web.HttpApplication.CallHandlerExecutionStep.System.Web.HttpApplication.IExecutionStep.Execute()
   at System.Web.HttpApplication.ExecuteStepImpl(IExecutionStep step)
   at System.Web.HttpApplication.ExecuteStep(IExecutionStep step, Boolean& completedSynchronously)
2020-12-31 13:05:29,472 => INFO  NA.PMS.Common.Logger.LogService.LogInformation():24 - Executing Action: GetSectorList on Controller: Application For User : .
2020-12-31 13:05:29,531 => INFO  NA.PMS.Common.Logger.LogService.LogInformation():24 - Executed Action: GetSectorList on Controller: Application For User : .
2020-12-31 13:05:29,954 => INFO  NA.PMS.Common.Logger.LogService.LogInformation():24 - Executing Action: GetDirectorTypeList on Controller: Application For User : .
2020-12-31 13:05:30,008 => INFO  NA.PMS.Common.Logger.LogService.LogInformation():24 - Executed Action: GetDirectorTypeList on Controller: Application For User : .
2020-12-31 13:05:30,454 => INFO  NA.PMS.Common.Logger.LogService.LogInformation():24 - Executing Action: GetApplicantTypeList on Controller: Application For User : .
2020-12-31 13:05:30,502 => INFO  NA.PMS.Common.Logger.LogService.LogInformation():24 - Executed Action: GetApplicantTypeList on Controller: Application For User : .
2020-12-31 13:05:30,541 => INFO  NA.PMS.Common.Logger.LogService.LogInformation():24 - Executing Action: GetCompanyTypeList on Controller: Application For User : .
2020-12-31 13:05:30,602 => INFO  NA.PMS.Common.Logger.LogService.LogInformation():24 - Executed Action: GetCompanyTypeList on Controller: Application For User : .
2020-12-31 13:10:53,124 => INFO  NA.PMS.Common.Logger.LogService.LogInformation():24 - Executing Action: GetFormSubTypeList on Controller: Application For User : .
2020-12-31 13:10:53,174 => INFO  NA.PMS.Common.Logger.LogService.LogInformation():24 - Executed Action: GetFormSubTypeList on Controller: Application For User : .
2020-12-31 13:10:53,323 => INFO  NA.PMS.Common.Logger.LogService.LogInformation():24 - Executing Action: GetFormSubTypeList on Controller: Application For User : .
2020-12-31 13:10:53,387 => INFO  NA.PMS.Common.Logger.LogService.LogInformation():24 - Executed Action: GetFormSubTypeList on Controller: Application For User : .
2020-12-31 17:32:02,409 => INFO  NA.PMS.Common.Logger.LogService.LogInformation():24 - Executing Action: Login on Controller: Account For User : .
2020-12-31 17:32:02,784 => INFO  NA.PMS.Common.Logger.LogService.LogInformation():24 - Executed Action: Login on Controller: Account For User : .
2020-12-31 17:32:51,199 => INFO  NA.PMS.Common.Logger.LogService.LogInformation():24 - Executing Action: GetFormTypeList on Controller: Application For User : .
2020-12-31 17:32:54,194 => INFO  NA.PMS.Common.Logger.LogService.LogInformation():24 - Executed Action: GetFormTypeList on Controller: Application For User : .
2020-12-31 17:32:54,272 => INFO  NA.PMS.Common.Logger.LogService.LogInformation():24 - Executing Action: GetApplicantTypeList on Controller: Application For User : .
2020-12-31 17:32:54,322 => INFO  NA.PMS.Common.Logger.LogService.LogInformation():24 - Executed Action: GetApplicantTypeList on Controller: Application For User : .
2020-12-31 17:32:54,380 => INFO  NA.PMS.Common.Logger.LogService.LogInformation():24 - Executing Action: GetCompanyTypeList on Controller: Application For User : .
2020-12-31 17:32:54,465 => INFO  NA.PMS.Common.Logger.LogService.LogInformation():24 - Executed Action: GetCompanyTypeList on Controller: Application For User : .
2020-12-31 17:32:54,797 => INFO  NA.PMS.Common.Logger.LogService.LogInformation():24 - Executing Action: GetFloorAreaList on Controller: Application For User : .
2020-12-31 17:32:54,852 => INFO  NA.PMS.Common.Logger.LogService.LogInformation():24 - Executed Action: GetFloorAreaList on Controller: Application For User : .
2020-12-31 17:32:54,963 => ERROR NA.PMS.Common.Logger.LogService.LogError():97 - Controller Exception
System.ArgumentException: The parameters dictionary contains a null entry for parameter 'schemeId' of non-nullable type 'System.Int32' for method 'System.Web.Mvc.JsonResult GetFloorAreaList(Int32, Int32)' in 'NA.PMS.Web.Areas.Online.Controllers.ApplicationController'. An optional parameter must be a reference type, a nullable type, or be declared as an optional parameter.
Parameter name: parameters
   at System.Web.Mvc.ActionDescriptor.ExtractParameterFromDictionary(ParameterInfo parameterInfo, IDictionary`2 parameters, MethodInfo methodInfo)
   at System.Web.Mvc.ReflectedActionDescriptor.Execute(ControllerContext controllerContext, IDictionary`2 parameters)
   at System.Web.Mvc.ControllerActionInvoker.InvokeActionMethod(ControllerContext controllerContext, ActionDescriptor actionDescriptor, IDictionary`2 parameters)
   at System.Web.Mvc.Async.AsyncControllerActionInvoker.ActionInvocation.InvokeSynchronousActionMethod()
   at System.Web.Mvc.Async.AsyncControllerActionInvoker.<BeginInvokeSynchronousActionMethod>b__39(IAsyncResult asyncResult, ActionInvocation innerInvokeState)
   at System.Web.Mvc.Async.AsyncResultWrapper.WrappedAsyncResult`2.CallEndDelegate(IAsyncResult asyncResult)
   at System.Web.Mvc.Async.AsyncResultWrapper.WrappedAsyncResultBase`1.End()
   at System.Web.Mvc.Async.AsyncResultWrapper.End[TResult](IAsyncResult asyncResult, Object tag)
   at System.Web.Mvc.Async.AsyncControllerActionInvoker.EndInvokeActionMethod(IAsyncResult asyncResult)
   at System.Web.Mvc.Async.AsyncControllerActionInvoker.AsyncInvocationWithFilters.<InvokeActionMethodFilterAsynchronouslyRecursive>b__3d()
   at System.Web.Mvc.Async.AsyncControllerActionInvoker.AsyncInvocationWithFilters.<>c__DisplayClass46.<InvokeActionMethodFilterAsynchronouslyRecursive>b__3f()
   at System.Web.Mvc.Async.AsyncControllerActionInvoker.AsyncInvocationWithFilters.<>c__DisplayClass46.<InvokeActionMethodFilterAsynchronouslyRecursive>b__3f()
   at System.Web.Mvc.Async.AsyncControllerActionInvoker.<>c__DisplayClass33.<BeginInvokeActionMethodWithFilters>b__32(IAsyncResult asyncResult)
   at System.Web.Mvc.Async.AsyncResultWrapper.WrappedAsyncResult`1.CallEndDelegate(IAsyncResult asyncResult)
   at System.Web.Mvc.Async.AsyncResultWrapper.WrappedAsyncResultBase`1.End()
   at System.Web.Mvc.Async.AsyncResultWrapper.End[TResult](IAsyncResult asyncResult, Object tag)
   at System.Web.Mvc.Async.AsyncControllerActionInvoker.EndInvokeActionMethodWithFilters(IAsyncResult asyncResult)
   at System.Web.Mvc.Async.AsyncControllerActionInvoker.<>c__DisplayClass21.<>c__DisplayClass2b.<BeginInvokeAction>b__1c()
   at System.Web.Mvc.Async.AsyncControllerActionInvoker.<>c__DisplayClass21.<BeginInvokeAction>b__1e(IAsyncResult asyncResult)
2020-12-31 17:32:55,029 => ERROR NA.PMS.Common.Logger.LogService.LogError():97 - Global Exception
System.ArgumentException: The parameters dictionary contains a null entry for parameter 'schemeId' of non-nullable type 'System.Int32' for method 'System.Web.Mvc.JsonResult GetFloorAreaList(Int32, Int32)' in 'NA.PMS.Web.Areas.Online.Controllers.ApplicationController'. An optional parameter must be a reference type, a nullable type, or be declared as an optional parameter.
Parameter name: parameters
   at System.Web.Mvc.ActionDescriptor.ExtractParameterFromDictionary(ParameterInfo parameterInfo, IDictionary`2 parameters, MethodInfo methodInfo)
   at System.Web.Mvc.ReflectedActionDescriptor.Execute(ControllerContext controllerContext, IDictionary`2 parameters)
   at System.Web.Mvc.ControllerActionInvoker.InvokeActionMethod(ControllerContext controllerContext, ActionDescriptor actionDescriptor, IDictionary`2 parameters)
   at System.Web.Mvc.Async.AsyncControllerActionInvoker.ActionInvocation.InvokeSynchronousActionMethod()
   at System.Web.Mvc.Async.AsyncControllerActionInvoker.<BeginInvokeSynchronousActionMethod>b__39(IAsyncResult asyncResult, ActionInvocation innerInvokeState)
   at System.Web.Mvc.Async.AsyncResultWrapper.WrappedAsyncResult`2.CallEndDelegate(IAsyncResult asyncResult)
   at System.Web.Mvc.Async.AsyncResultWrapper.WrappedAsyncResultBase`1.End()
   at System.Web.Mvc.Async.AsyncResultWrapper.End[TResult](IAsyncResult asyncResult, Object tag)
   at System.Web.Mvc.Async.AsyncControllerActionInvoker.EndInvokeActionMethod(IAsyncResult asyncResult)
   at System.Web.Mvc.Async.AsyncControllerActionInvoker.AsyncInvocationWithFilters.<InvokeActionMethodFilterAsynchronouslyRecursive>b__3d()
   at System.Web.Mvc.Async.AsyncControllerActionInvoker.AsyncInvocationWithFilters.<>c__DisplayClass46.<InvokeActionMethodFilterAsynchronouslyRecursive>b__3f()
   at System.Web.Mvc.Async.AsyncControllerActionInvoker.AsyncInvocationWithFilters.<>c__DisplayClass46.<InvokeActionMethodFilterAsynchronouslyRecursive>b__3f()
   at System.Web.Mvc.Async.AsyncControllerActionInvoker.<>c__DisplayClass33.<BeginInvokeActionMethodWithFilters>b__32(IAsyncResult asyncResult)
   at System.Web.Mvc.Async.AsyncResultWrapper.WrappedAsyncResult`1.CallEndDelegate(IAsyncResult asyncResult)
   at System.Web.Mvc.Async.AsyncResultWrapper.WrappedAsyncResultBase`1.End()
   at System.Web.Mvc.Async.AsyncResultWrapper.End[TResult](IAsyncResult asyncResult, Object tag)
   at System.Web.Mvc.Async.AsyncControllerActionInvoker.EndInvokeActionMethodWithFilters(IAsyncResult asyncResult)
   at System.Web.Mvc.Async.AsyncControllerActionInvoker.<>c__DisplayClass21.<>c__DisplayClass2b.<BeginInvokeAction>b__1c()
   at System.Web.Mvc.Async.AsyncControllerActionInvoker.<>c__DisplayClass21.<BeginInvokeAction>b__1e(IAsyncResult asyncResult)
   at System.Web.Mvc.Async.AsyncResultWrapper.WrappedAsyncResult`1.CallEndDelegate(IAsyncResult asyncResult)
   at System.Web.Mvc.Async.AsyncResultWrapper.WrappedAsyncResultBase`1.End()
   at System.Web.Mvc.Async.AsyncResultWrapper.End[TResult](IAsyncResult asyncResult, Object tag)
   at System.Web.Mvc.Async.AsyncControllerActionInvoker.EndInvokeAction(IAsyncResult asyncResult)
   at System.Web.Mvc.Controller.<BeginExecuteCore>b__1d(IAsyncResult asyncResult, ExecuteCoreState innerState)
   at System.Web.Mvc.Async.AsyncResultWrapper.WrappedAsyncVoid`1.CallEndDelegate(IAsyncResult asyncResult)
   at System.Web.Mvc.Async.AsyncResultWrapper.WrappedAsyncResultBase`1.End()
   at System.Web.Mvc.Async.AsyncResultWrapper.End[TResult](IAsyncResult asyncResult, Object tag)
   at System.Web.Mvc.Async.AsyncResultWrapper.End(IAsyncResult asyncResult, Object tag)
   at System.Web.Mvc.Controller.EndExecuteCore(IAsyncResult asyncResult)
   at System.Web.Mvc.Controller.<BeginExecute>b__15(IAsyncResult asyncResult, Controller controller)
   at System.Web.Mvc.Async.AsyncResultWrapper.WrappedAsyncVoid`1.CallEndDelegate(IAsyncResult asyncResult)
   at System.Web.Mvc.Async.AsyncResultWrapper.WrappedAsyncResultBase`1.End()
   at System.Web.Mvc.Async.AsyncResultWrapper.End[TResult](IAsyncResult asyncResult, Object tag)
   at System.Web.Mvc.Async.AsyncResultWrapper.End(IAsyncResult asyncResult, Object tag)
   at System.Web.Mvc.Controller.EndExecute(IAsyncResult asyncResult)
   at System.Web.Mvc.Controller.System.Web.Mvc.Async.IAsyncController.EndExecute(IAsyncResult asyncResult)
   at System.Web.Mvc.MvcHandler.<BeginProcessRequest>b__5(IAsyncResult asyncResult, ProcessRequestState innerState)
   at System.Web.Mvc.Async.AsyncResultWrapper.WrappedAsyncVoid`1.CallEndDelegate(IAsyncResult asyncResult)
   at System.Web.Mvc.Async.AsyncResultWrapper.WrappedAsyncResultBase`1.End()
   at System.Web.Mvc.Async.AsyncResultWrapper.End[TResult](IAsyncResult asyncResult, Object tag)
   at System.Web.Mvc.Async.AsyncResultWrapper.End(IAsyncResult asyncResult, Object tag)
   at System.Web.Mvc.MvcHandler.EndProcessRequest(IAsyncResult asyncResult)
   at System.Web.Mvc.MvcHandler.System.Web.IHttpAsyncHandler.EndProcessRequest(IAsyncResult result)
   at System.Web.HttpApplication.CallHandlerExecutionStep.System.Web.HttpApplication.IExecutionStep.Execute()
   at System.Web.HttpApplication.ExecuteStepImpl(IExecutionStep step)
   at System.Web.HttpApplication.ExecuteStep(IExecutionStep step, Boolean& completedSynchronously)
2020-12-31 17:32:55,358 => INFO  NA.PMS.Common.Logger.LogService.LogInformation():24 - Executing Action: GetDirectorTypeList on Controller: Application For User : .
2020-12-31 17:32:55,438 => INFO  NA.PMS.Common.Logger.LogService.LogInformation():24 - Executed Action: GetDirectorTypeList on Controller: Application For User : .
2020-12-31 17:32:55,887 => INFO  NA.PMS.Common.Logger.LogService.LogInformation():24 - Executing Action: GetSectorList on Controller: Application For User : .
2020-12-31 17:32:55,935 => INFO  NA.PMS.Common.Logger.LogService.LogInformation():24 - Executed Action: GetSectorList on Controller: Application For User : .
2020-12-31 17:33:00,790 => INFO  NA.PMS.Common.Logger.LogService.LogInformation():24 - Executing Action: GetFormSubTypeList on Controller: Application For User : .
2020-12-31 17:33:00,845 => INFO  NA.PMS.Common.Logger.LogService.LogInformation():24 - Executed Action: GetFormSubTypeList on Controller: Application For User : .
2020-12-31 17:33:00,870 => INFO  NA.PMS.Common.Logger.LogService.LogInformation():24 - Executing Action: GetFormSubTypeList on Controller: Application For User : .
2020-12-31 17:33:00,910 => INFO  NA.PMS.Common.Logger.LogService.LogInformation():24 - Executed Action: GetFormSubTypeList on Controller: Application For User : .
2020-12-31 17:33:03,017 => INFO  NA.PMS.Common.Logger.LogService.LogInformation():24 - Executing Action: GetFormSubTypeList on Controller: Application For User : .
2020-12-31 17:33:03,333 => INFO  NA.PMS.Common.Logger.LogService.LogInformation():24 - Executed Action: GetFormSubTypeList on Controller: Application For User : .
2020-12-31 17:33:03,365 => INFO  NA.PMS.Common.Logger.LogService.LogInformation():24 - Executing Action: GetFormSubTypeList on Controller: Application For User : .
2020-12-31 17:33:03,408 => INFO  NA.PMS.Common.Logger.LogService.LogInformation():24 - Executed Action: GetFormSubTypeList on Controller: Application For User : .
2020-12-31 17:33:09,469 => INFO  NA.PMS.Common.Logger.LogService.LogInformation():24 - Executing Action: GetFormSubTypeList on Controller: Application For User : .
2020-12-31 17:33:09,526 => INFO  NA.PMS.Common.Logger.LogService.LogInformation():24 - Executed Action: GetFormSubTypeList on Controller: Application For User : .
2020-12-31 17:33:09,568 => INFO  NA.PMS.Common.Logger.LogService.LogInformation():24 - Executing Action: GetFormSubTypeList on Controller: Application For User : .
2020-12-31 17:33:09,626 => INFO  NA.PMS.Common.Logger.LogService.LogInformation():24 - Executed Action: GetFormSubTypeList on Controller: Application For User : .
2020-12-31 17:33:16,670 => INFO  NA.PMS.Common.Logger.LogService.LogInformation():24 - Executing Action: GetFloorAreaList on Controller: Application For User : .
2020-12-31 17:33:16,710 => INFO  NA.PMS.Common.Logger.LogService.LogInformation():24 - Executed Action: GetFloorAreaList on Controller: Application For User : .
2020-12-31 17:33:16,807 => ERROR NA.PMS.Common.Logger.LogService.LogError():97 - Controller Exception
System.ArgumentException: The parameters dictionary contains a null entry for parameter 'schemeId' of non-nullable type 'System.Int32' for method 'System.Web.Mvc.JsonResult GetFloorAreaList(Int32, Int32)' in 'NA.PMS.Web.Areas.Online.Controllers.ApplicationController'. An optional parameter must be a reference type, a nullable type, or be declared as an optional parameter.
Parameter name: parameters
   at System.Web.Mvc.ActionDescriptor.ExtractParameterFromDictionary(ParameterInfo parameterInfo, IDictionary`2 parameters, MethodInfo methodInfo)
   at System.Web.Mvc.ReflectedActionDescriptor.Execute(ControllerContext controllerContext, IDictionary`2 parameters)
   at System.Web.Mvc.ControllerActionInvoker.InvokeActionMethod(ControllerContext controllerContext, ActionDescriptor actionDescriptor, IDictionary`2 parameters)
   at System.Web.Mvc.Async.AsyncControllerActionInvoker.ActionInvocation.InvokeSynchronousActionMethod()
   at System.Web.Mvc.Async.AsyncControllerActionInvoker.<BeginInvokeSynchronousActionMethod>b__39(IAsyncResult asyncResult, ActionInvocation innerInvokeState)
   at System.Web.Mvc.Async.AsyncResultWrapper.WrappedAsyncResult`2.CallEndDelegate(IAsyncResult asyncResult)
   at System.Web.Mvc.Async.AsyncResultWrapper.WrappedAsyncResultBase`1.End()
   at System.Web.Mvc.Async.AsyncResultWrapper.End[TResult](IAsyncResult asyncResult, Object tag)
   at System.Web.Mvc.Async.AsyncControllerActionInvoker.EndInvokeActionMethod(IAsyncResult asyncResult)
   at System.Web.Mvc.Async.AsyncControllerActionInvoker.AsyncInvocationWithFilters.<InvokeActionMethodFilterAsynchronouslyRecursive>b__3d()
   at System.Web.Mvc.Async.AsyncControllerActionInvoker.AsyncInvocationWithFilters.<>c__DisplayClass46.<InvokeActionMethodFilterAsynchronouslyRecursive>b__3f()
   at System.Web.Mvc.Async.AsyncControllerActionInvoker.AsyncInvocationWithFilters.<>c__DisplayClass46.<InvokeActionMethodFilterAsynchronouslyRecursive>b__3f()
   at System.Web.Mvc.Async.AsyncControllerActionInvoker.<>c__DisplayClass33.<BeginInvokeActionMethodWithFilters>b__32(IAsyncResult asyncResult)
   at System.Web.Mvc.Async.AsyncResultWrapper.WrappedAsyncResult`1.CallEndDelegate(IAsyncResult asyncResult)
   at System.Web.Mvc.Async.AsyncResultWrapper.WrappedAsyncResultBase`1.End()
   at System.Web.Mvc.Async.AsyncResultWrapper.End[TResult](IAsyncResult asyncResult, Object tag)
   at System.Web.Mvc.Async.AsyncControllerActionInvoker.EndInvokeActionMethodWithFilters(IAsyncResult asyncResult)
   at System.Web.Mvc.Async.AsyncControllerActionInvoker.<>c__DisplayClass21.<>c__DisplayClass2b.<BeginInvokeAction>b__1c()
   at System.Web.Mvc.Async.AsyncControllerActionInvoker.<>c__DisplayClass21.<BeginInvokeAction>b__1e(IAsyncResult asyncResult)
2020-12-31 17:33:16,854 => ERROR NA.PMS.Common.Logger.LogService.LogError():97 - Global Exception
System.ArgumentException: The parameters dictionary contains a null entry for parameter 'schemeId' of non-nullable type 'System.Int32' for method 'System.Web.Mvc.JsonResult GetFloorAreaList(Int32, Int32)' in 'NA.PMS.Web.Areas.Online.Controllers.ApplicationController'. An optional parameter must be a reference type, a nullable type, or be declared as an optional parameter.
Parameter name: parameters
   at System.Web.Mvc.ActionDescriptor.ExtractParameterFromDictionary(ParameterInfo parameterInfo, IDictionary`2 parameters, MethodInfo methodInfo)
   at System.Web.Mvc.ReflectedActionDescriptor.Execute(ControllerContext controllerContext, IDictionary`2 parameters)
   at System.Web.Mvc.ControllerActionInvoker.InvokeActionMethod(ControllerContext controllerContext, ActionDescriptor actionDescriptor, IDictionary`2 parameters)
   at System.Web.Mvc.Async.AsyncControllerActionInvoker.ActionInvocation.InvokeSynchronousActionMethod()
   at System.Web.Mvc.Async.AsyncControllerActionInvoker.<BeginInvokeSynchronousActionMethod>b__39(IAsyncResult asyncResult, ActionInvocation innerInvokeState)
   at System.Web.Mvc.Async.AsyncResultWrapper.WrappedAsyncResult`2.CallEndDelegate(IAsyncResult asyncResult)
   at System.Web.Mvc.Async.AsyncResultWrapper.WrappedAsyncResultBase`1.End()
   at System.Web.Mvc.Async.AsyncResultWrapper.End[TResult](IAsyncResult asyncResult, Object tag)
   at System.Web.Mvc.Async.AsyncControllerActionInvoker.EndInvokeActionMethod(IAsyncResult asyncResult)
   at System.Web.Mvc.Async.AsyncControllerActionInvoker.AsyncInvocationWithFilters.<InvokeActionMethodFilterAsynchronouslyRecursive>b__3d()
   at System.Web.Mvc.Async.AsyncControllerActionInvoker.AsyncInvocationWithFilters.<>c__DisplayClass46.<InvokeActionMethodFilterAsynchronouslyRecursive>b__3f()
   at System.Web.Mvc.Async.AsyncControllerActionInvoker.AsyncInvocationWithFilters.<>c__DisplayClass46.<InvokeActionMethodFilterAsynchronouslyRecursive>b__3f()
   at System.Web.Mvc.Async.AsyncControllerActionInvoker.<>c__DisplayClass33.<BeginInvokeActionMethodWithFilters>b__32(IAsyncResult asyncResult)
   at System.Web.Mvc.Async.AsyncResultWrapper.WrappedAsyncResult`1.CallEndDelegate(IAsyncResult asyncResult)
   at System.Web.Mvc.Async.AsyncResultWrapper.WrappedAsyncResultBase`1.End()
   at System.Web.Mvc.Async.AsyncResultWrapper.End[TResult](IAsyncResult asyncResult, Object tag)
   at System.Web.Mvc.Async.AsyncControllerActionInvoker.EndInvokeActionMethodWithFilters(IAsyncResult asyncResult)
   at System.Web.Mvc.Async.AsyncControllerActionInvoker.<>c__DisplayClass21.<>c__DisplayClass2b.<BeginInvokeAction>b__1c()
   at System.Web.Mvc.Async.AsyncControllerActionInvoker.<>c__DisplayClass21.<BeginInvokeAction>b__1e(IAsyncResult asyncResult)
   at System.Web.Mvc.Async.AsyncResultWrapper.WrappedAsyncResult`1.CallEndDelegate(IAsyncResult asyncResult)
   at System.Web.Mvc.Async.AsyncResultWrapper.WrappedAsyncResultBase`1.End()
   at System.Web.Mvc.Async.AsyncResultWrapper.End[TResult](IAsyncResult asyncResult, Object tag)
   at System.Web.Mvc.Async.AsyncControllerActionInvoker.EndInvokeAction(IAsyncResult asyncResult)
   at System.Web.Mvc.Controller.<BeginExecuteCore>b__1d(IAsyncResult asyncResult, ExecuteCoreState innerState)
   at System.Web.Mvc.Async.AsyncResultWrapper.WrappedAsyncVoid`1.CallEndDelegate(IAsyncResult asyncResult)
   at System.Web.Mvc.Async.AsyncResultWrapper.WrappedAsyncResultBase`1.End()
   at System.Web.Mvc.Async.AsyncResultWrapper.End[TResult](IAsyncResult asyncResult, Object tag)
   at System.Web.Mvc.Async.AsyncResultWrapper.End(IAsyncResult asyncResult, Object tag)
   at System.Web.Mvc.Controller.EndExecuteCore(IAsyncResult asyncResult)
   at System.Web.Mvc.Controller.<BeginExecute>b__15(IAsyncResult asyncResult, Controller controller)
   at System.Web.Mvc.Async.AsyncResultWrapper.WrappedAsyncVoid`1.CallEndDelegate(IAsyncResult asyncResult)
   at System.Web.Mvc.Async.AsyncResultWrapper.WrappedAsyncResultBase`1.End()
   at System.Web.Mvc.Async.AsyncResultWrapper.End[TResult](IAsyncResult asyncResult, Object tag)
   at System.Web.Mvc.Async.AsyncResultWrapper.End(IAsyncResult asyncResult, Object tag)
   at System.Web.Mvc.Controller.EndExecute(IAsyncResult asyncResult)
   at System.Web.Mvc.Controller.System.Web.Mvc.Async.IAsyncController.EndExecute(IAsyncResult asyncResult)
   at System.Web.Mvc.MvcHandler.<BeginProcessRequest>b__5(IAsyncResult asyncResult, ProcessRequestState innerState)
   at System.Web.Mvc.Async.AsyncResultWrapper.WrappedAsyncVoid`1.CallEndDelegate(IAsyncResult asyncResult)
   at System.Web.Mvc.Async.AsyncResultWrapper.WrappedAsyncResultBase`1.End()
   at System.Web.Mvc.Async.AsyncResultWrapper.End[TResult](IAsyncResult asyncResult, Object tag)
   at System.Web.Mvc.Async.AsyncResultWrapper.End(IAsyncResult asyncResult, Object tag)
   at System.Web.Mvc.MvcHandler.EndProcessRequest(IAsyncResult asyncResult)
   at System.Web.Mvc.MvcHandler.System.Web.IHttpAsyncHandler.EndProcessRequest(IAsyncResult result)
   at System.Web.HttpApplication.CallHandlerExecutionStep.System.Web.HttpApplication.IExecutionStep.Execute()
   at System.Web.HttpApplication.ExecuteStepImpl(IExecutionStep step)
   at System.Web.HttpApplication.ExecuteStep(IExecutionStep step, Boolean& completedSynchronously)
2020-12-31 17:37:54,633 => INFO  NA.PMS.Common.Logger.LogService.LogInformation():24 - Executing Action: GetFormTypeList on Controller: Application For User : .
2020-12-31 17:37:54,674 => INFO  NA.PMS.Common.Logger.LogService.LogInformation():24 - Executed Action: GetFormTypeList on Controller: Application For User : .
2020-12-31 17:37:54,704 => INFO  NA.PMS.Common.Logger.LogService.LogInformation():24 - Executing Action: GetApplicantTypeList on Controller: Application For User : .
2020-12-31 17:37:54,782 => INFO  NA.PMS.Common.Logger.LogService.LogInformation():24 - Executed Action: GetApplicantTypeList on Controller: Application For User : .
2020-12-31 17:37:54,809 => INFO  NA.PMS.Common.Logger.LogService.LogInformation():24 - Executing Action: GetCompanyTypeList on Controller: Application For User : .
2020-12-31 17:37:54,904 => INFO  NA.PMS.Common.Logger.LogService.LogInformation():24 - Executed Action: GetCompanyTypeList on Controller: Application For User : .
2020-12-31 17:37:55,185 => INFO  NA.PMS.Common.Logger.LogService.LogInformation():24 - Executing Action: GetSectorList on Controller: Application For User : .
2020-12-31 17:37:55,249 => INFO  NA.PMS.Common.Logger.LogService.LogInformation():24 - Executed Action: GetSectorList on Controller: Application For User : .
2020-12-31 17:37:55,686 => INFO  NA.PMS.Common.Logger.LogService.LogInformation():24 - Executing Action: GetDirectorTypeList on Controller: Application For User : .
2020-12-31 17:37:55,753 => INFO  NA.PMS.Common.Logger.LogService.LogInformation():24 - Executed Action: GetDirectorTypeList on Controller: Application For User : .
2020-12-31 17:37:56,235 => INFO  NA.PMS.Common.Logger.LogService.LogInformation():24 - Executing Action: GetFloorAreaList on Controller: Application For User : .
2020-12-31 17:37:56,292 => INFO  NA.PMS.Common.Logger.LogService.LogInformation():24 - Executed Action: GetFloorAreaList on Controller: Application For User : .
2020-12-31 17:37:56,348 => ERROR NA.PMS.Common.Logger.LogService.LogError():97 - Controller Exception
System.ArgumentException: The parameters dictionary contains a null entry for parameter 'schemeId' of non-nullable type 'System.Int32' for method 'System.Web.Mvc.JsonResult GetFloorAreaList(Int32, Int32)' in 'NA.PMS.Web.Areas.Online.Controllers.ApplicationController'. An optional parameter must be a reference type, a nullable type, or be declared as an optional parameter.
Parameter name: parameters
   at System.Web.Mvc.ActionDescriptor.ExtractParameterFromDictionary(ParameterInfo parameterInfo, IDictionary`2 parameters, MethodInfo methodInfo)
   at System.Web.Mvc.ReflectedActionDescriptor.Execute(ControllerContext controllerContext, IDictionary`2 parameters)
   at System.Web.Mvc.ControllerActionInvoker.InvokeActionMethod(ControllerContext controllerContext, ActionDescriptor actionDescriptor, IDictionary`2 parameters)
   at System.Web.Mvc.Async.AsyncControllerActionInvoker.ActionInvocation.InvokeSynchronousActionMethod()
   at System.Web.Mvc.Async.AsyncControllerActionInvoker.<BeginInvokeSynchronousActionMethod>b__39(IAsyncResult asyncResult, ActionInvocation innerInvokeState)
   at System.Web.Mvc.Async.AsyncResultWrapper.WrappedAsyncResult`2.CallEndDelegate(IAsyncResult asyncResult)
   at System.Web.Mvc.Async.AsyncResultWrapper.WrappedAsyncResultBase`1.End()
   at System.Web.Mvc.Async.AsyncResultWrapper.End[TResult](IAsyncResult asyncResult, Object tag)
   at System.Web.Mvc.Async.AsyncControllerActionInvoker.EndInvokeActionMethod(IAsyncResult asyncResult)
   at System.Web.Mvc.Async.AsyncControllerActionInvoker.AsyncInvocationWithFilters.<InvokeActionMethodFilterAsynchronouslyRecursive>b__3d()
   at System.Web.Mvc.Async.AsyncControllerActionInvoker.AsyncInvocationWithFilters.<>c__DisplayClass46.<InvokeActionMethodFilterAsynchronouslyRecursive>b__3f()
   at System.Web.Mvc.Async.AsyncControllerActionInvoker.AsyncInvocationWithFilters.<>c__DisplayClass46.<InvokeActionMethodFilterAsynchronouslyRecursive>b__3f()
   at System.Web.Mvc.Async.AsyncControllerActionInvoker.<>c__DisplayClass33.<BeginInvokeActionMethodWithFilters>b__32(IAsyncResult asyncResult)
   at System.Web.Mvc.Async.AsyncResultWrapper.WrappedAsyncResult`1.CallEndDelegate(IAsyncResult asyncResult)
   at System.Web.Mvc.Async.AsyncResultWrapper.WrappedAsyncResultBase`1.End()
   at System.Web.Mvc.Async.AsyncResultWrapper.End[TResult](IAsyncResult asyncResult, Object tag)
   at System.Web.Mvc.Async.AsyncControllerActionInvoker.EndInvokeActionMethodWithFilters(IAsyncResult asyncResult)
   at System.Web.Mvc.Async.AsyncControllerActionInvoker.<>c__DisplayClass21.<>c__DisplayClass2b.<BeginInvokeAction>b__1c()
   at System.Web.Mvc.Async.AsyncControllerActionInvoker.<>c__DisplayClass21.<BeginInvokeAction>b__1e(IAsyncResult asyncResult)
2020-12-31 17:37:56,378 => ERROR NA.PMS.Common.Logger.LogService.LogError():97 - Global Exception
System.ArgumentException: The parameters dictionary contains a null entry for parameter 'schemeId' of non-nullable type 'System.Int32' for method 'System.Web.Mvc.JsonResult GetFloorAreaList(Int32, Int32)' in 'NA.PMS.Web.Areas.Online.Controllers.ApplicationController'. An optional parameter must be a reference type, a nullable type, or be declared as an optional parameter.
Parameter name: parameters
   at System.Web.Mvc.ActionDescriptor.ExtractParameterFromDictionary(ParameterInfo parameterInfo, IDictionary`2 parameters, MethodInfo methodInfo)
   at System.Web.Mvc.ReflectedActionDescriptor.Execute(ControllerContext controllerContext, IDictionary`2 parameters)
   at System.Web.Mvc.ControllerActionInvoker.InvokeActionMethod(ControllerContext controllerContext, ActionDescriptor actionDescriptor, IDictionary`2 parameters)
   at System.Web.Mvc.Async.AsyncControllerActionInvoker.ActionInvocation.InvokeSynchronousActionMethod()
   at System.Web.Mvc.Async.AsyncControllerActionInvoker.<BeginInvokeSynchronousActionMethod>b__39(IAsyncResult asyncResult, ActionInvocation innerInvokeState)
   at System.Web.Mvc.Async.AsyncResultWrapper.WrappedAsyncResult`2.CallEndDelegate(IAsyncResult asyncResult)
   at System.Web.Mvc.Async.AsyncResultWrapper.WrappedAsyncResultBase`1.End()
   at System.Web.Mvc.Async.AsyncResultWrapper.End[TResult](IAsyncResult asyncResult, Object tag)
   at System.Web.Mvc.Async.AsyncControllerActionInvoker.EndInvokeActionMethod(IAsyncResult asyncResult)
   at System.Web.Mvc.Async.AsyncControllerActionInvoker.AsyncInvocationWithFilters.<InvokeActionMethodFilterAsynchronouslyRecursive>b__3d()
   at System.Web.Mvc.Async.AsyncControllerActionInvoker.AsyncInvocationWithFilters.<>c__DisplayClass46.<InvokeActionMethodFilterAsynchronouslyRecursive>b__3f()
   at System.Web.Mvc.Async.AsyncControllerActionInvoker.AsyncInvocationWithFilters.<>c__DisplayClass46.<InvokeActionMethodFilterAsynchronouslyRecursive>b__3f()
   at System.Web.Mvc.Async.AsyncControllerActionInvoker.<>c__DisplayClass33.<BeginInvokeActionMethodWithFilters>b__32(IAsyncResult asyncResult)
   at System.Web.Mvc.Async.AsyncResultWrapper.WrappedAsyncResult`1.CallEndDelegate(IAsyncResult asyncResult)
   at System.Web.Mvc.Async.AsyncResultWrapper.WrappedAsyncResultBase`1.End()
   at System.Web.Mvc.Async.AsyncResultWrapper.End[TResult](IAsyncResult asyncResult, Object tag)
   at System.Web.Mvc.Async.AsyncControllerActionInvoker.EndInvokeActionMethodWithFilters(IAsyncResult asyncResult)
   at System.Web.Mvc.Async.AsyncControllerActionInvoker.<>c__DisplayClass21.<>c__DisplayClass2b.<BeginInvokeAction>b__1c()
   at System.Web.Mvc.Async.AsyncControllerActionInvoker.<>c__DisplayClass21.<BeginInvokeAction>b__1e(IAsyncResult asyncResult)
   at System.Web.Mvc.Async.AsyncResultWrapper.WrappedAsyncResult`1.CallEndDelegate(IAsyncResult asyncResult)
   at System.Web.Mvc.Async.AsyncResultWrapper.WrappedAsyncResultBase`1.End()
   at System.Web.Mvc.Async.AsyncResultWrapper.End[TResult](IAsyncResult asyncResult, Object tag)
   at System.Web.Mvc.Async.AsyncControllerActionInvoker.EndInvokeAction(IAsyncResult asyncResult)
   at System.Web.Mvc.Controller.<BeginExecuteCore>b__1d(IAsyncResult asyncResult, ExecuteCoreState innerState)
   at System.Web.Mvc.Async.AsyncResultWrapper.WrappedAsyncVoid`1.CallEndDelegate(IAsyncResult asyncResult)
   at System.Web.Mvc.Async.AsyncResultWrapper.WrappedAsyncResultBase`1.End()
   at System.Web.Mvc.Async.AsyncResultWrapper.End[TResult](IAsyncResult asyncResult, Object tag)
   at System.Web.Mvc.Async.AsyncResultWrapper.End(IAsyncResult asyncResult, Object tag)
   at System.Web.Mvc.Controller.EndExecuteCore(IAsyncResult asyncResult)
   at System.Web.Mvc.Controller.<BeginExecute>b__15(IAsyncResult asyncResult, Controller controller)
   at System.Web.Mvc.Async.AsyncResultWrapper.WrappedAsyncVoid`1.CallEndDelegate(IAsyncResult asyncResult)
   at System.Web.Mvc.Async.AsyncResultWrapper.WrappedAsyncResultBase`1.End()
   at System.Web.Mvc.Async.AsyncResultWrapper.End[TResult](IAsyncResult asyncResult, Object tag)
   at System.Web.Mvc.Async.AsyncResultWrapper.End(IAsyncResult asyncResult, Object tag)
   at System.Web.Mvc.Controller.EndExecute(IAsyncResult asyncResult)
   at System.Web.Mvc.Controller.System.Web.Mvc.Async.IAsyncController.EndExecute(IAsyncResult asyncResult)
   at System.Web.Mvc.MvcHandler.<BeginProcessRequest>b__5(IAsyncResult asyncResult, ProcessRequestState innerState)
   at System.Web.Mvc.Async.AsyncResultWrapper.WrappedAsyncVoid`1.CallEndDelegate(IAsyncResult asyncResult)
   at System.Web.Mvc.Async.AsyncResultWrapper.WrappedAsyncResultBase`1.End()
   at System.Web.Mvc.Async.AsyncResultWrapper.End[TResult](IAsyncResult asyncResult, Object tag)
   at System.Web.Mvc.Async.AsyncResultWrapper.End(IAsyncResult asyncResult, Object tag)
   at System.Web.Mvc.MvcHandler.EndProcessRequest(IAsyncResult asyncResult)
   at System.Web.Mvc.MvcHandler.System.Web.IHttpAsyncHandler.EndProcessRequest(IAsyncResult result)
   at System.Web.HttpApplication.CallHandlerExecutionStep.System.Web.HttpApplication.IExecutionStep.Execute()
   at System.Web.HttpApplication.ExecuteStepImpl(IExecutionStep step)
   at System.Web.HttpApplication.ExecuteStep(IExecutionStep step, Boolean& completedSynchronously)
2020-12-31 17:38:10,568 => INFO  NA.PMS.Common.Logger.LogService.LogInformation():24 - Executing Action: GetDirectorTypeList on Controller: Application For User : .
2020-12-31 17:38:10,668 => INFO  NA.PMS.Common.Logger.LogService.LogInformation():24 - Executed Action: GetDirectorTypeList on Controller: Application For User : .
2020-12-31 17:38:11,075 => INFO  NA.PMS.Common.Logger.LogService.LogInformation():24 - Executing Action: GetApplicantTypeList on Controller: Application For User : .
2020-12-31 17:38:11,427 => INFO  NA.PMS.Common.Logger.LogService.LogInformation():24 - Executed Action: GetApplicantTypeList on Controller: Application For User : .
2020-12-31 17:38:11,458 => INFO  NA.PMS.Common.Logger.LogService.LogInformation():24 - Executing Action: GetCompanyTypeList on Controller: Application For User : .
2020-12-31 17:38:11,502 => INFO  NA.PMS.Common.Logger.LogService.LogInformation():24 - Executed Action: GetCompanyTypeList on Controller: Application For User : .
2020-12-31 17:38:11,576 => INFO  NA.PMS.Common.Logger.LogService.LogInformation():24 - Executing Action: GetFormTypeList on Controller: Application For User : .
2020-12-31 17:38:11,634 => INFO  NA.PMS.Common.Logger.LogService.LogInformation():24 - Executed Action: GetFormTypeList on Controller: Application For User : .
2020-12-31 17:38:12,091 => INFO  NA.PMS.Common.Logger.LogService.LogInformation():24 - Executing Action: GetFloorAreaList on Controller: Application For User : .
2020-12-31 17:38:12,131 => INFO  NA.PMS.Common.Logger.LogService.LogInformation():24 - Executed Action: GetFloorAreaList on Controller: Application For User : .
2020-12-31 17:38:12,240 => ERROR NA.PMS.Common.Logger.LogService.LogError():97 - Controller Exception
System.ArgumentException: The parameters dictionary contains a null entry for parameter 'schemeId' of non-nullable type 'System.Int32' for method 'System.Web.Mvc.JsonResult GetFloorAreaList(Int32, Int32)' in 'NA.PMS.Web.Areas.Online.Controllers.ApplicationController'. An optional parameter must be a reference type, a nullable type, or be declared as an optional parameter.
Parameter name: parameters
   at System.Web.Mvc.ActionDescriptor.ExtractParameterFromDictionary(ParameterInfo parameterInfo, IDictionary`2 parameters, MethodInfo methodInfo)
   at System.Web.Mvc.ReflectedActionDescriptor.Execute(ControllerContext controllerContext, IDictionary`2 parameters)
   at System.Web.Mvc.ControllerActionInvoker.InvokeActionMethod(ControllerContext controllerContext, ActionDescriptor actionDescriptor, IDictionary`2 parameters)
   at System.Web.Mvc.Async.AsyncControllerActionInvoker.ActionInvocation.InvokeSynchronousActionMethod()
   at System.Web.Mvc.Async.AsyncControllerActionInvoker.<BeginInvokeSynchronousActionMethod>b__39(IAsyncResult asyncResult, ActionInvocation innerInvokeState)
   at System.Web.Mvc.Async.AsyncResultWrapper.WrappedAsyncResult`2.CallEndDelegate(IAsyncResult asyncResult)
   at System.Web.Mvc.Async.AsyncResultWrapper.WrappedAsyncResultBase`1.End()
   at System.Web.Mvc.Async.AsyncResultWrapper.End[TResult](IAsyncResult asyncResult, Object tag)
   at System.Web.Mvc.Async.AsyncControllerActionInvoker.EndInvokeActionMethod(IAsyncResult asyncResult)
   at System.Web.Mvc.Async.AsyncControllerActionInvoker.AsyncInvocationWithFilters.<InvokeActionMethodFilterAsynchronouslyRecursive>b__3d()
   at System.Web.Mvc.Async.AsyncControllerActionInvoker.AsyncInvocationWithFilters.<>c__DisplayClass46.<InvokeActionMethodFilterAsynchronouslyRecursive>b__3f()
   at System.Web.Mvc.Async.AsyncControllerActionInvoker.AsyncInvocationWithFilters.<>c__DisplayClass46.<InvokeActionMethodFilterAsynchronouslyRecursive>b__3f()
   at System.Web.Mvc.Async.AsyncControllerActionInvoker.<>c__DisplayClass33.<BeginInvokeActionMethodWithFilters>b__32(IAsyncResult asyncResult)
   at System.Web.Mvc.Async.AsyncResultWrapper.WrappedAsyncResult`1.CallEndDelegate(IAsyncResult asyncResult)
   at System.Web.Mvc.Async.AsyncResultWrapper.WrappedAsyncResultBase`1.End()
   at System.Web.Mvc.Async.AsyncResultWrapper.End[TResult](IAsyncResult asyncResult, Object tag)
   at System.Web.Mvc.Async.AsyncControllerActionInvoker.EndInvokeActionMethodWithFilters(IAsyncResult asyncResult)
   at System.Web.Mvc.Async.AsyncControllerActionInvoker.<>c__DisplayClass21.<>c__DisplayClass2b.<BeginInvokeAction>b__1c()
   at System.Web.Mvc.Async.AsyncControllerActionInvoker.<>c__DisplayClass21.<BeginInvokeAction>b__1e(IAsyncResult asyncResult)
2020-12-31 17:38:12,284 => ERROR NA.PMS.Common.Logger.LogService.LogError():97 - Global Exception
System.ArgumentException: The parameters dictionary contains a null entry for parameter 'schemeId' of non-nullable type 'System.Int32' for method 'System.Web.Mvc.JsonResult GetFloorAreaList(Int32, Int32)' in 'NA.PMS.Web.Areas.Online.Controllers.ApplicationController'. An optional parameter must be a reference type, a nullable type, or be declared as an optional parameter.
Parameter name: parameters
   at System.Web.Mvc.ActionDescriptor.ExtractParameterFromDictionary(ParameterInfo parameterInfo, IDictionary`2 parameters, MethodInfo methodInfo)
   at System.Web.Mvc.ReflectedActionDescriptor.Execute(ControllerContext controllerContext, IDictionary`2 parameters)
   at System.Web.Mvc.ControllerActionInvoker.InvokeActionMethod(ControllerContext controllerContext, ActionDescriptor actionDescriptor, IDictionary`2 parameters)
   at System.Web.Mvc.Async.AsyncControllerActionInvoker.ActionInvocation.InvokeSynchronousActionMethod()
   at System.Web.Mvc.Async.AsyncControllerActionInvoker.<BeginInvokeSynchronousActionMethod>b__39(IAsyncResult asyncResult, ActionInvocation innerInvokeState)
   at System.Web.Mvc.Async.AsyncResultWrapper.WrappedAsyncResult`2.CallEndDelegate(IAsyncResult asyncResult)
   at System.Web.Mvc.Async.AsyncResultWrapper.WrappedAsyncResultBase`1.End()
   at System.Web.Mvc.Async.AsyncResultWrapper.End[TResult](IAsyncResult asyncResult, Object tag)
   at System.Web.Mvc.Async.AsyncControllerActionInvoker.EndInvokeActionMethod(IAsyncResult asyncResult)
   at System.Web.Mvc.Async.AsyncControllerActionInvoker.AsyncInvocationWithFilters.<InvokeActionMethodFilterAsynchronouslyRecursive>b__3d()
   at System.Web.Mvc.Async.AsyncControllerActionInvoker.AsyncInvocationWithFilters.<>c__DisplayClass46.<InvokeActionMethodFilterAsynchronouslyRecursive>b__3f()
   at System.Web.Mvc.Async.AsyncControllerActionInvoker.AsyncInvocationWithFilters.<>c__DisplayClass46.<InvokeActionMethodFilterAsynchronouslyRecursive>b__3f()
   at System.Web.Mvc.Async.AsyncControllerActionInvoker.<>c__DisplayClass33.<BeginInvokeActionMethodWithFilters>b__32(IAsyncResult asyncResult)
   at System.Web.Mvc.Async.AsyncResultWrapper.WrappedAsyncResult`1.CallEndDelegate(IAsyncResult asyncResult)
   at System.Web.Mvc.Async.AsyncResultWrapper.WrappedAsyncResultBase`1.End()
   at System.Web.Mvc.Async.AsyncResultWrapper.End[TResult](IAsyncResult asyncResult, Object tag)
   at System.Web.Mvc.Async.AsyncControllerActionInvoker.EndInvokeActionMethodWithFilters(IAsyncResult asyncResult)
   at System.Web.Mvc.Async.AsyncControllerActionInvoker.<>c__DisplayClass21.<>c__DisplayClass2b.<BeginInvokeAction>b__1c()
   at System.Web.Mvc.Async.AsyncControllerActionInvoker.<>c__DisplayClass21.<BeginInvokeAction>b__1e(IAsyncResult asyncResult)
   at System.Web.Mvc.Async.AsyncResultWrapper.WrappedAsyncResult`1.CallEndDelegate(IAsyncResult asyncResult)
   at System.Web.Mvc.Async.AsyncResultWrapper.WrappedAsyncResultBase`1.End()
   at System.Web.Mvc.Async.AsyncResultWrapper.End[TResult](IAsyncResult asyncResult, Object tag)
   at System.Web.Mvc.Async.AsyncControllerActionInvoker.EndInvokeAction(IAsyncResult asyncResult)
   at System.Web.Mvc.Controller.<BeginExecuteCore>b__1d(IAsyncResult asyncResult, ExecuteCoreState innerState)
   at System.Web.Mvc.Async.AsyncResultWrapper.WrappedAsyncVoid`1.CallEndDelegate(IAsyncResult asyncResult)
   at System.Web.Mvc.Async.AsyncResultWrapper.WrappedAsyncResultBase`1.End()
   at System.Web.Mvc.Async.AsyncResultWrapper.End[TResult](IAsyncResult asyncResult, Object tag)
   at System.Web.Mvc.Async.AsyncResultWrapper.End(IAsyncResult asyncResult, Object tag)
   at System.Web.Mvc.Controller.EndExecuteCore(IAsyncResult asyncResult)
   at System.Web.Mvc.Controller.<BeginExecute>b__15(IAsyncResult asyncResult, Controller controller)
   at System.Web.Mvc.Async.AsyncResultWrapper.WrappedAsyncVoid`1.CallEndDelegate(IAsyncResult asyncResult)
   at System.Web.Mvc.Async.AsyncResultWrapper.WrappedAsyncResultBase`1.End()
   at System.Web.Mvc.Async.AsyncResultWrapper.End[TResult](IAsyncResult asyncResult, Object tag)
   at System.Web.Mvc.Async.AsyncResultWrapper.End(IAsyncResult asyncResult, Object tag)
   at System.Web.Mvc.Controller.EndExecute(IAsyncResult asyncResult)
   at System.Web.Mvc.Controller.System.Web.Mvc.Async.IAsyncController.EndExecute(IAsyncResult asyncResult)
   at System.Web.Mvc.MvcHandler.<BeginProcessRequest>b__5(IAsyncResult asyncResult, ProcessRequestState innerState)
   at System.Web.Mvc.Async.AsyncResultWrapper.WrappedAsyncVoid`1.CallEndDelegate(IAsyncResult asyncResult)
   at System.Web.Mvc.Async.AsyncResultWrapper.WrappedAsyncResultBase`1.End()
   at System.Web.Mvc.Async.AsyncResultWrapper.End[TResult](IAsyncResult asyncResult, Object tag)
   at System.Web.Mvc.Async.AsyncResultWrapper.End(IAsyncResult asyncResult, Object tag)
   at System.Web.Mvc.MvcHandler.EndProcessRequest(IAsyncResult asyncResult)
   at System.Web.Mvc.MvcHandler.System.Web.IHttpAsyncHandler.EndProcessRequest(IAsyncResult result)
   at System.Web.HttpApplication.CallHandlerExecutionStep.System.Web.HttpApplication.IExecutionStep.Execute()
   at System.Web.HttpApplication.ExecuteStepImpl(IExecutionStep step)
   at System.Web.HttpApplication.ExecuteStep(IExecutionStep step, Boolean& completedSynchronously)
2020-12-31 17:38:12,635 => INFO  NA.PMS.Common.Logger.LogService.LogInformation():24 - Executing Action: GetSectorList on Controller: Application For User : .
2020-12-31 17:38:12,742 => INFO  NA.PMS.Common.Logger.LogService.LogInformation():24 - Executed Action: GetSectorList on Controller: Application For User : .
2020-12-31 17:39:21,842 => INFO  NA.PMS.Common.Logger.LogService.LogInformation():24 - Executing Action: GetFormTypeList on Controller: Application For User : .
2020-12-31 17:39:21,920 => INFO  NA.PMS.Common.Logger.LogService.LogInformation():24 - Executed Action: GetFormTypeList on Controller: Application For User : .
2020-12-31 17:39:21,985 => INFO  NA.PMS.Common.Logger.LogService.LogInformation():24 - Executing Action: GetSectorList on Controller: Application For User : .
2020-12-31 17:39:22,058 => INFO  NA.PMS.Common.Logger.LogService.LogInformation():24 - Executed Action: GetSectorList on Controller: Application For User : .
2020-12-31 17:39:22,443 => INFO  NA.PMS.Common.Logger.LogService.LogInformation():24 - Executing Action: GetApplicantTypeList on Controller: Application For User : .
2020-12-31 17:39:22,506 => INFO  NA.PMS.Common.Logger.LogService.LogInformation():24 - Executed Action: GetApplicantTypeList on Controller: Application For User : .
2020-12-31 17:39:22,601 => INFO  NA.PMS.Common.Logger.LogService.LogInformation():24 - Executing Action: GetCompanyTypeList on Controller: Application For User : .
2020-12-31 17:39:22,674 => INFO  NA.PMS.Common.Logger.LogService.LogInformation():24 - Executed Action: GetCompanyTypeList on Controller: Application For User : .
2020-12-31 17:39:22,998 => INFO  NA.PMS.Common.Logger.LogService.LogInformation():24 - Executing Action: GetDirectorTypeList on Controller: Application For User : .
2020-12-31 17:39:23,073 => INFO  NA.PMS.Common.Logger.LogService.LogInformation():24 - Executed Action: GetDirectorTypeList on Controller: Application For User : .
2020-12-31 17:39:23,577 => INFO  NA.PMS.Common.Logger.LogService.LogInformation():24 - Executing Action: GetFloorAreaList on Controller: Application For User : .
2020-12-31 17:39:23,712 => INFO  NA.PMS.Common.Logger.LogService.LogInformation():24 - Executed Action: GetFloorAreaList on Controller: Application For User : .
2020-12-31 17:39:23,798 => ERROR NA.PMS.Common.Logger.LogService.LogError():97 - Controller Exception
System.ArgumentException: The parameters dictionary contains a null entry for parameter 'schemeId' of non-nullable type 'System.Int32' for method 'System.Web.Mvc.JsonResult GetFloorAreaList(Int32, Int32)' in 'NA.PMS.Web.Areas.Online.Controllers.ApplicationController'. An optional parameter must be a reference type, a nullable type, or be declared as an optional parameter.
Parameter name: parameters
   at System.Web.Mvc.ActionDescriptor.ExtractParameterFromDictionary(ParameterInfo parameterInfo, IDictionary`2 parameters, MethodInfo methodInfo)
   at System.Web.Mvc.ReflectedActionDescriptor.Execute(ControllerContext controllerContext, IDictionary`2 parameters)
   at System.Web.Mvc.ControllerActionInvoker.InvokeActionMethod(ControllerContext controllerContext, ActionDescriptor actionDescriptor, IDictionary`2 parameters)
   at System.Web.Mvc.Async.AsyncControllerActionInvoker.ActionInvocation.InvokeSynchronousActionMethod()
   at System.Web.Mvc.Async.AsyncControllerActionInvoker.<BeginInvokeSynchronousActionMethod>b__39(IAsyncResult asyncResult, ActionInvocation innerInvokeState)
   at System.Web.Mvc.Async.AsyncResultWrapper.WrappedAsyncResult`2.CallEndDelegate(IAsyncResult asyncResult)
   at System.Web.Mvc.Async.AsyncResultWrapper.WrappedAsyncResultBase`1.End()
   at System.Web.Mvc.Async.AsyncResultWrapper.End[TResult](IAsyncResult asyncResult, Object tag)
   at System.Web.Mvc.Async.AsyncControllerActionInvoker.EndInvokeActionMethod(IAsyncResult asyncResult)
   at System.Web.Mvc.Async.AsyncControllerActionInvoker.AsyncInvocationWithFilters.<InvokeActionMethodFilterAsynchronouslyRecursive>b__3d()
   at System.Web.Mvc.Async.AsyncControllerActionInvoker.AsyncInvocationWithFilters.<>c__DisplayClass46.<InvokeActionMethodFilterAsynchronouslyRecursive>b__3f()
   at System.Web.Mvc.Async.AsyncControllerActionInvoker.AsyncInvocationWithFilters.<>c__DisplayClass46.<InvokeActionMethodFilterAsynchronouslyRecursive>b__3f()
   at System.Web.Mvc.Async.AsyncControllerActionInvoker.<>c__DisplayClass33.<BeginInvokeActionMethodWithFilters>b__32(IAsyncResult asyncResult)
   at System.Web.Mvc.Async.AsyncResultWrapper.WrappedAsyncResult`1.CallEndDelegate(IAsyncResult asyncResult)
   at System.Web.Mvc.Async.AsyncResultWrapper.WrappedAsyncResultBase`1.End()
   at System.Web.Mvc.Async.AsyncResultWrapper.End[TResult](IAsyncResult asyncResult, Object tag)
   at System.Web.Mvc.Async.AsyncControllerActionInvoker.EndInvokeActionMethodWithFilters(IAsyncResult asyncResult)
   at System.Web.Mvc.Async.AsyncControllerActionInvoker.<>c__DisplayClass21.<>c__DisplayClass2b.<BeginInvokeAction>b__1c()
   at System.Web.Mvc.Async.AsyncControllerActionInvoker.<>c__DisplayClass21.<BeginInvokeAction>b__1e(IAsyncResult asyncResult)
2020-12-31 17:39:23,850 => ERROR NA.PMS.Common.Logger.LogService.LogError():97 - Global Exception
System.ArgumentException: The parameters dictionary contains a null entry for parameter 'schemeId' of non-nullable type 'System.Int32' for method 'System.Web.Mvc.JsonResult GetFloorAreaList(Int32, Int32)' in 'NA.PMS.Web.Areas.Online.Controllers.ApplicationController'. An optional parameter must be a reference type, a nullable type, or be declared as an optional parameter.
Parameter name: parameters
   at System.Web.Mvc.ActionDescriptor.ExtractParameterFromDictionary(ParameterInfo parameterInfo, IDictionary`2 parameters, MethodInfo methodInfo)
   at System.Web.Mvc.ReflectedActionDescriptor.Execute(ControllerContext controllerContext, IDictionary`2 parameters)
   at System.Web.Mvc.ControllerActionInvoker.InvokeActionMethod(ControllerContext controllerContext, ActionDescriptor actionDescriptor, IDictionary`2 parameters)
   at System.Web.Mvc.Async.AsyncControllerActionInvoker.ActionInvocation.InvokeSynchronousActionMethod()
   at System.Web.Mvc.Async.AsyncControllerActionInvoker.<BeginInvokeSynchronousActionMethod>b__39(IAsyncResult asyncResult, ActionInvocation innerInvokeState)
   at System.Web.Mvc.Async.AsyncResultWrapper.WrappedAsyncResult`2.CallEndDelegate(IAsyncResult asyncResult)
   at System.Web.Mvc.Async.AsyncResultWrapper.WrappedAsyncResultBase`1.End()
   at System.Web.Mvc.Async.AsyncResultWrapper.End[TResult](IAsyncResult asyncResult, Object tag)
   at System.Web.Mvc.Async.AsyncControllerActionInvoker.EndInvokeActionMethod(IAsyncResult asyncResult)
   at System.Web.Mvc.Async.AsyncControllerActionInvoker.AsyncInvocationWithFilters.<InvokeActionMethodFilterAsynchronouslyRecursive>b__3d()
   at System.Web.Mvc.Async.AsyncControllerActionInvoker.AsyncInvocationWithFilters.<>c__DisplayClass46.<InvokeActionMethodFilterAsynchronouslyRecursive>b__3f()
   at System.Web.Mvc.Async.AsyncControllerActionInvoker.AsyncInvocationWithFilters.<>c__DisplayClass46.<InvokeActionMethodFilterAsynchronouslyRecursive>b__3f()
   at System.Web.Mvc.Async.AsyncControllerActionInvoker.<>c__DisplayClass33.<BeginInvokeActionMethodWithFilters>b__32(IAsyncResult asyncResult)
   at System.Web.Mvc.Async.AsyncResultWrapper.WrappedAsyncResult`1.CallEndDelegate(IAsyncResult asyncResult)
   at System.Web.Mvc.Async.AsyncResultWrapper.WrappedAsyncResultBase`1.End()
   at System.Web.Mvc.Async.AsyncResultWrapper.End[TResult](IAsyncResult asyncResult, Object tag)
   at System.Web.Mvc.Async.AsyncControllerActionInvoker.EndInvokeActionMethodWithFilters(IAsyncResult asyncResult)
   at System.Web.Mvc.Async.AsyncControllerActionInvoker.<>c__DisplayClass21.<>c__DisplayClass2b.<BeginInvokeAction>b__1c()
   at System.Web.Mvc.Async.AsyncControllerActionInvoker.<>c__DisplayClass21.<BeginInvokeAction>b__1e(IAsyncResult asyncResult)
   at System.Web.Mvc.Async.AsyncResultWrapper.WrappedAsyncResult`1.CallEndDelegate(IAsyncResult asyncResult)
   at System.Web.Mvc.Async.AsyncResultWrapper.WrappedAsyncResultBase`1.End()
   at System.Web.Mvc.Async.AsyncResultWrapper.End[TResult](IAsyncResult asyncResult, Object tag)
   at System.Web.Mvc.Async.AsyncControllerActionInvoker.EndInvokeAction(IAsyncResult asyncResult)
   at System.Web.Mvc.Controller.<BeginExecuteCore>b__1d(IAsyncResult asyncResult, ExecuteCoreState innerState)
   at System.Web.Mvc.Async.AsyncResultWrapper.WrappedAsyncVoid`1.CallEndDelegate(IAsyncResult asyncResult)
   at System.Web.Mvc.Async.AsyncResultWrapper.WrappedAsyncResultBase`1.End()
   at System.Web.Mvc.Async.AsyncResultWrapper.End[TResult](IAsyncResult asyncResult, Object tag)
   at System.Web.Mvc.Async.AsyncResultWrapper.End(IAsyncResult asyncResult, Object tag)
   at System.Web.Mvc.Controller.EndExecuteCore(IAsyncResult asyncResult)
   at System.Web.Mvc.Controller.<BeginExecute>b__15(IAsyncResult asyncResult, Controller controller)
   at System.Web.Mvc.Async.AsyncResultWrapper.WrappedAsyncVoid`1.CallEndDelegate(IAsyncResult asyncResult)
   at System.Web.Mvc.Async.AsyncResultWrapper.WrappedAsyncResultBase`1.End()
   at System.Web.Mvc.Async.AsyncResultWrapper.End[TResult](IAsyncResult asyncResult, Object tag)
   at System.Web.Mvc.Async.AsyncResultWrapper.End(IAsyncResult asyncResult, Object tag)
   at System.Web.Mvc.Controller.EndExecute(IAsyncResult asyncResult)
   at System.Web.Mvc.Controller.System.Web.Mvc.Async.IAsyncController.EndExecute(IAsyncResult asyncResult)
   at System.Web.Mvc.MvcHandler.<BeginProcessRequest>b__5(IAsyncResult asyncResult, ProcessRequestState innerState)
   at System.Web.Mvc.Async.AsyncResultWrapper.WrappedAsyncVoid`1.CallEndDelegate(IAsyncResult asyncResult)
   at System.Web.Mvc.Async.AsyncResultWrapper.WrappedAsyncResultBase`1.End()
   at System.Web.Mvc.Async.AsyncResultWrapper.End[TResult](IAsyncResult asyncResult, Object tag)
   at System.Web.Mvc.Async.AsyncResultWrapper.End(IAsyncResult asyncResult, Object tag)
   at System.Web.Mvc.MvcHandler.EndProcessRequest(IAsyncResult asyncResult)
   at System.Web.Mvc.MvcHandler.System.Web.IHttpAsyncHandler.EndProcessRequest(IAsyncResult result)
   at System.Web.HttpApplication.CallHandlerExecutionStep.System.Web.HttpApplication.IExecutionStep.Execute()
   at System.Web.HttpApplication.ExecuteStepImpl(IExecutionStep step)
   at System.Web.HttpApplication.ExecuteStep(IExecutionStep step, Boolean& completedSynchronously)
2020-12-31 17:39:44,977 => INFO  NA.PMS.Common.Logger.LogService.LogInformation():24 - Executing Action: GetFormTypeList on Controller: Application For User : .
2020-12-31 17:39:45,054 => INFO  NA.PMS.Common.Logger.LogService.LogInformation():24 - Executed Action: GetFormTypeList on Controller: Application For User : .
2020-12-31 17:39:45,124 => INFO  NA.PMS.Common.Logger.LogService.LogInformation():24 - Executing Action: GetFloorAreaList on Controller: Application For User : .
2020-12-31 17:39:45,202 => INFO  NA.PMS.Common.Logger.LogService.LogInformation():24 - Executed Action: GetFloorAreaList on Controller: Application For User : .
2020-12-31 17:39:45,319 => ERROR NA.PMS.Common.Logger.LogService.LogError():97 - Controller Exception
System.ArgumentException: The parameters dictionary contains a null entry for parameter 'schemeId' of non-nullable type 'System.Int32' for method 'System.Web.Mvc.JsonResult GetFloorAreaList(Int32, Int32)' in 'NA.PMS.Web.Areas.Online.Controllers.ApplicationController'. An optional parameter must be a reference type, a nullable type, or be declared as an optional parameter.
Parameter name: parameters
   at System.Web.Mvc.ActionDescriptor.ExtractParameterFromDictionary(ParameterInfo parameterInfo, IDictionary`2 parameters, MethodInfo methodInfo)
   at System.Web.Mvc.ReflectedActionDescriptor.Execute(ControllerContext controllerContext, IDictionary`2 parameters)
   at System.Web.Mvc.ControllerActionInvoker.InvokeActionMethod(ControllerContext controllerContext, ActionDescriptor actionDescriptor, IDictionary`2 parameters)
   at System.Web.Mvc.Async.AsyncControllerActionInvoker.ActionInvocation.InvokeSynchronousActionMethod()
   at System.Web.Mvc.Async.AsyncControllerActionInvoker.<BeginInvokeSynchronousActionMethod>b__39(IAsyncResult asyncResult, ActionInvocation innerInvokeState)
   at System.Web.Mvc.Async.AsyncResultWrapper.WrappedAsyncResult`2.CallEndDelegate(IAsyncResult asyncResult)
   at System.Web.Mvc.Async.AsyncResultWrapper.WrappedAsyncResultBase`1.End()
   at System.Web.Mvc.Async.AsyncResultWrapper.End[TResult](IAsyncResult asyncResult, Object tag)
   at System.Web.Mvc.Async.AsyncControllerActionInvoker.EndInvokeActionMethod(IAsyncResult asyncResult)
   at System.Web.Mvc.Async.AsyncControllerActionInvoker.AsyncInvocationWithFilters.<InvokeActionMethodFilterAsynchronouslyRecursive>b__3d()
   at System.Web.Mvc.Async.AsyncControllerActionInvoker.AsyncInvocationWithFilters.<>c__DisplayClass46.<InvokeActionMethodFilterAsynchronouslyRecursive>b__3f()
   at System.Web.Mvc.Async.AsyncControllerActionInvoker.AsyncInvocationWithFilters.<>c__DisplayClass46.<InvokeActionMethodFilterAsynchronouslyRecursive>b__3f()
   at System.Web.Mvc.Async.AsyncControllerActionInvoker.<>c__DisplayClass33.<BeginInvokeActionMethodWithFilters>b__32(IAsyncResult asyncResult)
   at System.Web.Mvc.Async.AsyncResultWrapper.WrappedAsyncResult`1.CallEndDelegate(IAsyncResult asyncResult)
   at System.Web.Mvc.Async.AsyncResultWrapper.WrappedAsyncResultBase`1.End()
   at System.Web.Mvc.Async.AsyncResultWrapper.End[TResult](IAsyncResult asyncResult, Object tag)
   at System.Web.Mvc.Async.AsyncControllerActionInvoker.EndInvokeActionMethodWithFilters(IAsyncResult asyncResult)
   at System.Web.Mvc.Async.AsyncControllerActionInvoker.<>c__DisplayClass21.<>c__DisplayClass2b.<BeginInvokeAction>b__1c()
   at System.Web.Mvc.Async.AsyncControllerActionInvoker.<>c__DisplayClass21.<BeginInvokeAction>b__1e(IAsyncResult asyncResult)
2020-12-31 17:39:45,383 => ERROR NA.PMS.Common.Logger.LogService.LogError():97 - Global Exception
System.ArgumentException: The parameters dictionary contains a null entry for parameter 'schemeId' of non-nullable type 'System.Int32' for method 'System.Web.Mvc.JsonResult GetFloorAreaList(Int32, Int32)' in 'NA.PMS.Web.Areas.Online.Controllers.ApplicationController'. An optional parameter must be a reference type, a nullable type, or be declared as an optional parameter.
Parameter name: parameters
   at System.Web.Mvc.ActionDescriptor.ExtractParameterFromDictionary(ParameterInfo parameterInfo, IDictionary`2 parameters, MethodInfo methodInfo)
   at System.Web.Mvc.ReflectedActionDescriptor.Execute(ControllerContext controllerContext, IDictionary`2 parameters)
   at System.Web.Mvc.ControllerActionInvoker.InvokeActionMethod(ControllerContext controllerContext, ActionDescriptor actionDescriptor, IDictionary`2 parameters)
   at System.Web.Mvc.Async.AsyncControllerActionInvoker.ActionInvocation.InvokeSynchronousActionMethod()
   at System.Web.Mvc.Async.AsyncControllerActionInvoker.<BeginInvokeSynchronousActionMethod>b__39(IAsyncResult asyncResult, ActionInvocation innerInvokeState)
   at System.Web.Mvc.Async.AsyncResultWrapper.WrappedAsyncResult`2.CallEndDelegate(IAsyncResult asyncResult)
   at System.Web.Mvc.Async.AsyncResultWrapper.WrappedAsyncResultBase`1.End()
   at System.Web.Mvc.Async.AsyncResultWrapper.End[TResult](IAsyncResult asyncResult, Object tag)
   at System.Web.Mvc.Async.AsyncControllerActionInvoker.EndInvokeActionMethod(IAsyncResult asyncResult)
   at System.Web.Mvc.Async.AsyncControllerActionInvoker.AsyncInvocationWithFilters.<InvokeActionMethodFilterAsynchronouslyRecursive>b__3d()
   at System.Web.Mvc.Async.AsyncControllerActionInvoker.AsyncInvocationWithFilters.<>c__DisplayClass46.<InvokeActionMethodFilterAsynchronouslyRecursive>b__3f()
   at System.Web.Mvc.Async.AsyncControllerActionInvoker.AsyncInvocationWithFilters.<>c__DisplayClass46.<InvokeActionMethodFilterAsynchronouslyRecursive>b__3f()
   at System.Web.Mvc.Async.AsyncControllerActionInvoker.<>c__DisplayClass33.<BeginInvokeActionMethodWithFilters>b__32(IAsyncResult asyncResult)
   at System.Web.Mvc.Async.AsyncResultWrapper.WrappedAsyncResult`1.CallEndDelegate(IAsyncResult asyncResult)
   at System.Web.Mvc.Async.AsyncResultWrapper.WrappedAsyncResultBase`1.End()
   at System.Web.Mvc.Async.AsyncResultWrapper.End[TResult](IAsyncResult asyncResult, Object tag)
   at System.Web.Mvc.Async.AsyncControllerActionInvoker.EndInvokeActionMethodWithFilters(IAsyncResult asyncResult)
   at System.Web.Mvc.Async.AsyncControllerActionInvoker.<>c__DisplayClass21.<>c__DisplayClass2b.<BeginInvokeAction>b__1c()
   at System.Web.Mvc.Async.AsyncControllerActionInvoker.<>c__DisplayClass21.<BeginInvokeAction>b__1e(IAsyncResult asyncResult)
   at System.Web.Mvc.Async.AsyncResultWrapper.WrappedAsyncResult`1.CallEndDelegate(IAsyncResult asyncResult)
   at System.Web.Mvc.Async.AsyncResultWrapper.WrappedAsyncResultBase`1.End()
   at System.Web.Mvc.Async.AsyncResultWrapper.End[TResult](IAsyncResult asyncResult, Object tag)
   at System.Web.Mvc.Async.AsyncControllerActionInvoker.EndInvokeAction(IAsyncResult asyncResult)
   at System.Web.Mvc.Controller.<BeginExecuteCore>b__1d(IAsyncResult asyncResult, ExecuteCoreState innerState)
   at System.Web.Mvc.Async.AsyncResultWrapper.WrappedAsyncVoid`1.CallEndDelegate(IAsyncResult asyncResult)
   at System.Web.Mvc.Async.AsyncResultWrapper.WrappedAsyncResultBase`1.End()
   at System.Web.Mvc.Async.AsyncResultWrapper.End[TResult](IAsyncResult asyncResult, Object tag)
   at System.Web.Mvc.Async.AsyncResultWrapper.End(IAsyncResult asyncResult, Object tag)
   at System.Web.Mvc.Controller.EndExecuteCore(IAsyncResult asyncResult)
   at System.Web.Mvc.Controller.<BeginExecute>b__15(IAsyncResult asyncResult, Controller controller)
   at System.Web.Mvc.Async.AsyncResultWrapper.WrappedAsyncVoid`1.CallEndDelegate(IAsyncResult asyncResult)
   at System.Web.Mvc.Async.AsyncResultWrapper.WrappedAsyncResultBase`1.End()
   at System.Web.Mvc.Async.AsyncResultWrapper.End[TResult](IAsyncResult asyncResult, Object tag)
   at System.Web.Mvc.Async.AsyncResultWrapper.End(IAsyncResult asyncResult, Object tag)
   at System.Web.Mvc.Controller.EndExecute(IAsyncResult asyncResult)
   at System.Web.Mvc.Controller.System.Web.Mvc.Async.IAsyncController.EndExecute(IAsyncResult asyncResult)
   at System.Web.Mvc.MvcHandler.<BeginProcessRequest>b__5(IAsyncResult asyncResult, ProcessRequestState innerState)
   at System.Web.Mvc.Async.AsyncResultWrapper.WrappedAsyncVoid`1.CallEndDelegate(IAsyncResult asyncResult)
   at System.Web.Mvc.Async.AsyncResultWrapper.WrappedAsyncResultBase`1.End()
   at System.Web.Mvc.Async.AsyncResultWrapper.End[TResult](IAsyncResult asyncResult, Object tag)
   at System.Web.Mvc.Async.AsyncResultWrapper.End(IAsyncResult asyncResult, Object tag)
   at System.Web.Mvc.MvcHandler.EndProcessRequest(IAsyncResult asyncResult)
   at System.Web.Mvc.MvcHandler.System.Web.IHttpAsyncHandler.EndProcessRequest(IAsyncResult result)
   at System.Web.HttpApplication.CallHandlerExecutionStep.System.Web.HttpApplication.IExecutionStep.Execute()
   at System.Web.HttpApplication.ExecuteStepImpl(IExecutionStep step)
   at System.Web.HttpApplication.ExecuteStep(IExecutionStep step, Boolean& completedSynchronously)
2020-12-31 17:39:45,712 => INFO  NA.PMS.Common.Logger.LogService.LogInformation():24 - Executing Action: GetSectorList on Controller: Application For User : .
2020-12-31 17:39:45,794 => INFO  NA.PMS.Common.Logger.LogService.LogInformation():24 - Executed Action: GetSectorList on Controller: Application For User : .
2020-12-31 17:39:45,985 => INFO  NA.PMS.Common.Logger.LogService.LogInformation():24 - Executing Action: GetApplicantTypeList on Controller: Application For User : .
2020-12-31 17:39:46,058 => INFO  NA.PMS.Common.Logger.LogService.LogInformation():24 - Executed Action: GetApplicantTypeList on Controller: Application For User : .
2020-12-31 17:39:46,112 => INFO  NA.PMS.Common.Logger.LogService.LogInformation():24 - Executing Action: GetCompanyTypeList on Controller: Application For User : .
2020-12-31 17:39:46,225 => INFO  NA.PMS.Common.Logger.LogService.LogInformation():24 - Executed Action: GetCompanyTypeList on Controller: Application For User : .
2020-12-31 17:39:46,721 => INFO  NA.PMS.Common.Logger.LogService.LogInformation():24 - Executing Action: GetDirectorTypeList on Controller: Application For User : .
2020-12-31 17:39:46,768 => INFO  NA.PMS.Common.Logger.LogService.LogInformation():24 - Executed Action: GetDirectorTypeList on Controller: Application For User : .
2020-12-31 17:41:24,189 => INFO  NA.PMS.Common.Logger.LogService.LogInformation():24 - Executing Action: GetFormSubTypeList on Controller: Application For User : .
2020-12-31 17:41:24,234 => INFO  NA.PMS.Common.Logger.LogService.LogInformation():24 - Executed Action: GetFormSubTypeList on Controller: Application For User : .
2020-12-31 17:41:24,280 => INFO  NA.PMS.Common.Logger.LogService.LogInformation():24 - Executing Action: GetFormSubTypeList on Controller: Application For User : .
2020-12-31 17:41:24,326 => INFO  NA.PMS.Common.Logger.LogService.LogInformation():24 - Executed Action: GetFormSubTypeList on Controller: Application For User : .
2020-12-31 17:41:26,438 => INFO  NA.PMS.Common.Logger.LogService.LogInformation():24 - Executing Action: GetFormSubTypeList on Controller: Application For User : .
2020-12-31 17:41:26,477 => INFO  NA.PMS.Common.Logger.LogService.LogInformation():24 - Executed Action: GetFormSubTypeList on Controller: Application For User : .
2020-12-31 17:41:26,517 => INFO  NA.PMS.Common.Logger.LogService.LogInformation():24 - Executing Action: GetFormSubTypeList on Controller: Application For User : .
2020-12-31 17:41:26,555 => INFO  NA.PMS.Common.Logger.LogService.LogInformation():24 - Executed Action: GetFormSubTypeList on Controller: Application For User : .
2020-12-31 17:41:40,962 => INFO  NA.PMS.Common.Logger.LogService.LogInformation():24 - Executing Action: GetFormSubTypeList on Controller: Application For User : .
2020-12-31 17:41:41,008 => INFO  NA.PMS.Common.Logger.LogService.LogInformation():24 - Executed Action: GetFormSubTypeList on Controller: Application For User : .
2020-12-31 17:41:41,038 => INFO  NA.PMS.Common.Logger.LogService.LogInformation():24 - Executing Action: GetFormSubTypeList on Controller: Application For User : .
2020-12-31 17:41:41,079 => INFO  NA.PMS.Common.Logger.LogService.LogInformation():24 - Executed Action: GetFormSubTypeList on Controller: Application For User : .
2020-12-31 17:41:42,598 => INFO  NA.PMS.Common.Logger.LogService.LogInformation():24 - Executing Action: GetCompanyTypeList on Controller: Application For User : .
2020-12-31 17:41:42,647 => INFO  NA.PMS.Common.Logger.LogService.LogInformation():24 - Executed Action: GetCompanyTypeList on Controller: Application For User : .
2020-12-31 17:41:45,124 => INFO  NA.PMS.Common.Logger.LogService.LogInformation():24 - Executing Action: GetCompanyTypeList on Controller: Application For User : .
2020-12-31 17:41:45,167 => INFO  NA.PMS.Common.Logger.LogService.LogInformation():24 - Executed Action: GetCompanyTypeList on Controller: Application For User : .
2020-12-31 17:41:45,197 => INFO  NA.PMS.Common.Logger.LogService.LogInformation():24 - Executing Action: GetCompanyTypeList on Controller: Application For User : .
2020-12-31 17:41:45,239 => INFO  NA.PMS.Common.Logger.LogService.LogInformation():24 - Executed Action: GetCompanyTypeList on Controller: Application For User : .
2020-12-31 17:42:37,244 => INFO  NA.PMS.Common.Logger.LogService.LogInformation():24 - Executing Action: GetFloorAreaList on Controller: Application For User : .
2020-12-31 17:42:37,323 => INFO  NA.PMS.Common.Logger.LogService.LogInformation():24 - Executed Action: GetFloorAreaList on Controller: Application For User : .
2020-12-31 17:42:37,433 => ERROR NA.PMS.Common.Logger.LogService.LogError():97 - Controller Exception
System.ArgumentException: The parameters dictionary contains a null entry for parameter 'schemeId' of non-nullable type 'System.Int32' for method 'System.Web.Mvc.JsonResult GetFloorAreaList(Int32, Int32)' in 'NA.PMS.Web.Areas.Online.Controllers.ApplicationController'. An optional parameter must be a reference type, a nullable type, or be declared as an optional parameter.
Parameter name: parameters
   at System.Web.Mvc.ActionDescriptor.ExtractParameterFromDictionary(ParameterInfo parameterInfo, IDictionary`2 parameters, MethodInfo methodInfo)
   at System.Web.Mvc.ReflectedActionDescriptor.Execute(ControllerContext controllerContext, IDictionary`2 parameters)
   at System.Web.Mvc.ControllerActionInvoker.InvokeActionMethod(ControllerContext controllerContext, ActionDescriptor actionDescriptor, IDictionary`2 parameters)
   at System.Web.Mvc.Async.AsyncControllerActionInvoker.ActionInvocation.InvokeSynchronousActionMethod()
   at System.Web.Mvc.Async.AsyncControllerActionInvoker.<BeginInvokeSynchronousActionMethod>b__39(IAsyncResult asyncResult, ActionInvocation innerInvokeState)
   at System.Web.Mvc.Async.AsyncResultWrapper.WrappedAsyncResult`2.CallEndDelegate(IAsyncResult asyncResult)
   at System.Web.Mvc.Async.AsyncResultWrapper.WrappedAsyncResultBase`1.End()
   at System.Web.Mvc.Async.AsyncResultWrapper.End[TResult](IAsyncResult asyncResult, Object tag)
   at System.Web.Mvc.Async.AsyncControllerActionInvoker.EndInvokeActionMethod(IAsyncResult asyncResult)
   at System.Web.Mvc.Async.AsyncControllerActionInvoker.AsyncInvocationWithFilters.<InvokeActionMethodFilterAsynchronouslyRecursive>b__3d()
   at System.Web.Mvc.Async.AsyncControllerActionInvoker.AsyncInvocationWithFilters.<>c__DisplayClass46.<InvokeActionMethodFilterAsynchronouslyRecursive>b__3f()
   at System.Web.Mvc.Async.AsyncControllerActionInvoker.AsyncInvocationWithFilters.<>c__DisplayClass46.<InvokeActionMethodFilterAsynchronouslyRecursive>b__3f()
   at System.Web.Mvc.Async.AsyncControllerActionInvoker.<>c__DisplayClass33.<BeginInvokeActionMethodWithFilters>b__32(IAsyncResult asyncResult)
   at System.Web.Mvc.Async.AsyncResultWrapper.WrappedAsyncResult`1.CallEndDelegate(IAsyncResult asyncResult)
   at System.Web.Mvc.Async.AsyncResultWrapper.WrappedAsyncResultBase`1.End()
   at System.Web.Mvc.Async.AsyncResultWrapper.End[TResult](IAsyncResult asyncResult, Object tag)
   at System.Web.Mvc.Async.AsyncControllerActionInvoker.EndInvokeActionMethodWithFilters(IAsyncResult asyncResult)
   at System.Web.Mvc.Async.AsyncControllerActionInvoker.<>c__DisplayClass21.<>c__DisplayClass2b.<BeginInvokeAction>b__1c()
   at System.Web.Mvc.Async.AsyncControllerActionInvoker.<>c__DisplayClass21.<BeginInvokeAction>b__1e(IAsyncResult asyncResult)
2020-12-31 17:42:37,503 => ERROR NA.PMS.Common.Logger.LogService.LogError():97 - Global Exception
System.ArgumentException: The parameters dictionary contains a null entry for parameter 'schemeId' of non-nullable type 'System.Int32' for method 'System.Web.Mvc.JsonResult GetFloorAreaList(Int32, Int32)' in 'NA.PMS.Web.Areas.Online.Controllers.ApplicationController'. An optional parameter must be a reference type, a nullable type, or be declared as an optional parameter.
Parameter name: parameters
   at System.Web.Mvc.ActionDescriptor.ExtractParameterFromDictionary(ParameterInfo parameterInfo, IDictionary`2 parameters, MethodInfo methodInfo)
   at System.Web.Mvc.ReflectedActionDescriptor.Execute(ControllerContext controllerContext, IDictionary`2 parameters)
   at System.Web.Mvc.ControllerActionInvoker.InvokeActionMethod(ControllerContext controllerContext, ActionDescriptor actionDescriptor, IDictionary`2 parameters)
   at System.Web.Mvc.Async.AsyncControllerActionInvoker.ActionInvocation.InvokeSynchronousActionMethod()
   at System.Web.Mvc.Async.AsyncControllerActionInvoker.<BeginInvokeSynchronousActionMethod>b__39(IAsyncResult asyncResult, ActionInvocation innerInvokeState)
   at System.Web.Mvc.Async.AsyncResultWrapper.WrappedAsyncResult`2.CallEndDelegate(IAsyncResult asyncResult)
   at System.Web.Mvc.Async.AsyncResultWrapper.WrappedAsyncResultBase`1.End()
   at System.Web.Mvc.Async.AsyncResultWrapper.End[TResult](IAsyncResult asyncResult, Object tag)
   at System.Web.Mvc.Async.AsyncControllerActionInvoker.EndInvokeActionMethod(IAsyncResult asyncResult)
   at System.Web.Mvc.Async.AsyncControllerActionInvoker.AsyncInvocationWithFilters.<InvokeActionMethodFilterAsynchronouslyRecursive>b__3d()
   at System.Web.Mvc.Async.AsyncControllerActionInvoker.AsyncInvocationWithFilters.<>c__DisplayClass46.<InvokeActionMethodFilterAsynchronouslyRecursive>b__3f()
   at System.Web.Mvc.Async.AsyncControllerActionInvoker.AsyncInvocationWithFilters.<>c__DisplayClass46.<InvokeActionMethodFilterAsynchronouslyRecursive>b__3f()
   at System.Web.Mvc.Async.AsyncControllerActionInvoker.<>c__DisplayClass33.<BeginInvokeActionMethodWithFilters>b__32(IAsyncResult asyncResult)
   at System.Web.Mvc.Async.AsyncResultWrapper.WrappedAsyncResult`1.CallEndDelegate(IAsyncResult asyncResult)
   at System.Web.Mvc.Async.AsyncResultWrapper.WrappedAsyncResultBase`1.End()
   at System.Web.Mvc.Async.AsyncResultWrapper.End[TResult](IAsyncResult asyncResult, Object tag)
   at System.Web.Mvc.Async.AsyncControllerActionInvoker.EndInvokeActionMethodWithFilters(IAsyncResult asyncResult)
   at System.Web.Mvc.Async.AsyncControllerActionInvoker.<>c__DisplayClass21.<>c__DisplayClass2b.<BeginInvokeAction>b__1c()
   at System.Web.Mvc.Async.AsyncControllerActionInvoker.<>c__DisplayClass21.<BeginInvokeAction>b__1e(IAsyncResult asyncResult)
   at System.Web.Mvc.Async.AsyncResultWrapper.WrappedAsyncResult`1.CallEndDelegate(IAsyncResult asyncResult)
   at System.Web.Mvc.Async.AsyncResultWrapper.WrappedAsyncResultBase`1.End()
   at System.Web.Mvc.Async.AsyncResultWrapper.End[TResult](IAsyncResult asyncResult, Object tag)
   at System.Web.Mvc.Async.AsyncControllerActionInvoker.EndInvokeAction(IAsyncResult asyncResult)
   at System.Web.Mvc.Controller.<BeginExecuteCore>b__1d(IAsyncResult asyncResult, ExecuteCoreState innerState)
   at System.Web.Mvc.Async.AsyncResultWrapper.WrappedAsyncVoid`1.CallEndDelegate(IAsyncResult asyncResult)
   at System.Web.Mvc.Async.AsyncResultWrapper.WrappedAsyncResultBase`1.End()
   at System.Web.Mvc.Async.AsyncResultWrapper.End[TResult](IAsyncResult asyncResult, Object tag)
   at System.Web.Mvc.Async.AsyncResultWrapper.End(IAsyncResult asyncResult, Object tag)
   at System.Web.Mvc.Controller.EndExecuteCore(IAsyncResult asyncResult)
   at System.Web.Mvc.Controller.<BeginExecute>b__15(IAsyncResult asyncResult, Controller controller)
   at System.Web.Mvc.Async.AsyncResultWrapper.WrappedAsyncVoid`1.CallEndDelegate(IAsyncResult asyncResult)
   at System.Web.Mvc.Async.AsyncResultWrapper.WrappedAsyncResultBase`1.End()
   at System.Web.Mvc.Async.AsyncResultWrapper.End[TResult](IAsyncResult asyncResult, Object tag)
   at System.Web.Mvc.Async.AsyncResultWrapper.End(IAsyncResult asyncResult, Object tag)
   at System.Web.Mvc.Controller.EndExecute(IAsyncResult asyncResult)
   at System.Web.Mvc.Controller.System.Web.Mvc.Async.IAsyncController.EndExecute(IAsyncResult asyncResult)
   at System.Web.Mvc.MvcHandler.<BeginProcessRequest>b__5(IAsyncResult asyncResult, ProcessRequestState innerState)
   at System.Web.Mvc.Async.AsyncResultWrapper.WrappedAsyncVoid`1.CallEndDelegate(IAsyncResult asyncResult)
   at System.Web.Mvc.Async.AsyncResultWrapper.WrappedAsyncResultBase`1.End()
   at System.Web.Mvc.Async.AsyncResultWrapper.End[TResult](IAsyncResult asyncResult, Object tag)
   at System.Web.Mvc.Async.AsyncResultWrapper.End(IAsyncResult asyncResult, Object tag)
   at System.Web.Mvc.MvcHandler.EndProcessRequest(IAsyncResult asyncResult)
   at System.Web.Mvc.MvcHandler.System.Web.IHttpAsyncHandler.EndProcessRequest(IAsyncResult result)
   at System.Web.HttpApplication.CallHandlerExecutionStep.System.Web.HttpApplication.IExecutionStep.Execute()
   at System.Web.HttpApplication.ExecuteStepImpl(IExecutionStep step)
   at System.Web.HttpApplication.ExecuteStep(IExecutionStep step, Boolean& completedSynchronously)
2020-12-31 17:42:37,703 => INFO  NA.PMS.Common.Logger.LogService.LogInformation():24 - Executing Action: GetFormTypeList on Controller: Application For User : .
2020-12-31 17:42:37,744 => INFO  NA.PMS.Common.Logger.LogService.LogInformation():24 - Executed Action: GetFormTypeList on Controller: Application For User : .
2020-12-31 17:42:37,766 => INFO  NA.PMS.Common.Logger.LogService.LogInformation():24 - Executing Action: GetSectorList on Controller: Application For User : .
2020-12-31 17:42:37,819 => INFO  NA.PMS.Common.Logger.LogService.LogInformation():24 - Executed Action: GetSectorList on Controller: Application For User : .
2020-12-31 17:42:38,250 => INFO  NA.PMS.Common.Logger.LogService.LogInformation():24 - Executing Action: GetDirectorTypeList on Controller: Application For User : .
2020-12-31 17:42:38,303 => INFO  NA.PMS.Common.Logger.LogService.LogInformation():24 - Executed Action: GetDirectorTypeList on Controller: Application For User : .
2020-12-31 17:42:38,750 => INFO  NA.PMS.Common.Logger.LogService.LogInformation():24 - Executing Action: GetApplicantTypeList on Controller: Application For User : .
2020-12-31 17:42:38,807 => INFO  NA.PMS.Common.Logger.LogService.LogInformation():24 - Executed Action: GetApplicantTypeList on Controller: Application For User : .
2020-12-31 17:42:38,835 => INFO  NA.PMS.Common.Logger.LogService.LogInformation():24 - Executing Action: GetCompanyTypeList on Controller: Application For User : .
2020-12-31 17:42:38,875 => INFO  NA.PMS.Common.Logger.LogService.LogInformation():24 - Executed Action: GetCompanyTypeList on Controller: Application For User : .
2020-12-31 17:49:57,170 => INFO  NA.PMS.Common.Logger.LogService.LogInformation():24 - Executing Action: GetApplicantTypeList on Controller: Application For User : .
2020-12-31 17:49:57,340 => INFO  NA.PMS.Common.Logger.LogService.LogInformation():24 - Executed Action: GetApplicantTypeList on Controller: Application For User : .
2020-12-31 17:49:57,382 => INFO  NA.PMS.Common.Logger.LogService.LogInformation():24 - Executing Action: GetCompanyTypeList on Controller: Application For User : .
2020-12-31 17:49:57,434 => INFO  NA.PMS.Common.Logger.LogService.LogInformation():24 - Executed Action: GetCompanyTypeList on Controller: Application For User : .
2020-12-31 17:49:57,635 => INFO  NA.PMS.Common.Logger.LogService.LogInformation():24 - Executing Action: GetFormTypeList on Controller: Application For User : .
2020-12-31 17:49:57,680 => INFO  NA.PMS.Common.Logger.LogService.LogInformation():24 - Executed Action: GetFormTypeList on Controller: Application For User : .
2020-12-31 17:49:57,710 => INFO  NA.PMS.Common.Logger.LogService.LogInformation():24 - Executing Action: GetSectorList on Controller: Application For User : .
2020-12-31 17:49:57,762 => INFO  NA.PMS.Common.Logger.LogService.LogInformation():24 - Executed Action: GetSectorList on Controller: Application For User : .
2020-12-31 17:49:58,190 => INFO  NA.PMS.Common.Logger.LogService.LogInformation():24 - Executing Action: GetFloorAreaList on Controller: Application For User : .
2020-12-31 17:49:58,237 => INFO  NA.PMS.Common.Logger.LogService.LogInformation():24 - Executed Action: GetFloorAreaList on Controller: Application For User : .
2020-12-31 17:49:58,300 => ERROR NA.PMS.Common.Logger.LogService.LogError():97 - Controller Exception
System.ArgumentException: The parameters dictionary contains a null entry for parameter 'schemeId' of non-nullable type 'System.Int32' for method 'System.Web.Mvc.JsonResult GetFloorAreaList(Int32, Int32)' in 'NA.PMS.Web.Areas.Online.Controllers.ApplicationController'. An optional parameter must be a reference type, a nullable type, or be declared as an optional parameter.
Parameter name: parameters
   at System.Web.Mvc.ActionDescriptor.ExtractParameterFromDictionary(ParameterInfo parameterInfo, IDictionary`2 parameters, MethodInfo methodInfo)
   at System.Web.Mvc.ReflectedActionDescriptor.Execute(ControllerContext controllerContext, IDictionary`2 parameters)
   at System.Web.Mvc.ControllerActionInvoker.InvokeActionMethod(ControllerContext controllerContext, ActionDescriptor actionDescriptor, IDictionary`2 parameters)
   at System.Web.Mvc.Async.AsyncControllerActionInvoker.ActionInvocation.InvokeSynchronousActionMethod()
   at System.Web.Mvc.Async.AsyncControllerActionInvoker.<BeginInvokeSynchronousActionMethod>b__39(IAsyncResult asyncResult, ActionInvocation innerInvokeState)
   at System.Web.Mvc.Async.AsyncResultWrapper.WrappedAsyncResult`2.CallEndDelegate(IAsyncResult asyncResult)
   at System.Web.Mvc.Async.AsyncResultWrapper.WrappedAsyncResultBase`1.End()
   at System.Web.Mvc.Async.AsyncResultWrapper.End[TResult](IAsyncResult asyncResult, Object tag)
   at System.Web.Mvc.Async.AsyncControllerActionInvoker.EndInvokeActionMethod(IAsyncResult asyncResult)
   at System.Web.Mvc.Async.AsyncControllerActionInvoker.AsyncInvocationWithFilters.<InvokeActionMethodFilterAsynchronouslyRecursive>b__3d()
   at System.Web.Mvc.Async.AsyncControllerActionInvoker.AsyncInvocationWithFilters.<>c__DisplayClass46.<InvokeActionMethodFilterAsynchronouslyRecursive>b__3f()
   at System.Web.Mvc.Async.AsyncControllerActionInvoker.AsyncInvocationWithFilters.<>c__DisplayClass46.<InvokeActionMethodFilterAsynchronouslyRecursive>b__3f()
   at System.Web.Mvc.Async.AsyncControllerActionInvoker.<>c__DisplayClass33.<BeginInvokeActionMethodWithFilters>b__32(IAsyncResult asyncResult)
   at System.Web.Mvc.Async.AsyncResultWrapper.WrappedAsyncResult`1.CallEndDelegate(IAsyncResult asyncResult)
   at System.Web.Mvc.Async.AsyncResultWrapper.WrappedAsyncResultBase`1.End()
   at System.Web.Mvc.Async.AsyncResultWrapper.End[TResult](IAsyncResult asyncResult, Object tag)
   at System.Web.Mvc.Async.AsyncControllerActionInvoker.EndInvokeActionMethodWithFilters(IAsyncResult asyncResult)
   at System.Web.Mvc.Async.AsyncControllerActionInvoker.<>c__DisplayClass21.<>c__DisplayClass2b.<BeginInvokeAction>b__1c()
   at System.Web.Mvc.Async.AsyncControllerActionInvoker.<>c__DisplayClass21.<BeginInvokeAction>b__1e(IAsyncResult asyncResult)
2020-12-31 17:49:58,330 => ERROR NA.PMS.Common.Logger.LogService.LogError():97 - Global Exception
System.ArgumentException: The parameters dictionary contains a null entry for parameter 'schemeId' of non-nullable type 'System.Int32' for method 'System.Web.Mvc.JsonResult GetFloorAreaList(Int32, Int32)' in 'NA.PMS.Web.Areas.Online.Controllers.ApplicationController'. An optional parameter must be a reference type, a nullable type, or be declared as an optional parameter.
Parameter name: parameters
   at System.Web.Mvc.ActionDescriptor.ExtractParameterFromDictionary(ParameterInfo parameterInfo, IDictionary`2 parameters, MethodInfo methodInfo)
   at System.Web.Mvc.ReflectedActionDescriptor.Execute(ControllerContext controllerContext, IDictionary`2 parameters)
   at System.Web.Mvc.ControllerActionInvoker.InvokeActionMethod(ControllerContext controllerContext, ActionDescriptor actionDescriptor, IDictionary`2 parameters)
   at System.Web.Mvc.Async.AsyncControllerActionInvoker.ActionInvocation.InvokeSynchronousActionMethod()
   at System.Web.Mvc.Async.AsyncControllerActionInvoker.<BeginInvokeSynchronousActionMethod>b__39(IAsyncResult asyncResult, ActionInvocation innerInvokeState)
   at System.Web.Mvc.Async.AsyncResultWrapper.WrappedAsyncResult`2.CallEndDelegate(IAsyncResult asyncResult)
   at System.Web.Mvc.Async.AsyncResultWrapper.WrappedAsyncResultBase`1.End()
   at System.Web.Mvc.Async.AsyncResultWrapper.End[TResult](IAsyncResult asyncResult, Object tag)
   at System.Web.Mvc.Async.AsyncControllerActionInvoker.EndInvokeActionMethod(IAsyncResult asyncResult)
   at System.Web.Mvc.Async.AsyncControllerActionInvoker.AsyncInvocationWithFilters.<InvokeActionMethodFilterAsynchronouslyRecursive>b__3d()
   at System.Web.Mvc.Async.AsyncControllerActionInvoker.AsyncInvocationWithFilters.<>c__DisplayClass46.<InvokeActionMethodFilterAsynchronouslyRecursive>b__3f()
   at System.Web.Mvc.Async.AsyncControllerActionInvoker.AsyncInvocationWithFilters.<>c__DisplayClass46.<InvokeActionMethodFilterAsynchronouslyRecursive>b__3f()
   at System.Web.Mvc.Async.AsyncControllerActionInvoker.<>c__DisplayClass33.<BeginInvokeActionMethodWithFilters>b__32(IAsyncResult asyncResult)
   at System.Web.Mvc.Async.AsyncResultWrapper.WrappedAsyncResult`1.CallEndDelegate(IAsyncResult asyncResult)
   at System.Web.Mvc.Async.AsyncResultWrapper.WrappedAsyncResultBase`1.End()
   at System.Web.Mvc.Async.AsyncResultWrapper.End[TResult](IAsyncResult asyncResult, Object tag)
   at System.Web.Mvc.Async.AsyncControllerActionInvoker.EndInvokeActionMethodWithFilters(IAsyncResult asyncResult)
   at System.Web.Mvc.Async.AsyncControllerActionInvoker.<>c__DisplayClass21.<>c__DisplayClass2b.<BeginInvokeAction>b__1c()
   at System.Web.Mvc.Async.AsyncControllerActionInvoker.<>c__DisplayClass21.<BeginInvokeAction>b__1e(IAsyncResult asyncResult)
   at System.Web.Mvc.Async.AsyncResultWrapper.WrappedAsyncResult`1.CallEndDelegate(IAsyncResult asyncResult)
   at System.Web.Mvc.Async.AsyncResultWrapper.WrappedAsyncResultBase`1.End()
   at System.Web.Mvc.Async.AsyncResultWrapper.End[TResult](IAsyncResult asyncResult, Object tag)
   at System.Web.Mvc.Async.AsyncControllerActionInvoker.EndInvokeAction(IAsyncResult asyncResult)
   at System.Web.Mvc.Controller.<BeginExecuteCore>b__1d(IAsyncResult asyncResult, ExecuteCoreState innerState)
   at System.Web.Mvc.Async.AsyncResultWrapper.WrappedAsyncVoid`1.CallEndDelegate(IAsyncResult asyncResult)
   at System.Web.Mvc.Async.AsyncResultWrapper.WrappedAsyncResultBase`1.End()
   at System.Web.Mvc.Async.AsyncResultWrapper.End[TResult](IAsyncResult asyncResult, Object tag)
   at System.Web.Mvc.Async.AsyncResultWrapper.End(IAsyncResult asyncResult, Object tag)
   at System.Web.Mvc.Controller.EndExecuteCore(IAsyncResult asyncResult)
   at System.Web.Mvc.Controller.<BeginExecute>b__15(IAsyncResult asyncResult, Controller controller)
   at System.Web.Mvc.Async.AsyncResultWrapper.WrappedAsyncVoid`1.CallEndDelegate(IAsyncResult asyncResult)
   at System.Web.Mvc.Async.AsyncResultWrapper.WrappedAsyncResultBase`1.End()
   at System.Web.Mvc.Async.AsyncResultWrapper.End[TResult](IAsyncResult asyncResult, Object tag)
   at System.Web.Mvc.Async.AsyncResultWrapper.End(IAsyncResult asyncResult, Object tag)
   at System.Web.Mvc.Controller.EndExecute(IAsyncResult asyncResult)
   at System.Web.Mvc.Controller.System.Web.Mvc.Async.IAsyncController.EndExecute(IAsyncResult asyncResult)
   at System.Web.Mvc.MvcHandler.<BeginProcessRequest>b__5(IAsyncResult asyncResult, ProcessRequestState innerState)
   at System.Web.Mvc.Async.AsyncResultWrapper.WrappedAsyncVoid`1.CallEndDelegate(IAsyncResult asyncResult)
   at System.Web.Mvc.Async.AsyncResultWrapper.WrappedAsyncResultBase`1.End()
   at System.Web.Mvc.Async.AsyncResultWrapper.End[TResult](IAsyncResult asyncResult, Object tag)
   at System.Web.Mvc.Async.AsyncResultWrapper.End(IAsyncResult asyncResult, Object tag)
   at System.Web.Mvc.MvcHandler.EndProcessRequest(IAsyncResult asyncResult)
   at System.Web.Mvc.MvcHandler.System.Web.IHttpAsyncHandler.EndProcessRequest(IAsyncResult result)
   at System.Web.HttpApplication.CallHandlerExecutionStep.System.Web.HttpApplication.IExecutionStep.Execute()
   at System.Web.HttpApplication.ExecuteStepImpl(IExecutionStep step)
   at System.Web.HttpApplication.ExecuteStep(IExecutionStep step, Boolean& completedSynchronously)
2020-12-31 17:49:58,700 => INFO  NA.PMS.Common.Logger.LogService.LogInformation():24 - Executing Action: GetDirectorTypeList on Controller: Application For User : .
2020-12-31 17:49:58,738 => INFO  NA.PMS.Common.Logger.LogService.LogInformation():24 - Executed Action: GetDirectorTypeList on Controller: Application For User : .
2020-12-31 18:02:55,374 => INFO  NA.PMS.Common.Logger.LogService.LogInformation():24 - Executing Action: GetApplicantTypeList on Controller: Application For User : .
2020-12-31 18:02:55,595 => INFO  NA.PMS.Common.Logger.LogService.LogInformation():24 - Executed Action: GetApplicantTypeList on Controller: Application For User : .
2020-12-31 18:02:55,622 => INFO  NA.PMS.Common.Logger.LogService.LogInformation():24 - Executing Action: GetCompanyTypeList on Controller: Application For User : .
2020-12-31 18:02:55,660 => INFO  NA.PMS.Common.Logger.LogService.LogInformation():24 - Executed Action: GetCompanyTypeList on Controller: Application For User : .
2020-12-31 18:02:55,940 => INFO  NA.PMS.Common.Logger.LogService.LogInformation():24 - Executing Action: GetFloorAreaList on Controller: Application For User : .
2020-12-31 18:02:55,993 => INFO  NA.PMS.Common.Logger.LogService.LogInformation():24 - Executed Action: GetFloorAreaList on Controller: Application For User : .
2020-12-31 18:02:56,083 => ERROR NA.PMS.Common.Logger.LogService.LogError():97 - Controller Exception
System.ArgumentException: The parameters dictionary contains a null entry for parameter 'schemeId' of non-nullable type 'System.Int32' for method 'System.Web.Mvc.JsonResult GetFloorAreaList(Int32, Int32)' in 'NA.PMS.Web.Areas.Online.Controllers.ApplicationController'. An optional parameter must be a reference type, a nullable type, or be declared as an optional parameter.
Parameter name: parameters
   at System.Web.Mvc.ActionDescriptor.ExtractParameterFromDictionary(ParameterInfo parameterInfo, IDictionary`2 parameters, MethodInfo methodInfo)
   at System.Web.Mvc.ReflectedActionDescriptor.Execute(ControllerContext controllerContext, IDictionary`2 parameters)
   at System.Web.Mvc.ControllerActionInvoker.InvokeActionMethod(ControllerContext controllerContext, ActionDescriptor actionDescriptor, IDictionary`2 parameters)
   at System.Web.Mvc.Async.AsyncControllerActionInvoker.ActionInvocation.InvokeSynchronousActionMethod()
   at System.Web.Mvc.Async.AsyncControllerActionInvoker.<BeginInvokeSynchronousActionMethod>b__39(IAsyncResult asyncResult, ActionInvocation innerInvokeState)
   at System.Web.Mvc.Async.AsyncResultWrapper.WrappedAsyncResult`2.CallEndDelegate(IAsyncResult asyncResult)
   at System.Web.Mvc.Async.AsyncResultWrapper.WrappedAsyncResultBase`1.End()
   at System.Web.Mvc.Async.AsyncResultWrapper.End[TResult](IAsyncResult asyncResult, Object tag)
   at System.Web.Mvc.Async.AsyncControllerActionInvoker.EndInvokeActionMethod(IAsyncResult asyncResult)
   at System.Web.Mvc.Async.AsyncControllerActionInvoker.AsyncInvocationWithFilters.<InvokeActionMethodFilterAsynchronouslyRecursive>b__3d()
   at System.Web.Mvc.Async.AsyncControllerActionInvoker.AsyncInvocationWithFilters.<>c__DisplayClass46.<InvokeActionMethodFilterAsynchronouslyRecursive>b__3f()
   at System.Web.Mvc.Async.AsyncControllerActionInvoker.AsyncInvocationWithFilters.<>c__DisplayClass46.<InvokeActionMethodFilterAsynchronouslyRecursive>b__3f()
   at System.Web.Mvc.Async.AsyncControllerActionInvoker.<>c__DisplayClass33.<BeginInvokeActionMethodWithFilters>b__32(IAsyncResult asyncResult)
   at System.Web.Mvc.Async.AsyncResultWrapper.WrappedAsyncResult`1.CallEndDelegate(IAsyncResult asyncResult)
   at System.Web.Mvc.Async.AsyncResultWrapper.WrappedAsyncResultBase`1.End()
   at System.Web.Mvc.Async.AsyncResultWrapper.End[TResult](IAsyncResult asyncResult, Object tag)
   at System.Web.Mvc.Async.AsyncControllerActionInvoker.EndInvokeActionMethodWithFilters(IAsyncResult asyncResult)
   at System.Web.Mvc.Async.AsyncControllerActionInvoker.<>c__DisplayClass21.<>c__DisplayClass2b.<BeginInvokeAction>b__1c()
   at System.Web.Mvc.Async.AsyncControllerActionInvoker.<>c__DisplayClass21.<BeginInvokeAction>b__1e(IAsyncResult asyncResult)
2020-12-31 18:02:56,135 => ERROR NA.PMS.Common.Logger.LogService.LogError():97 - Global Exception
System.ArgumentException: The parameters dictionary contains a null entry for parameter 'schemeId' of non-nullable type 'System.Int32' for method 'System.Web.Mvc.JsonResult GetFloorAreaList(Int32, Int32)' in 'NA.PMS.Web.Areas.Online.Controllers.ApplicationController'. An optional parameter must be a reference type, a nullable type, or be declared as an optional parameter.
Parameter name: parameters
   at System.Web.Mvc.ActionDescriptor.ExtractParameterFromDictionary(ParameterInfo parameterInfo, IDictionary`2 parameters, MethodInfo methodInfo)
   at System.Web.Mvc.ReflectedActionDescriptor.Execute(ControllerContext controllerContext, IDictionary`2 parameters)
   at System.Web.Mvc.ControllerActionInvoker.InvokeActionMethod(ControllerContext controllerContext, ActionDescriptor actionDescriptor, IDictionary`2 parameters)
   at System.Web.Mvc.Async.AsyncControllerActionInvoker.ActionInvocation.InvokeSynchronousActionMethod()
   at System.Web.Mvc.Async.AsyncControllerActionInvoker.<BeginInvokeSynchronousActionMethod>b__39(IAsyncResult asyncResult, ActionInvocation innerInvokeState)
   at System.Web.Mvc.Async.AsyncResultWrapper.WrappedAsyncResult`2.CallEndDelegate(IAsyncResult asyncResult)
   at System.Web.Mvc.Async.AsyncResultWrapper.WrappedAsyncResultBase`1.End()
   at System.Web.Mvc.Async.AsyncResultWrapper.End[TResult](IAsyncResult asyncResult, Object tag)
   at System.Web.Mvc.Async.AsyncControllerActionInvoker.EndInvokeActionMethod(IAsyncResult asyncResult)
   at System.Web.Mvc.Async.AsyncControllerActionInvoker.AsyncInvocationWithFilters.<InvokeActionMethodFilterAsynchronouslyRecursive>b__3d()
   at System.Web.Mvc.Async.AsyncControllerActionInvoker.AsyncInvocationWithFilters.<>c__DisplayClass46.<InvokeActionMethodFilterAsynchronouslyRecursive>b__3f()
   at System.Web.Mvc.Async.AsyncControllerActionInvoker.AsyncInvocationWithFilters.<>c__DisplayClass46.<InvokeActionMethodFilterAsynchronouslyRecursive>b__3f()
   at System.Web.Mvc.Async.AsyncControllerActionInvoker.<>c__DisplayClass33.<BeginInvokeActionMethodWithFilters>b__32(IAsyncResult asyncResult)
   at System.Web.Mvc.Async.AsyncResultWrapper.WrappedAsyncResult`1.CallEndDelegate(IAsyncResult asyncResult)
   at System.Web.Mvc.Async.AsyncResultWrapper.WrappedAsyncResultBase`1.End()
   at System.Web.Mvc.Async.AsyncResultWrapper.End[TResult](IAsyncResult asyncResult, Object tag)
   at System.Web.Mvc.Async.AsyncControllerActionInvoker.EndInvokeActionMethodWithFilters(IAsyncResult asyncResult)
   at System.Web.Mvc.Async.AsyncControllerActionInvoker.<>c__DisplayClass21.<>c__DisplayClass2b.<BeginInvokeAction>b__1c()
   at System.Web.Mvc.Async.AsyncControllerActionInvoker.<>c__DisplayClass21.<BeginInvokeAction>b__1e(IAsyncResult asyncResult)
   at System.Web.Mvc.Async.AsyncResultWrapper.WrappedAsyncResult`1.CallEndDelegate(IAsyncResult asyncResult)
   at System.Web.Mvc.Async.AsyncResultWrapper.WrappedAsyncResultBase`1.End()
   at System.Web.Mvc.Async.AsyncResultWrapper.End[TResult](IAsyncResult asyncResult, Object tag)
   at System.Web.Mvc.Async.AsyncControllerActionInvoker.EndInvokeAction(IAsyncResult asyncResult)
   at System.Web.Mvc.Controller.<BeginExecuteCore>b__1d(IAsyncResult asyncResult, ExecuteCoreState innerState)
   at System.Web.Mvc.Async.AsyncResultWrapper.WrappedAsyncVoid`1.CallEndDelegate(IAsyncResult asyncResult)
   at System.Web.Mvc.Async.AsyncResultWrapper.WrappedAsyncResultBase`1.End()
   at System.Web.Mvc.Async.AsyncResultWrapper.End[TResult](IAsyncResult asyncResult, Object tag)
   at System.Web.Mvc.Async.AsyncResultWrapper.End(IAsyncResult asyncResult, Object tag)
   at System.Web.Mvc.Controller.EndExecuteCore(IAsyncResult asyncResult)
   at System.Web.Mvc.Controller.<BeginExecute>b__15(IAsyncResult asyncResult, Controller controller)
   at System.Web.Mvc.Async.AsyncResultWrapper.WrappedAsyncVoid`1.CallEndDelegate(IAsyncResult asyncResult)
   at System.Web.Mvc.Async.AsyncResultWrapper.WrappedAsyncResultBase`1.End()
   at System.Web.Mvc.Async.AsyncResultWrapper.End[TResult](IAsyncResult asyncResult, Object tag)
   at System.Web.Mvc.Async.AsyncResultWrapper.End(IAsyncResult asyncResult, Object tag)
   at System.Web.Mvc.Controller.EndExecute(IAsyncResult asyncResult)
   at System.Web.Mvc.Controller.System.Web.Mvc.Async.IAsyncController.EndExecute(IAsyncResult asyncResult)
   at System.Web.Mvc.MvcHandler.<BeginProcessRequest>b__5(IAsyncResult asyncResult, ProcessRequestState innerState)
   at System.Web.Mvc.Async.AsyncResultWrapper.WrappedAsyncVoid`1.CallEndDelegate(IAsyncResult asyncResult)
   at System.Web.Mvc.Async.AsyncResultWrapper.WrappedAsyncResultBase`1.End()
   at System.Web.Mvc.Async.AsyncResultWrapper.End[TResult](IAsyncResult asyncResult, Object tag)
   at System.Web.Mvc.Async.AsyncResultWrapper.End(IAsyncResult asyncResult, Object tag)
   at System.Web.Mvc.MvcHandler.EndProcessRequest(IAsyncResult asyncResult)
   at System.Web.Mvc.MvcHandler.System.Web.IHttpAsyncHandler.EndProcessRequest(IAsyncResult result)
   at System.Web.HttpApplication.CallHandlerExecutionStep.System.Web.HttpApplication.IExecutionStep.Execute()
   at System.Web.HttpApplication.ExecuteStepImpl(IExecutionStep step)
   at System.Web.HttpApplication.ExecuteStep(IExecutionStep step, Boolean& completedSynchronously)
2020-12-31 18:02:56,442 => INFO  NA.PMS.Common.Logger.LogService.LogInformation():24 - Executing Action: GetDirectorTypeList on Controller: Application For User : .
2020-12-31 18:02:56,494 => INFO  NA.PMS.Common.Logger.LogService.LogInformation():24 - Executed Action: GetDirectorTypeList on Controller: Application For User : .
2020-12-31 18:02:56,951 => INFO  NA.PMS.Common.Logger.LogService.LogInformation():24 - Executing Action: GetSectorList on Controller: Application For User : .
2020-12-31 18:02:56,994 => INFO  NA.PMS.Common.Logger.LogService.LogInformation():24 - Executed Action: GetSectorList on Controller: Application For User : .
2020-12-31 18:02:59,142 => INFO  NA.PMS.Common.Logger.LogService.LogInformation():24 - Executing Action: GetFormSubTypeList on Controller: Application For User : .
2020-12-31 18:02:59,188 => INFO  NA.PMS.Common.Logger.LogService.LogInformation():24 - Executed Action: GetFormSubTypeList on Controller: Application For User : .
2020-12-31 18:02:59,220 => INFO  NA.PMS.Common.Logger.LogService.LogInformation():24 - Executing Action: GetFormSubTypeList on Controller: Application For User : .
2020-12-31 18:02:59,258 => INFO  NA.PMS.Common.Logger.LogService.LogInformation():24 - Executed Action: GetFormSubTypeList on Controller: Application For User : .
2020-12-31 18:03:01,005 => INFO  NA.PMS.Common.Logger.LogService.LogInformation():24 - Executing Action: GetFormSubTypeList on Controller: Application For User : .
2020-12-31 18:03:01,045 => INFO  NA.PMS.Common.Logger.LogService.LogInformation():24 - Executed Action: GetFormSubTypeList on Controller: Application For User : .
2020-12-31 18:03:01,072 => INFO  NA.PMS.Common.Logger.LogService.LogInformation():24 - Executing Action: GetFormSubTypeList on Controller: Application For User : .
2020-12-31 18:03:01,113 => INFO  NA.PMS.Common.Logger.LogService.LogInformation():24 - Executed Action: GetFormSubTypeList on Controller: Application For User : .
2020-12-31 18:03:02,924 => INFO  NA.PMS.Common.Logger.LogService.LogInformation():24 - Executing Action: GetFormSubTypeList on Controller: Application For User : .
2020-12-31 18:03:02,962 => INFO  NA.PMS.Common.Logger.LogService.LogInformation():24 - Executed Action: GetFormSubTypeList on Controller: Application For User : .
2020-12-31 18:03:02,988 => INFO  NA.PMS.Common.Logger.LogService.LogInformation():24 - Executing Action: GetFormSubTypeList on Controller: Application For User : .
2020-12-31 18:03:03,025 => INFO  NA.PMS.Common.Logger.LogService.LogInformation():24 - Executed Action: GetFormSubTypeList on Controller: Application For User : .
2020-12-31 18:03:04,757 => INFO  NA.PMS.Common.Logger.LogService.LogInformation():24 - Executing Action: GetFormSubTypeList on Controller: Application For User : .
2020-12-31 18:03:04,795 => INFO  NA.PMS.Common.Logger.LogService.LogInformation():24 - Executed Action: GetFormSubTypeList on Controller: Application For User : .
2020-12-31 18:03:04,822 => INFO  NA.PMS.Common.Logger.LogService.LogInformation():24 - Executing Action: GetFormSubTypeList on Controller: Application For User : .
2020-12-31 18:03:04,862 => INFO  NA.PMS.Common.Logger.LogService.LogInformation():24 - Executed Action: GetFormSubTypeList on Controller: Application For User : .
2020-12-31 18:03:46,935 => INFO  NA.PMS.Common.Logger.LogService.LogInformation():24 - Executing Action: GetCompanyTypeList on Controller: Application For User : .
2020-12-31 18:03:46,976 => INFO  NA.PMS.Common.Logger.LogService.LogInformation():24 - Executed Action: GetCompanyTypeList on Controller: Application For User : .
2020-12-31 18:03:49,124 => INFO  NA.PMS.Common.Logger.LogService.LogInformation():24 - Executing Action: GetFormSubTypeList on Controller: Application For User : .
2020-12-31 18:03:49,167 => INFO  NA.PMS.Common.Logger.LogService.LogInformation():24 - Executed Action: GetFormSubTypeList on Controller: Application For User : .
2020-12-31 18:03:49,197 => INFO  NA.PMS.Common.Logger.LogService.LogInformation():24 - Executing Action: GetFormSubTypeList on Controller: Application For User : .
2020-12-31 18:03:49,237 => INFO  NA.PMS.Common.Logger.LogService.LogInformation():24 - Executed Action: GetFormSubTypeList on Controller: Application For User : .
2020-12-31 18:04:32,944 => INFO  NA.PMS.Common.Logger.LogService.LogInformation():24 - Executing Action: GetDirectorTypeList on Controller: Application For User : .
2020-12-31 18:04:33,008 => INFO  NA.PMS.Common.Logger.LogService.LogInformation():24 - Executed Action: GetDirectorTypeList on Controller: Application For User : .
2020-12-31 18:04:33,415 => INFO  NA.PMS.Common.Logger.LogService.LogInformation():24 - Executing Action: GetFloorAreaList on Controller: Application For User : .
2020-12-31 18:04:33,460 => INFO  NA.PMS.Common.Logger.LogService.LogInformation():24 - Executed Action: GetFloorAreaList on Controller: Application For User : .
2020-12-31 18:04:33,532 => ERROR NA.PMS.Common.Logger.LogService.LogError():97 - Controller Exception
System.ArgumentException: The parameters dictionary contains a null entry for parameter 'schemeId' of non-nullable type 'System.Int32' for method 'System.Web.Mvc.JsonResult GetFloorAreaList(Int32, Int32)' in 'NA.PMS.Web.Areas.Online.Controllers.ApplicationController'. An optional parameter must be a reference type, a nullable type, or be declared as an optional parameter.
Parameter name: parameters
   at System.Web.Mvc.ActionDescriptor.ExtractParameterFromDictionary(ParameterInfo parameterInfo, IDictionary`2 parameters, MethodInfo methodInfo)
   at System.Web.Mvc.ReflectedActionDescriptor.Execute(ControllerContext controllerContext, IDictionary`2 parameters)
   at System.Web.Mvc.ControllerActionInvoker.InvokeActionMethod(ControllerContext controllerContext, ActionDescriptor actionDescriptor, IDictionary`2 parameters)
   at System.Web.Mvc.Async.AsyncControllerActionInvoker.ActionInvocation.InvokeSynchronousActionMethod()
   at System.Web.Mvc.Async.AsyncControllerActionInvoker.<BeginInvokeSynchronousActionMethod>b__39(IAsyncResult asyncResult, ActionInvocation innerInvokeState)
   at System.Web.Mvc.Async.AsyncResultWrapper.WrappedAsyncResult`2.CallEndDelegate(IAsyncResult asyncResult)
   at System.Web.Mvc.Async.AsyncResultWrapper.WrappedAsyncResultBase`1.End()
   at System.Web.Mvc.Async.AsyncResultWrapper.End[TResult](IAsyncResult asyncResult, Object tag)
   at System.Web.Mvc.Async.AsyncControllerActionInvoker.EndInvokeActionMethod(IAsyncResult asyncResult)
   at System.Web.Mvc.Async.AsyncControllerActionInvoker.AsyncInvocationWithFilters.<InvokeActionMethodFilterAsynchronouslyRecursive>b__3d()
   at System.Web.Mvc.Async.AsyncControllerActionInvoker.AsyncInvocationWithFilters.<>c__DisplayClass46.<InvokeActionMethodFilterAsynchronouslyRecursive>b__3f()
   at System.Web.Mvc.Async.AsyncControllerActionInvoker.AsyncInvocationWithFilters.<>c__DisplayClass46.<InvokeActionMethodFilterAsynchronouslyRecursive>b__3f()
   at System.Web.Mvc.Async.AsyncControllerActionInvoker.<>c__DisplayClass33.<BeginInvokeActionMethodWithFilters>b__32(IAsyncResult asyncResult)
   at System.Web.Mvc.Async.AsyncResultWrapper.WrappedAsyncResult`1.CallEndDelegate(IAsyncResult asyncResult)
   at System.Web.Mvc.Async.AsyncResultWrapper.WrappedAsyncResultBase`1.End()
   at System.Web.Mvc.Async.AsyncResultWrapper.End[TResult](IAsyncResult asyncResult, Object tag)
   at System.Web.Mvc.Async.AsyncControllerActionInvoker.EndInvokeActionMethodWithFilters(IAsyncResult asyncResult)
   at System.Web.Mvc.Async.AsyncControllerActionInvoker.<>c__DisplayClass21.<>c__DisplayClass2b.<BeginInvokeAction>b__1c()
   at System.Web.Mvc.Async.AsyncControllerActionInvoker.<>c__DisplayClass21.<BeginInvokeAction>b__1e(IAsyncResult asyncResult)
2020-12-31 18:04:33,581 => ERROR NA.PMS.Common.Logger.LogService.LogError():97 - Global Exception
System.ArgumentException: The parameters dictionary contains a null entry for parameter 'schemeId' of non-nullable type 'System.Int32' for method 'System.Web.Mvc.JsonResult GetFloorAreaList(Int32, Int32)' in 'NA.PMS.Web.Areas.Online.Controllers.ApplicationController'. An optional parameter must be a reference type, a nullable type, or be declared as an optional parameter.
Parameter name: parameters
   at System.Web.Mvc.ActionDescriptor.ExtractParameterFromDictionary(ParameterInfo parameterInfo, IDictionary`2 parameters, MethodInfo methodInfo)
   at System.Web.Mvc.ReflectedActionDescriptor.Execute(ControllerContext controllerContext, IDictionary`2 parameters)
   at System.Web.Mvc.ControllerActionInvoker.InvokeActionMethod(ControllerContext controllerContext, ActionDescriptor actionDescriptor, IDictionary`2 parameters)
   at System.Web.Mvc.Async.AsyncControllerActionInvoker.ActionInvocation.InvokeSynchronousActionMethod()
   at System.Web.Mvc.Async.AsyncControllerActionInvoker.<BeginInvokeSynchronousActionMethod>b__39(IAsyncResult asyncResult, ActionInvocation innerInvokeState)
   at System.Web.Mvc.Async.AsyncResultWrapper.WrappedAsyncResult`2.CallEndDelegate(IAsyncResult asyncResult)
   at System.Web.Mvc.Async.AsyncResultWrapper.WrappedAsyncResultBase`1.End()
   at System.Web.Mvc.Async.AsyncResultWrapper.End[TResult](IAsyncResult asyncResult, Object tag)
   at System.Web.Mvc.Async.AsyncControllerActionInvoker.EndInvokeActionMethod(IAsyncResult asyncResult)
   at System.Web.Mvc.Async.AsyncControllerActionInvoker.AsyncInvocationWithFilters.<InvokeActionMethodFilterAsynchronouslyRecursive>b__3d()
   at System.Web.Mvc.Async.AsyncControllerActionInvoker.AsyncInvocationWithFilters.<>c__DisplayClass46.<InvokeActionMethodFilterAsynchronouslyRecursive>b__3f()
   at System.Web.Mvc.Async.AsyncControllerActionInvoker.AsyncInvocationWithFilters.<>c__DisplayClass46.<InvokeActionMethodFilterAsynchronouslyRecursive>b__3f()
   at System.Web.Mvc.Async.AsyncControllerActionInvoker.<>c__DisplayClass33.<BeginInvokeActionMethodWithFilters>b__32(IAsyncResult asyncResult)
   at System.Web.Mvc.Async.AsyncResultWrapper.WrappedAsyncResult`1.CallEndDelegate(IAsyncResult asyncResult)
   at System.Web.Mvc.Async.AsyncResultWrapper.WrappedAsyncResultBase`1.End()
   at System.Web.Mvc.Async.AsyncResultWrapper.End[TResult](IAsyncResult asyncResult, Object tag)
   at System.Web.Mvc.Async.AsyncControllerActionInvoker.EndInvokeActionMethodWithFilters(IAsyncResult asyncResult)
   at System.Web.Mvc.Async.AsyncControllerActionInvoker.<>c__DisplayClass21.<>c__DisplayClass2b.<BeginInvokeAction>b__1c()
   at System.Web.Mvc.Async.AsyncControllerActionInvoker.<>c__DisplayClass21.<BeginInvokeAction>b__1e(IAsyncResult asyncResult)
   at System.Web.Mvc.Async.AsyncResultWrapper.WrappedAsyncResult`1.CallEndDelegate(IAsyncResult asyncResult)
   at System.Web.Mvc.Async.AsyncResultWrapper.WrappedAsyncResultBase`1.End()
   at System.Web.Mvc.Async.AsyncResultWrapper.End[TResult](IAsyncResult asyncResult, Object tag)
   at System.Web.Mvc.Async.AsyncControllerActionInvoker.EndInvokeAction(IAsyncResult asyncResult)
   at System.Web.Mvc.Controller.<BeginExecuteCore>b__1d(IAsyncResult asyncResult, ExecuteCoreState innerState)
   at System.Web.Mvc.Async.AsyncResultWrapper.WrappedAsyncVoid`1.CallEndDelegate(IAsyncResult asyncResult)
   at System.Web.Mvc.Async.AsyncResultWrapper.WrappedAsyncResultBase`1.End()
   at System.Web.Mvc.Async.AsyncResultWrapper.End[TResult](IAsyncResult asyncResult, Object tag)
   at System.Web.Mvc.Async.AsyncResultWrapper.End(IAsyncResult asyncResult, Object tag)
   at System.Web.Mvc.Controller.EndExecuteCore(IAsyncResult asyncResult)
   at System.Web.Mvc.Controller.<BeginExecute>b__15(IAsyncResult asyncResult, Controller controller)
   at System.Web.Mvc.Async.AsyncResultWrapper.WrappedAsyncVoid`1.CallEndDelegate(IAsyncResult asyncResult)
   at System.Web.Mvc.Async.AsyncResultWrapper.WrappedAsyncResultBase`1.End()
   at System.Web.Mvc.Async.AsyncResultWrapper.End[TResult](IAsyncResult asyncResult, Object tag)
   at System.Web.Mvc.Async.AsyncResultWrapper.End(IAsyncResult asyncResult, Object tag)
   at System.Web.Mvc.Controller.EndExecute(IAsyncResult asyncResult)
   at System.Web.Mvc.Controller.System.Web.Mvc.Async.IAsyncController.EndExecute(IAsyncResult asyncResult)
   at System.Web.Mvc.MvcHandler.<BeginProcessRequest>b__5(IAsyncResult asyncResult, ProcessRequestState innerState)
   at System.Web.Mvc.Async.AsyncResultWrapper.WrappedAsyncVoid`1.CallEndDelegate(IAsyncResult asyncResult)
   at System.Web.Mvc.Async.AsyncResultWrapper.WrappedAsyncResultBase`1.End()
   at System.Web.Mvc.Async.AsyncResultWrapper.End[TResult](IAsyncResult asyncResult, Object tag)
   at System.Web.Mvc.Async.AsyncResultWrapper.End(IAsyncResult asyncResult, Object tag)
   at System.Web.Mvc.MvcHandler.EndProcessRequest(IAsyncResult asyncResult)
   at System.Web.Mvc.MvcHandler.System.Web.IHttpAsyncHandler.EndProcessRequest(IAsyncResult result)
   at System.Web.HttpApplication.CallHandlerExecutionStep.System.Web.HttpApplication.IExecutionStep.Execute()
   at System.Web.HttpApplication.ExecuteStepImpl(IExecutionStep step)
   at System.Web.HttpApplication.ExecuteStep(IExecutionStep step, Boolean& completedSynchronously)
2020-12-31 18:04:33,915 => INFO  NA.PMS.Common.Logger.LogService.LogInformation():24 - Executing Action: GetApplicantTypeList on Controller: Application For User : .
2020-12-31 18:04:43,261 => INFO  NA.PMS.Common.Logger.LogService.LogInformation():24 - Executed Action: GetApplicantTypeList on Controller: Application For User : .
2020-12-31 18:04:43,319 => INFO  NA.PMS.Common.Logger.LogService.LogInformation():24 - Executing Action: GetCompanyTypeList on Controller: Application For User : .
2020-12-31 18:04:43,366 => INFO  NA.PMS.Common.Logger.LogService.LogInformation():24 - Executed Action: GetCompanyTypeList on Controller: Application For User : .
2020-12-31 18:04:43,398 => INFO  NA.PMS.Common.Logger.LogService.LogInformation():24 - Executing Action: GetApplicantTypeList on Controller: Application For User : .
2020-12-31 18:04:43,448 => INFO  NA.PMS.Common.Logger.LogService.LogInformation():24 - Executed Action: GetApplicantTypeList on Controller: Application For User : .
2020-12-31 18:04:43,560 => INFO  NA.PMS.Common.Logger.LogService.LogInformation():24 - Executing Action: GetSectorList on Controller: Application For User : .
2020-12-31 18:04:43,670 => INFO  NA.PMS.Common.Logger.LogService.LogInformation():24 - Executed Action: GetSectorList on Controller: Application For User : .
2020-12-31 18:04:43,857 => INFO  NA.PMS.Common.Logger.LogService.LogInformation():24 - Executing Action: GetFormSubTypeList on Controller: Application For User : .
2020-12-31 18:04:43,912 => INFO  NA.PMS.Common.Logger.LogService.LogInformation():24 - Executed Action: GetFormSubTypeList on Controller: Application For User : .
2020-12-31 18:04:43,942 => INFO  NA.PMS.Common.Logger.LogService.LogInformation():24 - Executing Action: GetFormSubTypeList on Controller: Application For User : .
2020-12-31 18:04:43,996 => INFO  NA.PMS.Common.Logger.LogService.LogInformation():24 - Executed Action: GetFormSubTypeList on Controller: Application For User : .
2020-12-31 18:04:52,401 => INFO  NA.PMS.Common.Logger.LogService.LogInformation():24 - Executing Action: GetFloorAreaList on Controller: Application For User : .
2020-12-31 18:04:52,444 => INFO  NA.PMS.Common.Logger.LogService.LogInformation():24 - Executed Action: GetFloorAreaList on Controller: Application For User : .
2020-12-31 18:04:52,513 => ERROR NA.PMS.Common.Logger.LogService.LogError():97 - Controller Exception
System.ArgumentException: The parameters dictionary contains a null entry for parameter 'schemeId' of non-nullable type 'System.Int32' for method 'System.Web.Mvc.JsonResult GetFloorAreaList(Int32, Int32)' in 'NA.PMS.Web.Areas.Online.Controllers.ApplicationController'. An optional parameter must be a reference type, a nullable type, or be declared as an optional parameter.
Parameter name: parameters
   at System.Web.Mvc.ActionDescriptor.ExtractParameterFromDictionary(ParameterInfo parameterInfo, IDictionary`2 parameters, MethodInfo methodInfo)
   at System.Web.Mvc.ReflectedActionDescriptor.Execute(ControllerContext controllerContext, IDictionary`2 parameters)
   at System.Web.Mvc.ControllerActionInvoker.InvokeActionMethod(ControllerContext controllerContext, ActionDescriptor actionDescriptor, IDictionary`2 parameters)
   at System.Web.Mvc.Async.AsyncControllerActionInvoker.ActionInvocation.InvokeSynchronousActionMethod()
   at System.Web.Mvc.Async.AsyncControllerActionInvoker.<BeginInvokeSynchronousActionMethod>b__39(IAsyncResult asyncResult, ActionInvocation innerInvokeState)
   at System.Web.Mvc.Async.AsyncResultWrapper.WrappedAsyncResult`2.CallEndDelegate(IAsyncResult asyncResult)
   at System.Web.Mvc.Async.AsyncResultWrapper.WrappedAsyncResultBase`1.End()
   at System.Web.Mvc.Async.AsyncResultWrapper.End[TResult](IAsyncResult asyncResult, Object tag)
   at System.Web.Mvc.Async.AsyncControllerActionInvoker.EndInvokeActionMethod(IAsyncResult asyncResult)
   at System.Web.Mvc.Async.AsyncControllerActionInvoker.AsyncInvocationWithFilters.<InvokeActionMethodFilterAsynchronouslyRecursive>b__3d()
   at System.Web.Mvc.Async.AsyncControllerActionInvoker.AsyncInvocationWithFilters.<>c__DisplayClass46.<InvokeActionMethodFilterAsynchronouslyRecursive>b__3f()
   at System.Web.Mvc.Async.AsyncControllerActionInvoker.AsyncInvocationWithFilters.<>c__DisplayClass46.<InvokeActionMethodFilterAsynchronouslyRecursive>b__3f()
   at System.Web.Mvc.Async.AsyncControllerActionInvoker.<>c__DisplayClass33.<BeginInvokeActionMethodWithFilters>b__32(IAsyncResult asyncResult)
   at System.Web.Mvc.Async.AsyncResultWrapper.WrappedAsyncResult`1.CallEndDelegate(IAsyncResult asyncResult)
   at System.Web.Mvc.Async.AsyncResultWrapper.WrappedAsyncResultBase`1.End()
   at System.Web.Mvc.Async.AsyncResultWrapper.End[TResult](IAsyncResult asyncResult, Object tag)
   at System.Web.Mvc.Async.AsyncControllerActionInvoker.EndInvokeActionMethodWithFilters(IAsyncResult asyncResult)
   at System.Web.Mvc.Async.AsyncControllerActionInvoker.<>c__DisplayClass21.<>c__DisplayClass2b.<BeginInvokeAction>b__1c()
   at System.Web.Mvc.Async.AsyncControllerActionInvoker.<>c__DisplayClass21.<BeginInvokeAction>b__1e(IAsyncResult asyncResult)
2020-12-31 18:04:52,546 => ERROR NA.PMS.Common.Logger.LogService.LogError():97 - Global Exception
System.ArgumentException: The parameters dictionary contains a null entry for parameter 'schemeId' of non-nullable type 'System.Int32' for method 'System.Web.Mvc.JsonResult GetFloorAreaList(Int32, Int32)' in 'NA.PMS.Web.Areas.Online.Controllers.ApplicationController'. An optional parameter must be a reference type, a nullable type, or be declared as an optional parameter.
Parameter name: parameters
   at System.Web.Mvc.ActionDescriptor.ExtractParameterFromDictionary(ParameterInfo parameterInfo, IDictionary`2 parameters, MethodInfo methodInfo)
   at System.Web.Mvc.ReflectedActionDescriptor.Execute(ControllerContext controllerContext, IDictionary`2 parameters)
   at System.Web.Mvc.ControllerActionInvoker.InvokeActionMethod(ControllerContext controllerContext, ActionDescriptor actionDescriptor, IDictionary`2 parameters)
   at System.Web.Mvc.Async.AsyncControllerActionInvoker.ActionInvocation.InvokeSynchronousActionMethod()
   at System.Web.Mvc.Async.AsyncControllerActionInvoker.<BeginInvokeSynchronousActionMethod>b__39(IAsyncResult asyncResult, ActionInvocation innerInvokeState)
   at System.Web.Mvc.Async.AsyncResultWrapper.WrappedAsyncResult`2.CallEndDelegate(IAsyncResult asyncResult)
   at System.Web.Mvc.Async.AsyncResultWrapper.WrappedAsyncResultBase`1.End()
   at System.Web.Mvc.Async.AsyncResultWrapper.End[TResult](IAsyncResult asyncResult, Object tag)
   at System.Web.Mvc.Async.AsyncControllerActionInvoker.EndInvokeActionMethod(IAsyncResult asyncResult)
   at System.Web.Mvc.Async.AsyncControllerActionInvoker.AsyncInvocationWithFilters.<InvokeActionMethodFilterAsynchronouslyRecursive>b__3d()
   at System.Web.Mvc.Async.AsyncControllerActionInvoker.AsyncInvocationWithFilters.<>c__DisplayClass46.<InvokeActionMethodFilterAsynchronouslyRecursive>b__3f()
   at System.Web.Mvc.Async.AsyncControllerActionInvoker.AsyncInvocationWithFilters.<>c__DisplayClass46.<InvokeActionMethodFilterAsynchronouslyRecursive>b__3f()
   at System.Web.Mvc.Async.AsyncControllerActionInvoker.<>c__DisplayClass33.<BeginInvokeActionMethodWithFilters>b__32(IAsyncResult asyncResult)
   at System.Web.Mvc.Async.AsyncResultWrapper.WrappedAsyncResult`1.CallEndDelegate(IAsyncResult asyncResult)
   at System.Web.Mvc.Async.AsyncResultWrapper.WrappedAsyncResultBase`1.End()
   at System.Web.Mvc.Async.AsyncResultWrapper.End[TResult](IAsyncResult asyncResult, Object tag)
   at System.Web.Mvc.Async.AsyncControllerActionInvoker.EndInvokeActionMethodWithFilters(IAsyncResult asyncResult)
   at System.Web.Mvc.Async.AsyncControllerActionInvoker.<>c__DisplayClass21.<>c__DisplayClass2b.<BeginInvokeAction>b__1c()
   at System.Web.Mvc.Async.AsyncControllerActionInvoker.<>c__DisplayClass21.<BeginInvokeAction>b__1e(IAsyncResult asyncResult)
   at System.Web.Mvc.Async.AsyncResultWrapper.WrappedAsyncResult`1.CallEndDelegate(IAsyncResult asyncResult)
   at System.Web.Mvc.Async.AsyncResultWrapper.WrappedAsyncResultBase`1.End()
   at System.Web.Mvc.Async.AsyncResultWrapper.End[TResult](IAsyncResult asyncResult, Object tag)
   at System.Web.Mvc.Async.AsyncControllerActionInvoker.EndInvokeAction(IAsyncResult asyncResult)
   at System.Web.Mvc.Controller.<BeginExecuteCore>b__1d(IAsyncResult asyncResult, ExecuteCoreState innerState)
   at System.Web.Mvc.Async.AsyncResultWrapper.WrappedAsyncVoid`1.CallEndDelegate(IAsyncResult asyncResult)
   at System.Web.Mvc.Async.AsyncResultWrapper.WrappedAsyncResultBase`1.End()
   at System.Web.Mvc.Async.AsyncResultWrapper.End[TResult](IAsyncResult asyncResult, Object tag)
   at System.Web.Mvc.Async.AsyncResultWrapper.End(IAsyncResult asyncResult, Object tag)
   at System.Web.Mvc.Controller.EndExecuteCore(IAsyncResult asyncResult)
   at System.Web.Mvc.Controller.<BeginExecute>b__15(IAsyncResult asyncResult, Controller controller)
   at System.Web.Mvc.Async.AsyncResultWrapper.WrappedAsyncVoid`1.CallEndDelegate(IAsyncResult asyncResult)
   at System.Web.Mvc.Async.AsyncResultWrapper.WrappedAsyncResultBase`1.End()
   at System.Web.Mvc.Async.AsyncResultWrapper.End[TResult](IAsyncResult asyncResult, Object tag)
   at System.Web.Mvc.Async.AsyncResultWrapper.End(IAsyncResult asyncResult, Object tag)
   at System.Web.Mvc.Controller.EndExecute(IAsyncResult asyncResult)
   at System.Web.Mvc.Controller.System.Web.Mvc.Async.IAsyncController.EndExecute(IAsyncResult asyncResult)
   at System.Web.Mvc.MvcHandler.<BeginProcessRequest>b__5(IAsyncResult asyncResult, ProcessRequestState innerState)
   at System.Web.Mvc.Async.AsyncResultWrapper.WrappedAsyncVoid`1.CallEndDelegate(IAsyncResult asyncResult)
   at System.Web.Mvc.Async.AsyncResultWrapper.WrappedAsyncResultBase`1.End()
   at System.Web.Mvc.Async.AsyncResultWrapper.End[TResult](IAsyncResult asyncResult, Object tag)
   at System.Web.Mvc.Async.AsyncResultWrapper.End(IAsyncResult asyncResult, Object tag)
   at System.Web.Mvc.MvcHandler.EndProcessRequest(IAsyncResult asyncResult)
   at System.Web.Mvc.MvcHandler.System.Web.IHttpAsyncHandler.EndProcessRequest(IAsyncResult result)
   at System.Web.HttpApplication.CallHandlerExecutionStep.System.Web.HttpApplication.IExecutionStep.Execute()
   at System.Web.HttpApplication.ExecuteStepImpl(IExecutionStep step)
   at System.Web.HttpApplication.ExecuteStep(IExecutionStep step, Boolean& completedSynchronously)
2020-12-31 18:48:26,860 => INFO  NA.PMS.Common.Logger.LogService.LogInformation():24 - Executing Action: GetApplicantTypeList on Controller: Application For User : .
2020-12-31 18:48:27,031 => INFO  NA.PMS.Common.Logger.LogService.LogInformation():24 - Executed Action: GetApplicantTypeList on Controller: Application For User : .
2020-12-31 18:48:27,079 => INFO  NA.PMS.Common.Logger.LogService.LogInformation():24 - Executing Action: GetCompanyTypeList on Controller: Application For User : .
2020-12-31 18:48:27,123 => INFO  NA.PMS.Common.Logger.LogService.LogInformation():24 - Executed Action: GetCompanyTypeList on Controller: Application For User : .
2020-12-31 18:48:27,362 => INFO  NA.PMS.Common.Logger.LogService.LogInformation():24 - Executing Action: GetDirectorTypeList on Controller: Application For User : .
2020-12-31 18:48:27,399 => INFO  NA.PMS.Common.Logger.LogService.LogInformation():24 - Executed Action: GetDirectorTypeList on Controller: Application For User : .
2020-12-31 18:48:27,860 => INFO  NA.PMS.Common.Logger.LogService.LogInformation():24 - Executing Action: GetSectorList on Controller: Application For User : .
2020-12-31 18:48:27,898 => INFO  NA.PMS.Common.Logger.LogService.LogInformation():24 - Executed Action: GetSectorList on Controller: Application For User : .
2020-12-31 18:48:30,131 => INFO  NA.PMS.Common.Logger.LogService.LogInformation():24 - Executing Action: GetFormSubTypeList on Controller: Application For User : .
2020-12-31 18:48:30,171 => INFO  NA.PMS.Common.Logger.LogService.LogInformation():24 - Executed Action: GetFormSubTypeList on Controller: Application For User : .
2020-12-31 18:48:30,195 => INFO  NA.PMS.Common.Logger.LogService.LogInformation():24 - Executing Action: GetFormSubTypeList on Controller: Application For User : .
2020-12-31 18:48:30,232 => INFO  NA.PMS.Common.Logger.LogService.LogInformation():24 - Executed Action: GetFormSubTypeList on Controller: Application For User : .
2020-12-31 18:48:35,412 => INFO  NA.PMS.Common.Logger.LogService.LogInformation():24 - Executing Action: GetApplicationFeeAndCharges on Controller: Application For User : .
2020-12-31 18:48:35,904 => INFO  NA.PMS.Common.Logger.LogService.LogInformation():24 - Executed Action: GetApplicationFeeAndCharges on Controller: Application For User : .
2020-12-31 18:48:39,121 => INFO  NA.PMS.Common.Logger.LogService.LogInformation():24 - Executing Action: GetApplicationFeeAndCharges on Controller: Application For User : .
2020-12-31 18:48:39,192 => INFO  NA.PMS.Common.Logger.LogService.LogInformation():24 - Executed Action: GetApplicationFeeAndCharges on Controller: Application For User : .
2020-12-31 18:48:45,936 => INFO  NA.PMS.Common.Logger.LogService.LogInformation():24 - Executing Action: GetApplicationFeeAndCharges on Controller: Application For User : .
2020-12-31 18:48:45,999 => INFO  NA.PMS.Common.Logger.LogService.LogInformation():24 - Executed Action: GetApplicationFeeAndCharges on Controller: Application For User : .
2020-12-31 18:48:48,346 => INFO  NA.PMS.Common.Logger.LogService.LogInformation():24 - Executing Action: GetApplicationFeeAndCharges on Controller: Application For User : .
2020-12-31 18:48:48,412 => INFO  NA.PMS.Common.Logger.LogService.LogInformation():24 - Executed Action: GetApplicationFeeAndCharges on Controller: Application For User : .
2020-12-31 18:48:55,209 => INFO  NA.PMS.Common.Logger.LogService.LogInformation():24 - Executing Action: GetApplicationFeeAndCharges on Controller: Application For User : .
2020-12-31 18:48:55,275 => INFO  NA.PMS.Common.Logger.LogService.LogInformation():24 - Executed Action: GetApplicationFeeAndCharges on Controller: Application For User : .
2020-12-31 18:50:15,569 => INFO  NA.PMS.Common.Logger.LogService.LogInformation():24 - Executing Action: GetApplicationFeeAndCharges on Controller: Application For User : .
2020-12-31 18:50:15,632 => INFO  NA.PMS.Common.Logger.LogService.LogInformation():24 - Executed Action: GetApplicationFeeAndCharges on Controller: Application For User : .
2020-12-31 18:51:34,439 => INFO  NA.PMS.Common.Logger.LogService.LogInformation():24 - Executing Action: GetCompanyTypeList on Controller: Application For User : .
2020-12-31 18:51:34,478 => INFO  NA.PMS.Common.Logger.LogService.LogInformation():24 - Executed Action: GetCompanyTypeList on Controller: Application For User : .
2020-12-31 18:51:37,675 => INFO  NA.PMS.Common.Logger.LogService.LogInformation():24 - Executing Action: GetCompanyTypeList on Controller: Application For User : .
2020-12-31 18:51:37,713 => INFO  NA.PMS.Common.Logger.LogService.LogInformation():24 - Executed Action: GetCompanyTypeList on Controller: Application For User : .
2020-12-31 18:51:37,752 => INFO  NA.PMS.Common.Logger.LogService.LogInformation():24 - Executing Action: GetCompanyTypeList on Controller: Application For User : .
2020-12-31 18:51:37,794 => INFO  NA.PMS.Common.Logger.LogService.LogInformation():24 - Executed Action: GetCompanyTypeList on Controller: Application For User : .
