2021-01-15 16:14:19,800 => INFO  NA.PMS.Common.Logger.LogService.LogInformation():24 - Executing Action: Login on Controller: Account For User : .
2021-01-15 16:14:20,346 => INFO  NA.PMS.Common.Logger.LogService.LogInformation():24 - Executed Action: Login on Controller: Account For User : .
2021-01-15 16:14:42,261 => INFO  NA.PMS.Common.Logger.LogService.LogInformation():24 - Executing Action: Login on Controller: Account For User : .
2021-01-15 16:14:45,455 => INFO  NA.PMS.Common.Logger.LogService.LogInformation():24 - Executed Action: Login on Controller: Account For User : .
2021-01-15 16:14:45,478 => INFO  NA.PMS.Common.Logger.LogService.LogInformation():24 - Executing Action: Login on Controller: Account For User : svamadmin.
2021-01-15 16:14:45,480 => INFO  NA.PMS.Common.Logger.LogService.LogInformation():24 - Executed Action: Login on Controller: Account For User : svamadmin.
2021-01-15 16:14:49,790 => INFO  NA.PMS.Common.Logger.LogService.LogInformation():24 - Executing Action: LoginAfterVerifyOTP on Controller: Account For User : svamadmin.
2021-01-15 16:14:51,146 => INFO  NA.PMS.Common.Logger.LogService.LogInformation():24 - Executed Action: LoginAfterVerifyOTP on Controller: Account For User : svamadmin.
2021-01-15 16:14:52,336 => INFO  NA.PMS.Common.Logger.LogService.LogInformation():24 - Executing Action: Login on Controller: Account For User : svamadmin.
2021-01-15 16:14:52,357 => INFO  NA.PMS.Common.Logger.LogService.LogInformation():24 - Executed Action: Login on Controller: Account For User : svamadmin.
2021-01-15 16:14:53,639 => INFO  NA.PMS.Common.Logger.LogService.LogInformation():24 - Executing Action: GetDepartmentForAdvanceSearch on Controller: PropertyAllotment For User : svamadmin.
2021-01-15 16:14:53,708 => INFO  NA.PMS.Common.Logger.LogService.LogInformation():24 - Executed Action: GetDepartmentForAdvanceSearch on Controller: PropertyAllotment For User : svamadmin.
2021-01-15 16:14:56,285 => INFO  NA.PMS.Common.Logger.LogService.LogInformation():24 - Executing Action: Manage on Controller: Scheme For User : svamadmin.
2021-01-15 16:14:56,612 => INFO  NA.PMS.Common.Logger.LogService.LogInformation():24 - Executed Action: Manage on Controller: Scheme For User : svamadmin.
2021-01-15 16:15:00,966 => INFO  NA.PMS.Common.Logger.LogService.LogInformation():24 - Executing Action: GetAllScheme on Controller: Scheme For User : svamadmin.
2021-01-15 16:15:01,581 => INFO  NA.PMS.Common.Logger.LogService.LogInformation():24 - Executed Action: GetAllScheme on Controller: Scheme For User : svamadmin.
2021-01-15 16:15:05,392 => INFO  NA.PMS.Common.Logger.LogService.LogInformation():24 - Executing Action: CreateScheme on Controller: Scheme For User : svamadmin.
2021-01-15 16:15:05,413 => INFO  NA.PMS.Common.Logger.LogService.LogInformation():24 - Executed Action: CreateScheme on Controller: Scheme For User : svamadmin.
2021-01-15 16:15:18,221 => INFO  NA.PMS.Common.Logger.LogService.LogInformation():24 - Executing Action: GetAllSchemeType on Controller: Scheme For User : svamadmin.
2021-01-15 16:15:18,289 => INFO  NA.PMS.Common.Logger.LogService.LogInformation():24 - Executed Action: GetAllSchemeType on Controller: Scheme For User : svamadmin.
2021-01-15 16:15:18,404 => INFO  NA.PMS.Common.Logger.LogService.LogInformation():24 - Executing Action: GetAllDepartments on Controller: Scheme For User : svamadmin.
2021-01-15 16:15:18,551 => INFO  NA.PMS.Common.Logger.LogService.LogInformation():24 - Executed Action: GetAllDepartments on Controller: Scheme For User : svamadmin.
2021-01-15 16:15:18,660 => INFO  NA.PMS.Common.Logger.LogService.LogInformation():24 - Executing Action: GetQuotaData on Controller: Scheme For User : svamadmin.
2021-01-15 16:15:18,839 => INFO  NA.PMS.Common.Logger.LogService.LogInformation():24 - Executed Action: GetQuotaData on Controller: Scheme For User : svamadmin.
2021-01-15 16:15:18,990 => INFO  NA.PMS.Common.Logger.LogService.LogInformation():24 - Executing Action: GetAllSelectionType on Controller: Scheme For User : svamadmin.
2021-01-15 16:15:19,013 => INFO  NA.PMS.Common.Logger.LogService.LogInformation():24 - Executed Action: GetAllSelectionType on Controller: Scheme For User : svamadmin.
2021-01-15 16:15:19,180 => INFO  NA.PMS.Common.Logger.LogService.LogInformation():24 - Executing Action: GetAllUnits on Controller: Scheme For User : svamadmin.
2021-01-15 16:15:19,200 => INFO  NA.PMS.Common.Logger.LogService.LogInformation():24 - Executed Action: GetAllUnits on Controller: Scheme For User : svamadmin.
2021-01-15 16:15:19,264 => INFO  NA.PMS.Common.Logger.LogService.LogInformation():24 - Executing Action: GetSectorsByPropType on Controller: Scheme For User : svamadmin.
2021-01-15 16:15:19,322 => INFO  NA.PMS.Common.Logger.LogService.LogInformation():24 - Executed Action: GetSectorsByPropType on Controller: Scheme For User : svamadmin.
2021-01-15 16:15:19,442 => INFO  NA.PMS.Common.Logger.LogService.LogInformation():24 - Executing Action: GetAllFrquency on Controller: Scheme For User : svamadmin.
2021-01-15 16:15:19,515 => INFO  NA.PMS.Common.Logger.LogService.LogInformation():24 - Executed Action: GetAllFrquency on Controller: Scheme For User : svamadmin.
2021-01-15 16:15:19,608 => INFO  NA.PMS.Common.Logger.LogService.LogInformation():24 - Executing Action: GetFloors on Controller: Scheme For User : svamadmin.
2021-01-15 16:15:19,678 => INFO  NA.PMS.Common.Logger.LogService.LogInformation():24 - Executed Action: GetFloors on Controller: Scheme For User : svamadmin.
2021-01-15 16:15:19,737 => INFO  NA.PMS.Common.Logger.LogService.LogInformation():24 - Executing Action: GetAllBanks on Controller: Scheme For User : svamadmin.
2021-01-15 16:15:19,799 => INFO  NA.PMS.Common.Logger.LogService.LogInformation():24 - Executed Action: GetAllBanks on Controller: Scheme For User : svamadmin.
2021-01-15 16:15:19,875 => INFO  NA.PMS.Common.Logger.LogService.LogInformation():24 - Executing Action: GetDepttData on Controller: Scheme For User : svamadmin.
2021-01-15 16:15:19,975 => INFO  NA.PMS.Common.Logger.LogService.LogInformation():24 - Executed Action: GetDepttData on Controller: Scheme For User : svamadmin.
2021-01-15 16:15:20,043 => INFO  NA.PMS.Common.Logger.LogService.LogInformation():24 - Executing Action: GetBankData on Controller: Scheme For User : svamadmin.
2021-01-15 16:15:20,110 => INFO  NA.PMS.Common.Logger.LogService.LogInformation():24 - Executed Action: GetBankData on Controller: Scheme For User : svamadmin.
2021-01-15 16:15:20,195 => INFO  NA.PMS.Common.Logger.LogService.LogInformation():24 - Executing Action: GetRebateData on Controller: Scheme For User : svamadmin.
2021-01-15 16:15:20,268 => INFO  NA.PMS.Common.Logger.LogService.LogInformation():24 - Executed Action: GetRebateData on Controller: Scheme For User : svamadmin.
2021-01-15 16:15:20,325 => INFO  NA.PMS.Common.Logger.LogService.LogInformation():24 - Executing Action: GetCostData on Controller: Scheme For User : svamadmin.
2021-01-15 16:15:20,492 => INFO  NA.PMS.Common.Logger.LogService.LogInformation():24 - Executed Action: GetCostData on Controller: Scheme For User : svamadmin.
2021-01-15 16:15:20,563 => INFO  NA.PMS.Common.Logger.LogService.LogInformation():24 - Executing Action: GetRebateTypes on Controller: Scheme For User : svamadmin.
2021-01-15 16:15:20,616 => INFO  NA.PMS.Common.Logger.LogService.LogInformation():24 - Executed Action: GetRebateTypes on Controller: Scheme For User : svamadmin.
2021-01-15 16:15:20,683 => INFO  NA.PMS.Common.Logger.LogService.LogInformation():24 - Executing Action: GetQuotaData on Controller: Scheme For User : svamadmin.
2021-01-15 16:15:20,772 => INFO  NA.PMS.Common.Logger.LogService.LogInformation():24 - Executed Action: GetQuotaData on Controller: Scheme For User : svamadmin.
2021-01-15 16:15:20,847 => INFO  NA.PMS.Common.Logger.LogService.LogInformation():24 - Executing Action: GetFloors on Controller: Scheme For User : svamadmin.
2021-01-15 16:15:20,911 => INFO  NA.PMS.Common.Logger.LogService.LogInformation():24 - Executed Action: GetFloors on Controller: Scheme For User : svamadmin.
2021-01-15 16:15:21,090 => INFO  NA.PMS.Common.Logger.LogService.LogInformation():24 - Executing Action: GetLandDevelopmentScheduleData on Controller: Scheme For User : svamadmin.
2021-01-15 16:15:21,236 => INFO  NA.PMS.Common.Logger.LogService.LogInformation():24 - Executed Action: GetLandDevelopmentScheduleData on Controller: Scheme For User : svamadmin.
2021-01-15 16:15:21,607 => INFO  NA.PMS.Common.Logger.LogService.LogInformation():24 - Executing Action: GetBlocks on Controller: Scheme For User : svamadmin.
2021-01-15 16:15:21,670 => INFO  NA.PMS.Common.Logger.LogService.LogInformation():24 - Executed Action: GetBlocks on Controller: Scheme For User : svamadmin.
2021-01-15 16:15:22,150 => INFO  NA.PMS.Common.Logger.LogService.LogInformation():24 - Executing Action: GetAllQuota on Controller: Scheme For User : svamadmin.
2021-01-15 16:15:22,195 => INFO  NA.PMS.Common.Logger.LogService.LogInformation():24 - Executed Action: GetAllQuota on Controller: Scheme For User : svamadmin.
2021-01-15 16:15:22,277 => INFO  NA.PMS.Common.Logger.LogService.LogInformation():24 - Executing Action: GetRebateUnits on Controller: Scheme For User : svamadmin.
2021-01-15 16:15:22,347 => INFO  NA.PMS.Common.Logger.LogService.LogInformation():24 - Executed Action: GetRebateUnits on Controller: Scheme For User : svamadmin.
2021-01-15 16:15:22,639 => INFO  NA.PMS.Common.Logger.LogService.LogInformation():24 - Executing Action: GetAllDepartmentsByScheme on Controller: Scheme For User : svamadmin.
2021-01-15 16:15:22,700 => INFO  NA.PMS.Common.Logger.LogService.LogInformation():24 - Executed Action: GetAllDepartmentsByScheme on Controller: Scheme For User : svamadmin.
2021-01-15 16:15:22,760 => INFO  NA.PMS.Common.Logger.LogService.LogInformation():24 - Executing Action: GetAllDepartmentsByScheme on Controller: Scheme For User : svamadmin.
2021-01-15 16:15:22,807 => INFO  NA.PMS.Common.Logger.LogService.LogInformation():24 - Executed Action: GetAllDepartmentsByScheme on Controller: Scheme For User : svamadmin.
2021-01-15 16:15:22,867 => INFO  NA.PMS.Common.Logger.LogService.LogInformation():24 - Executing Action: GetAllDepartmentsByScheme on Controller: Scheme For User : svamadmin.
2021-01-15 16:15:22,916 => INFO  NA.PMS.Common.Logger.LogService.LogInformation():24 - Executed Action: GetAllDepartmentsByScheme on Controller: Scheme For User : svamadmin.
2021-01-15 16:15:22,975 => INFO  NA.PMS.Common.Logger.LogService.LogInformation():24 - Executing Action: GetAllDepartmentsByScheme on Controller: Scheme For User : svamadmin.
2021-01-15 16:15:23,024 => INFO  NA.PMS.Common.Logger.LogService.LogInformation():24 - Executed Action: GetAllDepartmentsByScheme on Controller: Scheme For User : svamadmin.
2021-01-15 16:16:12,761 => INFO  NA.PMS.Common.Logger.LogService.LogInformation():24 - Executing Action: AddScheme on Controller: Scheme For User : svamadmin.
2021-01-15 16:16:13,166 => INFO  NA.PMS.Common.Logger.LogService.LogInformation():24 - Executed Action: AddScheme on Controller: Scheme For User : svamadmin.
2021-01-15 16:17:03,608 => INFO  NA.PMS.Common.Logger.LogService.LogInformation():24 - Executing Action: IsDepatmnetNameUnique on Controller: Scheme For User : svamadmin.
2021-01-15 16:17:03,626 => INFO  NA.PMS.Common.Logger.LogService.LogInformation():24 - Executed Action: IsDepatmnetNameUnique on Controller: Scheme For User : svamadmin.
2021-01-15 16:17:03,708 => INFO  NA.PMS.Common.Logger.LogService.LogInformation():24 - Executing Action: AddDeptt on Controller: Scheme For User : svamadmin.
2021-01-15 16:17:03,945 => INFO  NA.PMS.Common.Logger.LogService.LogInformation():24 - Executed Action: AddDeptt on Controller: Scheme For User : svamadmin.
2021-01-15 16:17:04,057 => INFO  NA.PMS.Common.Logger.LogService.LogInformation():24 - Executing Action: GetDepttData on Controller: Scheme For User : svamadmin.
2021-01-15 16:17:04,202 => INFO  NA.PMS.Common.Logger.LogService.LogInformation():24 - Executed Action: GetDepttData on Controller: Scheme For User : svamadmin.
2021-01-15 16:17:04,581 => INFO  NA.PMS.Common.Logger.LogService.LogInformation():24 - Executing Action: GetAllDepartmentsByScheme on Controller: Scheme For User : svamadmin.
2021-01-15 16:17:04,638 => INFO  NA.PMS.Common.Logger.LogService.LogInformation():24 - Executed Action: GetAllDepartmentsByScheme on Controller: Scheme For User : svamadmin.
2021-01-15 16:17:04,696 => INFO  NA.PMS.Common.Logger.LogService.LogInformation():24 - Executing Action: GetAllDepartmentsByScheme on Controller: Scheme For User : svamadmin.
2021-01-15 16:17:04,741 => INFO  NA.PMS.Common.Logger.LogService.LogInformation():24 - Executed Action: GetAllDepartmentsByScheme on Controller: Scheme For User : svamadmin.
2021-01-15 16:17:04,791 => INFO  NA.PMS.Common.Logger.LogService.LogInformation():24 - Executing Action: GetAllDepartmentsByScheme on Controller: Scheme For User : svamadmin.
2021-01-15 16:17:04,835 => INFO  NA.PMS.Common.Logger.LogService.LogInformation():24 - Executed Action: GetAllDepartmentsByScheme on Controller: Scheme For User : svamadmin.
2021-01-15 16:17:04,890 => INFO  NA.PMS.Common.Logger.LogService.LogInformation():24 - Executing Action: GetAllDepartmentsByScheme on Controller: Scheme For User : svamadmin.
2021-01-15 16:17:04,938 => INFO  NA.PMS.Common.Logger.LogService.LogInformation():24 - Executed Action: GetAllDepartmentsByScheme on Controller: Scheme For User : svamadmin.
2021-01-15 16:17:16,584 => INFO  NA.PMS.Common.Logger.LogService.LogInformation():24 - Executing Action: GetPropTypes on Controller: Scheme For User : svamadmin.
2021-01-15 16:17:16,645 => INFO  NA.PMS.Common.Logger.LogService.LogInformation():24 - Executed Action: GetPropTypes on Controller: Scheme For User : svamadmin.
2021-01-15 16:17:16,841 => INFO  NA.PMS.Common.Logger.LogService.LogInformation():24 - Executing Action: GetPropTypes on Controller: Scheme For User : svamadmin.
2021-01-15 16:17:16,884 => INFO  NA.PMS.Common.Logger.LogService.LogInformation():24 - Executed Action: GetPropTypes on Controller: Scheme For User : svamadmin.
2021-01-15 16:17:17,086 => INFO  NA.PMS.Common.Logger.LogService.LogInformation():24 - Executing Action: GetFloors on Controller: Scheme For User : svamadmin.
2021-01-15 16:17:17,131 => INFO  NA.PMS.Common.Logger.LogService.LogInformation():24 - Executed Action: GetFloors on Controller: Scheme For User : svamadmin.
2021-01-15 16:18:54,344 => INFO  NA.PMS.Common.Logger.LogService.LogInformation():24 - Executing Action: IsCostNameUnique on Controller: Scheme For User : svamadmin.
2021-01-15 16:18:54,437 => INFO  NA.PMS.Common.Logger.LogService.LogInformation():24 - Executed Action: IsCostNameUnique on Controller: Scheme For User : svamadmin.
2021-01-15 16:18:54,503 => INFO  NA.PMS.Common.Logger.LogService.LogInformation():24 - Executing Action: AddCost on Controller: Scheme For User : svamadmin.
2021-01-15 16:18:54,671 => INFO  NA.PMS.Common.Logger.LogService.LogInformation():24 - Executed Action: AddCost on Controller: Scheme For User : svamadmin.
2021-01-15 16:18:54,771 => INFO  NA.PMS.Common.Logger.LogService.LogInformation():24 - Executing Action: GetCostData on Controller: Scheme For User : svamadmin.
2021-01-15 16:18:54,848 => INFO  NA.PMS.Common.Logger.LogService.LogInformation():24 - Executed Action: GetCostData on Controller: Scheme For User : svamadmin.
2021-01-15 16:19:06,750 => INFO  NA.PMS.Common.Logger.LogService.LogInformation():24 - Executing Action: GetAllBranchs on Controller: Scheme For User : svamadmin.
2021-01-15 16:19:06,799 => INFO  NA.PMS.Common.Logger.LogService.LogInformation():24 - Executed Action: GetAllBranchs on Controller: Scheme For User : svamadmin.
2021-01-15 16:19:06,905 => INFO  NA.PMS.Common.Logger.LogService.LogInformation():24 - Executing Action: GetAllBranchs on Controller: Scheme For User : svamadmin.
2021-01-15 16:19:06,953 => INFO  NA.PMS.Common.Logger.LogService.LogInformation():24 - Executed Action: GetAllBranchs on Controller: Scheme For User : svamadmin.
2021-01-15 16:19:08,657 => INFO  NA.PMS.Common.Logger.LogService.LogInformation():24 - Executing Action: GetAccountNumber on Controller: Scheme For User : svamadmin.
2021-01-15 16:19:08,715 => INFO  NA.PMS.Common.Logger.LogService.LogInformation():24 - Executed Action: GetAccountNumber on Controller: Scheme For User : svamadmin.
2021-01-15 16:19:11,635 => INFO  NA.PMS.Common.Logger.LogService.LogInformation():24 - Executing Action: IsBankNameUnique on Controller: Scheme For User : svamadmin.
2021-01-15 16:19:11,697 => INFO  NA.PMS.Common.Logger.LogService.LogInformation():24 - Executed Action: IsBankNameUnique on Controller: Scheme For User : svamadmin.
2021-01-15 16:19:11,750 => INFO  NA.PMS.Common.Logger.LogService.LogInformation():24 - Executing Action: IsBankNameDuplicate on Controller: Scheme For User : svamadmin.
2021-01-15 16:19:11,871 => INFO  NA.PMS.Common.Logger.LogService.LogInformation():24 - Executed Action: IsBankNameDuplicate on Controller: Scheme For User : svamadmin.
2021-01-15 16:19:11,945 => INFO  NA.PMS.Common.Logger.LogService.LogInformation():24 - Executing Action: IsBankNameDuplicate on Controller: Scheme For User : svamadmin.
2021-01-15 16:19:12,029 => INFO  NA.PMS.Common.Logger.LogService.LogInformation():24 - Executed Action: IsBankNameDuplicate on Controller: Scheme For User : svamadmin.
2021-01-15 16:19:12,449 => INFO  NA.PMS.Common.Logger.LogService.LogInformation():24 - Executing Action: IsAccountNumberDuplicate on Controller: Scheme For User : svamadmin.
2021-01-15 16:19:12,459 => INFO  NA.PMS.Common.Logger.LogService.LogInformation():24 - Executed Action: IsAccountNumberDuplicate on Controller: Scheme For User : svamadmin.
2021-01-15 16:19:12,525 => INFO  NA.PMS.Common.Logger.LogService.LogInformation():24 - Executing Action: AddBank on Controller: Scheme For User : svamadmin.
2021-01-15 16:19:12,642 => INFO  NA.PMS.Common.Logger.LogService.LogInformation():24 - Executed Action: AddBank on Controller: Scheme For User : svamadmin.
2021-01-15 16:19:12,697 => INFO  NA.PMS.Common.Logger.LogService.LogInformation():24 - Executing Action: GetBankData on Controller: Scheme For User : svamadmin.
2021-01-15 16:19:12,828 => INFO  NA.PMS.Common.Logger.LogService.LogInformation():24 - Executed Action: GetBankData on Controller: Scheme For User : svamadmin.
2021-01-15 16:19:13,222 => INFO  NA.PMS.Common.Logger.LogService.LogInformation():24 - Executing Action: GetAllBanks on Controller: Scheme For User : svamadmin.
2021-01-15 16:19:13,265 => INFO  NA.PMS.Common.Logger.LogService.LogInformation():24 - Executed Action: GetAllBanks on Controller: Scheme For User : svamadmin.
2021-01-15 16:19:13,732 => INFO  NA.PMS.Common.Logger.LogService.LogInformation():24 - Executing Action: GetAllBranchs on Controller: Scheme For User : svamadmin.
2021-01-15 16:19:13,775 => INFO  NA.PMS.Common.Logger.LogService.LogInformation():24 - Executed Action: GetAllBranchs on Controller: Scheme For User : svamadmin.
2021-01-15 16:19:13,843 => INFO  NA.PMS.Common.Logger.LogService.LogInformation():24 - Executing Action: GetAllBranchs on Controller: Scheme For User : svamadmin.
2021-01-15 16:19:13,874 => INFO  NA.PMS.Common.Logger.LogService.LogInformation():24 - Executed Action: GetAllBranchs on Controller: Scheme For User : svamadmin.
2021-01-15 16:19:13,920 => ERROR NA.PMS.Common.Logger.LogService.LogError():97 - Controller Exception
System.ArgumentException: The parameters dictionary contains a null entry for parameter 'bankId' of non-nullable type 'System.Int32' for method 'System.Web.Mvc.JsonResult GetAllBranchs(Int32)' in 'NA.PMS.Web.Areas.Master.Controllers.SchemeController'. An optional parameter must be a reference type, a nullable type, or be declared as an optional parameter.
Parameter name: parameters
   at System.Web.Mvc.ActionDescriptor.ExtractParameterFromDictionary(ParameterInfo parameterInfo, IDictionary`2 parameters, MethodInfo methodInfo)
   at System.Web.Mvc.ReflectedActionDescriptor.Execute(ControllerContext controllerContext, IDictionary`2 parameters)
   at System.Web.Mvc.ControllerActionInvoker.InvokeActionMethod(ControllerContext controllerContext, ActionDescriptor actionDescriptor, IDictionary`2 parameters)
   at System.Web.Mvc.Async.AsyncControllerActionInvoker.ActionInvocation.InvokeSynchronousActionMethod()
   at System.Web.Mvc.Async.AsyncControllerActionInvoker.<BeginInvokeSynchronousActionMethod>b__39(IAsyncResult asyncResult, ActionInvocation innerInvokeState)
   at System.Web.Mvc.Async.AsyncResultWrapper.WrappedAsyncResult`2.CallEndDelegate(IAsyncResult asyncResult)
   at System.Web.Mvc.Async.AsyncResultWrapper.WrappedAsyncResultBase`1.End()
   at System.Web.Mvc.Async.AsyncResultWrapper.End[TResult](IAsyncResult asyncResult, Object tag)
   at System.Web.Mvc.Async.AsyncControllerActionInvoker.EndInvokeActionMethod(IAsyncResult asyncResult)
   at System.Web.Mvc.Async.AsyncControllerActionInvoker.AsyncInvocationWithFilters.<InvokeActionMethodFilterAsynchronouslyRecursive>b__3d()
   at System.Web.Mvc.Async.AsyncControllerActionInvoker.AsyncInvocationWithFilters.<>c__DisplayClass46.<InvokeActionMethodFilterAsynchronouslyRecursive>b__3f()
   at System.Web.Mvc.Async.AsyncControllerActionInvoker.AsyncInvocationWithFilters.<>c__DisplayClass46.<InvokeActionMethodFilterAsynchronouslyRecursive>b__3f()
   at System.Web.Mvc.Async.AsyncControllerActionInvoker.<>c__DisplayClass33.<BeginInvokeActionMethodWithFilters>b__32(IAsyncResult asyncResult)
   at System.Web.Mvc.Async.AsyncResultWrapper.WrappedAsyncResult`1.CallEndDelegate(IAsyncResult asyncResult)
   at System.Web.Mvc.Async.AsyncResultWrapper.WrappedAsyncResultBase`1.End()
   at System.Web.Mvc.Async.AsyncResultWrapper.End[TResult](IAsyncResult asyncResult, Object tag)
   at System.Web.Mvc.Async.AsyncControllerActionInvoker.EndInvokeActionMethodWithFilters(IAsyncResult asyncResult)
   at System.Web.Mvc.Async.AsyncControllerActionInvoker.<>c__DisplayClass21.<>c__DisplayClass2b.<BeginInvokeAction>b__1c()
   at System.Web.Mvc.Async.AsyncControllerActionInvoker.<>c__DisplayClass21.<BeginInvokeAction>b__1e(IAsyncResult asyncResult)
2021-01-15 16:19:13,952 => ERROR NA.PMS.Common.Logger.LogService.LogError():97 - Global Exception
System.ArgumentException: The parameters dictionary contains a null entry for parameter 'bankId' of non-nullable type 'System.Int32' for method 'System.Web.Mvc.JsonResult GetAllBranchs(Int32)' in 'NA.PMS.Web.Areas.Master.Controllers.SchemeController'. An optional parameter must be a reference type, a nullable type, or be declared as an optional parameter.
Parameter name: parameters
   at System.Web.Mvc.ActionDescriptor.ExtractParameterFromDictionary(ParameterInfo parameterInfo, IDictionary`2 parameters, MethodInfo methodInfo)
   at System.Web.Mvc.ReflectedActionDescriptor.Execute(ControllerContext controllerContext, IDictionary`2 parameters)
   at System.Web.Mvc.ControllerActionInvoker.InvokeActionMethod(ControllerContext controllerContext, ActionDescriptor actionDescriptor, IDictionary`2 parameters)
   at System.Web.Mvc.Async.AsyncControllerActionInvoker.ActionInvocation.InvokeSynchronousActionMethod()
   at System.Web.Mvc.Async.AsyncControllerActionInvoker.<BeginInvokeSynchronousActionMethod>b__39(IAsyncResult asyncResult, ActionInvocation innerInvokeState)
   at System.Web.Mvc.Async.AsyncResultWrapper.WrappedAsyncResult`2.CallEndDelegate(IAsyncResult asyncResult)
   at System.Web.Mvc.Async.AsyncResultWrapper.WrappedAsyncResultBase`1.End()
   at System.Web.Mvc.Async.AsyncResultWrapper.End[TResult](IAsyncResult asyncResult, Object tag)
   at System.Web.Mvc.Async.AsyncControllerActionInvoker.EndInvokeActionMethod(IAsyncResult asyncResult)
   at System.Web.Mvc.Async.AsyncControllerActionInvoker.AsyncInvocationWithFilters.<InvokeActionMethodFilterAsynchronouslyRecursive>b__3d()
   at System.Web.Mvc.Async.AsyncControllerActionInvoker.AsyncInvocationWithFilters.<>c__DisplayClass46.<InvokeActionMethodFilterAsynchronouslyRecursive>b__3f()
   at System.Web.Mvc.Async.AsyncControllerActionInvoker.AsyncInvocationWithFilters.<>c__DisplayClass46.<InvokeActionMethodFilterAsynchronouslyRecursive>b__3f()
   at System.Web.Mvc.Async.AsyncControllerActionInvoker.<>c__DisplayClass33.<BeginInvokeActionMethodWithFilters>b__32(IAsyncResult asyncResult)
   at System.Web.Mvc.Async.AsyncResultWrapper.WrappedAsyncResult`1.CallEndDelegate(IAsyncResult asyncResult)
   at System.Web.Mvc.Async.AsyncResultWrapper.WrappedAsyncResultBase`1.End()
   at System.Web.Mvc.Async.AsyncResultWrapper.End[TResult](IAsyncResult asyncResult, Object tag)
   at System.Web.Mvc.Async.AsyncControllerActionInvoker.EndInvokeActionMethodWithFilters(IAsyncResult asyncResult)
   at System.Web.Mvc.Async.AsyncControllerActionInvoker.<>c__DisplayClass21.<>c__DisplayClass2b.<BeginInvokeAction>b__1c()
   at System.Web.Mvc.Async.AsyncControllerActionInvoker.<>c__DisplayClass21.<BeginInvokeAction>b__1e(IAsyncResult asyncResult)
   at System.Web.Mvc.Async.AsyncResultWrapper.WrappedAsyncResult`1.CallEndDelegate(IAsyncResult asyncResult)
   at System.Web.Mvc.Async.AsyncResultWrapper.WrappedAsyncResultBase`1.End()
   at System.Web.Mvc.Async.AsyncResultWrapper.End[TResult](IAsyncResult asyncResult, Object tag)
   at System.Web.Mvc.Async.AsyncControllerActionInvoker.EndInvokeAction(IAsyncResult asyncResult)
   at System.Web.Mvc.Controller.<BeginExecuteCore>b__1d(IAsyncResult asyncResult, ExecuteCoreState innerState)
   at System.Web.Mvc.Async.AsyncResultWrapper.WrappedAsyncVoid`1.CallEndDelegate(IAsyncResult asyncResult)
   at System.Web.Mvc.Async.AsyncResultWrapper.WrappedAsyncResultBase`1.End()
   at System.Web.Mvc.Async.AsyncResultWrapper.End[TResult](IAsyncResult asyncResult, Object tag)
   at System.Web.Mvc.Async.AsyncResultWrapper.End(IAsyncResult asyncResult, Object tag)
   at System.Web.Mvc.Controller.EndExecuteCore(IAsyncResult asyncResult)
   at System.Web.Mvc.Controller.<BeginExecute>b__15(IAsyncResult asyncResult, Controller controller)
   at System.Web.Mvc.Async.AsyncResultWrapper.WrappedAsyncVoid`1.CallEndDelegate(IAsyncResult asyncResult)
   at System.Web.Mvc.Async.AsyncResultWrapper.WrappedAsyncResultBase`1.End()
   at System.Web.Mvc.Async.AsyncResultWrapper.End[TResult](IAsyncResult asyncResult, Object tag)
   at System.Web.Mvc.Async.AsyncResultWrapper.End(IAsyncResult asyncResult, Object tag)
   at System.Web.Mvc.Controller.EndExecute(IAsyncResult asyncResult)
   at System.Web.Mvc.Controller.System.Web.Mvc.Async.IAsyncController.EndExecute(IAsyncResult asyncResult)
   at System.Web.Mvc.MvcHandler.<BeginProcessRequest>b__5(IAsyncResult asyncResult, ProcessRequestState innerState)
   at System.Web.Mvc.Async.AsyncResultWrapper.WrappedAsyncVoid`1.CallEndDelegate(IAsyncResult asyncResult)
   at System.Web.Mvc.Async.AsyncResultWrapper.WrappedAsyncResultBase`1.End()
   at System.Web.Mvc.Async.AsyncResultWrapper.End[TResult](IAsyncResult asyncResult, Object tag)
   at System.Web.Mvc.Async.AsyncResultWrapper.End(IAsyncResult asyncResult, Object tag)
   at System.Web.Mvc.MvcHandler.EndProcessRequest(IAsyncResult asyncResult)
   at System.Web.Mvc.MvcHandler.System.Web.IHttpAsyncHandler.EndProcessRequest(IAsyncResult result)
   at System.Web.HttpApplication.CallHandlerExecutionStep.System.Web.HttpApplication.IExecutionStep.Execute()
   at System.Web.HttpApplication.ExecuteStepImpl(IExecutionStep step)
   at System.Web.HttpApplication.ExecuteStep(IExecutionStep step, Boolean& completedSynchronously)
2021-01-15 16:19:20,649 => INFO  NA.PMS.Common.Logger.LogService.LogInformation():24 - Executing Action: GetTriggerProcessData on Controller: Scheme For User : svamadmin.
2021-01-15 16:19:20,696 => INFO  NA.PMS.Common.Logger.LogService.LogInformation():24 - Executed Action: GetTriggerProcessData on Controller: Scheme For User : svamadmin.
2021-01-15 16:19:20,942 => INFO  NA.PMS.Common.Logger.LogService.LogInformation():24 - Executing Action: GetProcessData on Controller: Scheme For User : svamadmin.
2021-01-15 16:19:20,992 => INFO  NA.PMS.Common.Logger.LogService.LogInformation():24 - Executed Action: GetProcessData on Controller: Scheme For User : svamadmin.
2021-01-15 16:19:27,286 => INFO  NA.PMS.Common.Logger.LogService.LogInformation():24 - Executing Action: IsLandDevelopmentUnique on Controller: Scheme For User : svamadmin.
2021-01-15 16:19:27,357 => INFO  NA.PMS.Common.Logger.LogService.LogInformation():24 - Executed Action: IsLandDevelopmentUnique on Controller: Scheme For User : svamadmin.
2021-01-15 16:19:27,405 => INFO  NA.PMS.Common.Logger.LogService.LogInformation():24 - Executing Action: AddLandDevelopmentSchedule on Controller: Scheme For User : svamadmin.
2021-01-15 16:19:27,533 => INFO  NA.PMS.Common.Logger.LogService.LogInformation():24 - Executed Action: AddLandDevelopmentSchedule on Controller: Scheme For User : svamadmin.
2021-01-15 16:19:27,611 => INFO  NA.PMS.Common.Logger.LogService.LogInformation():24 - Executing Action: GetLandDevelopmentScheduleData on Controller: Scheme For User : svamadmin.
2021-01-15 16:19:27,677 => INFO  NA.PMS.Common.Logger.LogService.LogInformation():24 - Executed Action: GetLandDevelopmentScheduleData on Controller: Scheme For User : svamadmin.
2021-01-15 16:19:38,512 => INFO  NA.PMS.Common.Logger.LogService.LogInformation():24 - Executing Action: ActivateScheme on Controller: Scheme For User : svamadmin.
2021-01-15 16:19:38,643 => INFO  NA.PMS.Common.Logger.LogService.LogInformation():24 - Executed Action: ActivateScheme on Controller: Scheme For User : svamadmin.
2021-01-15 16:19:38,709 => INFO  NA.PMS.Common.Logger.LogService.LogInformation():24 - Executing Action: Manage on Controller: Scheme For User : svamadmin.
2021-01-15 16:19:38,722 => INFO  NA.PMS.Common.Logger.LogService.LogInformation():24 - Executed Action: Manage on Controller: Scheme For User : svamadmin.
2021-01-15 16:19:39,847 => INFO  NA.PMS.Common.Logger.LogService.LogInformation():24 - Executing Action: GetAllScheme on Controller: Scheme For User : svamadmin.
2021-01-15 16:19:39,974 => INFO  NA.PMS.Common.Logger.LogService.LogInformation():24 - Executed Action: GetAllScheme on Controller: Scheme For User : svamadmin.
2021-01-15 16:21:25,884 => INFO  NA.PMS.Common.Logger.LogService.LogInformation():24 - Executing Action: Login on Controller: Account For User : svamadmin.
2021-01-15 16:21:26,093 => INFO  NA.PMS.Common.Logger.LogService.LogInformation():24 - Executed Action: Login on Controller: Account For User : svamadmin.
2021-01-15 16:24:45,432 => INFO  NA.PMS.Common.Logger.LogService.LogInformation():24 - Executing Action: Login on Controller: Account For User : svamadmin.
2021-01-15 16:24:47,780 => INFO  NA.PMS.Common.Logger.LogService.LogInformation():24 - Executed Action: Login on Controller: Account For User : svamadmin.
2021-01-15 16:24:47,804 => INFO  NA.PMS.Common.Logger.LogService.LogInformation():24 - Executing Action: Login on Controller: Account For User : svamadmin.
2021-01-15 16:24:47,813 => INFO  NA.PMS.Common.Logger.LogService.LogInformation():24 - Executed Action: Login on Controller: Account For User : svamadmin.
2021-01-15 16:24:53,058 => INFO  NA.PMS.Common.Logger.LogService.LogInformation():24 - Executing Action: LoginAfterVerifyOTP on Controller: Account For User : svamadmin.
2021-01-15 16:24:54,175 => INFO  NA.PMS.Common.Logger.LogService.LogInformation():24 - Executed Action: LoginAfterVerifyOTP on Controller: Account For User : svamadmin.
2021-01-15 16:24:55,605 => INFO  NA.PMS.Common.Logger.LogService.LogInformation():24 - Executing Action: Login on Controller: Account For User : svamadmin.
2021-01-15 16:24:55,625 => INFO  NA.PMS.Common.Logger.LogService.LogInformation():24 - Executed Action: Login on Controller: Account For User : svamadmin.
2021-01-15 16:24:56,345 => INFO  NA.PMS.Common.Logger.LogService.LogInformation():24 - Executing Action: GetDepartmentForAdvanceSearch on Controller: PropertyAllotment For User : svamadmin.
2021-01-15 16:24:56,403 => INFO  NA.PMS.Common.Logger.LogService.LogInformation():24 - Executed Action: GetDepartmentForAdvanceSearch on Controller: PropertyAllotment For User : svamadmin.
2021-01-15 16:26:12,056 => INFO  NA.PMS.Common.Logger.LogService.LogInformation():24 - Executing Action: Logout on Controller: Account For User : svamadmin.
2021-01-15 16:26:12,068 => INFO  NA.PMS.Common.Logger.LogService.LogInformation():24 - Executed Action: Logout on Controller: Account For User : svamadmin.
2021-01-15 16:26:40,234 => INFO  NA.PMS.Common.Logger.LogService.LogInformation():24 - Executing Action: Logout on Controller: Account For User : svamadmin.
2021-01-15 16:26:40,294 => INFO  NA.PMS.Common.Logger.LogService.LogInformation():24 - Executed Action: Logout on Controller: Account For User : svamadmin.
2021-01-15 16:27:11,628 => ERROR NA.PMS.Common.Logger.LogService.LogError():97 - Global Exception
System.FormatException: Input string was not in a correct format.
   at System.Number.StringToNumber(String str, NumberStyles options, NumberBuffer& number, NumberFormatInfo info, Boolean parseDecimal)
   at System.Number.ParseInt32(String s, NumberStyles style, NumberFormatInfo info)
   at System.Convert.ToInt32(String value)
   at NA.PMS.OnlineScheme.Controllers.HousingSchemeController.PreviewSchemeForm(String id) in d:\TFSProject\NoidaAuthority\Source\NA.PMS\NA.PMS.OnlineScheme\Controllers\HousingSchemeController.cs:line 115
   at lambda_method(Closure , ControllerBase , Object[] )
   at System.Web.Mvc.ActionMethodDispatcher.Execute(ControllerBase controller, Object[] parameters)
   at System.Web.Mvc.ReflectedActionDescriptor.Execute(ControllerContext controllerContext, IDictionary`2 parameters)
   at System.Web.Mvc.ControllerActionInvoker.InvokeActionMethod(ControllerContext controllerContext, ActionDescriptor actionDescriptor, IDictionary`2 parameters)
   at System.Web.Mvc.Async.AsyncControllerActionInvoker.ActionInvocation.InvokeSynchronousActionMethod()
   at System.Web.Mvc.Async.AsyncControllerActionInvoker.<BeginInvokeSynchronousActionMethod>b__39(IAsyncResult asyncResult, ActionInvocation innerInvokeState)
   at System.Web.Mvc.Async.AsyncResultWrapper.WrappedAsyncResult`2.CallEndDelegate(IAsyncResult asyncResult)
   at System.Web.Mvc.Async.AsyncResultWrapper.WrappedAsyncResultBase`1.End()
   at System.Web.Mvc.Async.AsyncResultWrapper.End[TResult](IAsyncResult asyncResult, Object tag)
   at System.Web.Mvc.Async.AsyncControllerActionInvoker.EndInvokeActionMethod(IAsyncResult asyncResult)
   at System.Web.Mvc.Async.AsyncControllerActionInvoker.AsyncInvocationWithFilters.<InvokeActionMethodFilterAsynchronouslyRecursive>b__3d()
   at System.Web.Mvc.Async.AsyncControllerActionInvoker.AsyncInvocationWithFilters.<>c__DisplayClass46.<InvokeActionMethodFilterAsynchronouslyRecursive>b__3f()
   at System.Web.Mvc.Async.AsyncControllerActionInvoker.<>c__DisplayClass33.<BeginInvokeActionMethodWithFilters>b__32(IAsyncResult asyncResult)
   at System.Web.Mvc.Async.AsyncResultWrapper.WrappedAsyncResult`1.CallEndDelegate(IAsyncResult asyncResult)
   at System.Web.Mvc.Async.AsyncResultWrapper.WrappedAsyncResultBase`1.End()
   at System.Web.Mvc.Async.AsyncResultWrapper.End[TResult](IAsyncResult asyncResult, Object tag)
   at System.Web.Mvc.Async.AsyncControllerActionInvoker.EndInvokeActionMethodWithFilters(IAsyncResult asyncResult)
   at System.Web.Mvc.Async.AsyncControllerActionInvoker.<>c__DisplayClass21.<>c__DisplayClass2b.<BeginInvokeAction>b__1c()
   at System.Web.Mvc.Async.AsyncControllerActionInvoker.<>c__DisplayClass21.<BeginInvokeAction>b__1e(IAsyncResult asyncResult)
   at System.Web.Mvc.Async.AsyncResultWrapper.WrappedAsyncResult`1.CallEndDelegate(IAsyncResult asyncResult)
   at System.Web.Mvc.Async.AsyncResultWrapper.WrappedAsyncResultBase`1.End()
   at System.Web.Mvc.Async.AsyncResultWrapper.End[TResult](IAsyncResult asyncResult, Object tag)
   at System.Web.Mvc.Async.AsyncControllerActionInvoker.EndInvokeAction(IAsyncResult asyncResult)
   at System.Web.Mvc.Controller.<BeginExecuteCore>b__1d(IAsyncResult asyncResult, ExecuteCoreState innerState)
   at System.Web.Mvc.Async.AsyncResultWrapper.WrappedAsyncVoid`1.CallEndDelegate(IAsyncResult asyncResult)
   at System.Web.Mvc.Async.AsyncResultWrapper.WrappedAsyncResultBase`1.End()
   at System.Web.Mvc.Async.AsyncResultWrapper.End[TResult](IAsyncResult asyncResult, Object tag)
   at System.Web.Mvc.Async.AsyncResultWrapper.End(IAsyncResult asyncResult, Object tag)
   at System.Web.Mvc.Controller.EndExecuteCore(IAsyncResult asyncResult)
   at System.Web.Mvc.Controller.<BeginExecute>b__15(IAsyncResult asyncResult, Controller controller)
   at System.Web.Mvc.Async.AsyncResultWrapper.WrappedAsyncVoid`1.CallEndDelegate(IAsyncResult asyncResult)
   at System.Web.Mvc.Async.AsyncResultWrapper.WrappedAsyncResultBase`1.End()
   at System.Web.Mvc.Async.AsyncResultWrapper.End[TResult](IAsyncResult asyncResult, Object tag)
   at System.Web.Mvc.Async.AsyncResultWrapper.End(IAsyncResult asyncResult, Object tag)
   at System.Web.Mvc.Controller.EndExecute(IAsyncResult asyncResult)
   at System.Web.Mvc.Controller.System.Web.Mvc.Async.IAsyncController.EndExecute(IAsyncResult asyncResult)
   at System.Web.Mvc.MvcHandler.<BeginProcessRequest>b__5(IAsyncResult asyncResult, ProcessRequestState innerState)
   at System.Web.Mvc.Async.AsyncResultWrapper.WrappedAsyncVoid`1.CallEndDelegate(IAsyncResult asyncResult)
   at System.Web.Mvc.Async.AsyncResultWrapper.WrappedAsyncResultBase`1.End()
   at System.Web.Mvc.Async.AsyncResultWrapper.End[TResult](IAsyncResult asyncResult, Object tag)
   at System.Web.Mvc.Async.AsyncResultWrapper.End(IAsyncResult asyncResult, Object tag)
   at System.Web.Mvc.MvcHandler.EndProcessRequest(IAsyncResult asyncResult)
   at System.Web.Mvc.MvcHandler.System.Web.IHttpAsyncHandler.EndProcessRequest(IAsyncResult result)
   at System.Web.HttpApplication.CallHandlerExecutionStep.System.Web.HttpApplication.IExecutionStep.Execute()
   at System.Web.HttpApplication.ExecuteStepImpl(IExecutionStep step)
   at System.Web.HttpApplication.ExecuteStep(IExecutionStep step, Boolean& completedSynchronously)
2021-01-15 16:27:12,466 => INFO  NA.PMS.Common.Logger.LogService.LogInformation():24 - Executing Action: GetBankListforOnline on Controller: Application For User : svamadmin.
2021-01-15 16:27:12,530 => INFO  NA.PMS.Common.Logger.LogService.LogInformation():24 - Executed Action: GetBankListforOnline on Controller: Application For User : svamadmin.
2021-01-15 16:27:12,626 => INFO  NA.PMS.Common.Logger.LogService.LogInformation():24 - Executing Action: GetDirectorTypeList on Controller: Application For User : svamadmin.
2021-01-15 16:27:12,723 => INFO  NA.PMS.Common.Logger.LogService.LogInformation():24 - Executed Action: GetDirectorTypeList on Controller: Application For User : svamadmin.
2021-01-15 16:27:13,128 => INFO  NA.PMS.Common.Logger.LogService.LogInformation():24 - Executing Action: GetApplicantTypeList on Controller: Application For User : svamadmin.
2021-01-15 16:27:13,177 => INFO  NA.PMS.Common.Logger.LogService.LogInformation():24 - Executed Action: GetApplicantTypeList on Controller: Application For User : svamadmin.
2021-01-15 16:27:13,205 => INFO  NA.PMS.Common.Logger.LogService.LogInformation():24 - Executing Action: GetCompanyTypeList on Controller: Application For User : svamadmin.
2021-01-15 16:27:13,251 => INFO  NA.PMS.Common.Logger.LogService.LogInformation():24 - Executed Action: GetCompanyTypeList on Controller: Application For User : svamadmin.
2021-01-15 16:30:45,840 => INFO  NA.PMS.Common.Logger.LogService.LogInformation():24 - Executing Action: Login on Controller: Account For User : svamadmin.
2021-01-15 16:30:46,038 => INFO  NA.PMS.Common.Logger.LogService.LogInformation():24 - Executed Action: Login on Controller: Account For User : svamadmin.
2021-01-15 16:31:45,801 => ERROR NA.PMS.Common.Logger.LogService.LogError():97 - Global Exception
System.NullReferenceException: Object reference not set to an instance of an object.
   at NA.PMS.OnlineScheme.Controllers.InstitutionalSchemeController.OpenEndSchemeForm(SchemeFormViewModel form) in d:\TFSProject\NoidaAuthority\Source\NA.PMS\NA.PMS.OnlineScheme\Controllers\InstitutionalSchemeController.cs:line 98
   at lambda_method(Closure , ControllerBase , Object[] )
   at System.Web.Mvc.ActionMethodDispatcher.Execute(ControllerBase controller, Object[] parameters)
   at System.Web.Mvc.ReflectedActionDescriptor.Execute(ControllerContext controllerContext, IDictionary`2 parameters)
   at System.Web.Mvc.ControllerActionInvoker.InvokeActionMethod(ControllerContext controllerContext, ActionDescriptor actionDescriptor, IDictionary`2 parameters)
   at System.Web.Mvc.Async.AsyncControllerActionInvoker.ActionInvocation.InvokeSynchronousActionMethod()
   at System.Web.Mvc.Async.AsyncControllerActionInvoker.<BeginInvokeSynchronousActionMethod>b__39(IAsyncResult asyncResult, ActionInvocation innerInvokeState)
   at System.Web.Mvc.Async.AsyncResultWrapper.WrappedAsyncResult`2.CallEndDelegate(IAsyncResult asyncResult)
   at System.Web.Mvc.Async.AsyncResultWrapper.WrappedAsyncResultBase`1.End()
   at System.Web.Mvc.Async.AsyncResultWrapper.End[TResult](IAsyncResult asyncResult, Object tag)
   at System.Web.Mvc.Async.AsyncControllerActionInvoker.EndInvokeActionMethod(IAsyncResult asyncResult)
   at System.Web.Mvc.Async.AsyncControllerActionInvoker.AsyncInvocationWithFilters.<InvokeActionMethodFilterAsynchronouslyRecursive>b__3d()
   at System.Web.Mvc.Async.AsyncControllerActionInvoker.AsyncInvocationWithFilters.<>c__DisplayClass46.<InvokeActionMethodFilterAsynchronouslyRecursive>b__3f()
   at System.Web.Mvc.Async.AsyncControllerActionInvoker.<>c__DisplayClass33.<BeginInvokeActionMethodWithFilters>b__32(IAsyncResult asyncResult)
   at System.Web.Mvc.Async.AsyncResultWrapper.WrappedAsyncResult`1.CallEndDelegate(IAsyncResult asyncResult)
   at System.Web.Mvc.Async.AsyncResultWrapper.WrappedAsyncResultBase`1.End()
   at System.Web.Mvc.Async.AsyncResultWrapper.End[TResult](IAsyncResult asyncResult, Object tag)
   at System.Web.Mvc.Async.AsyncControllerActionInvoker.EndInvokeActionMethodWithFilters(IAsyncResult asyncResult)
   at System.Web.Mvc.Async.AsyncControllerActionInvoker.<>c__DisplayClass21.<>c__DisplayClass2b.<BeginInvokeAction>b__1c()
   at System.Web.Mvc.Async.AsyncControllerActionInvoker.<>c__DisplayClass21.<BeginInvokeAction>b__1e(IAsyncResult asyncResult)
   at System.Web.Mvc.Async.AsyncResultWrapper.WrappedAsyncResult`1.CallEndDelegate(IAsyncResult asyncResult)
   at System.Web.Mvc.Async.AsyncResultWrapper.WrappedAsyncResultBase`1.End()
   at System.Web.Mvc.Async.AsyncResultWrapper.End[TResult](IAsyncResult asyncResult, Object tag)
   at System.Web.Mvc.Async.AsyncControllerActionInvoker.EndInvokeAction(IAsyncResult asyncResult)
   at System.Web.Mvc.Controller.<BeginExecuteCore>b__1d(IAsyncResult asyncResult, ExecuteCoreState innerState)
   at System.Web.Mvc.Async.AsyncResultWrapper.WrappedAsyncVoid`1.CallEndDelegate(IAsyncResult asyncResult)
   at System.Web.Mvc.Async.AsyncResultWrapper.WrappedAsyncResultBase`1.End()
   at System.Web.Mvc.Async.AsyncResultWrapper.End[TResult](IAsyncResult asyncResult, Object tag)
   at System.Web.Mvc.Async.AsyncResultWrapper.End(IAsyncResult asyncResult, Object tag)
   at System.Web.Mvc.Controller.EndExecuteCore(IAsyncResult asyncResult)
   at System.Web.Mvc.Controller.<BeginExecute>b__15(IAsyncResult asyncResult, Controller controller)
   at System.Web.Mvc.Async.AsyncResultWrapper.WrappedAsyncVoid`1.CallEndDelegate(IAsyncResult asyncResult)
   at System.Web.Mvc.Async.AsyncResultWrapper.WrappedAsyncResultBase`1.End()
   at System.Web.Mvc.Async.AsyncResultWrapper.End[TResult](IAsyncResult asyncResult, Object tag)
   at System.Web.Mvc.Async.AsyncResultWrapper.End(IAsyncResult asyncResult, Object tag)
   at System.Web.Mvc.Controller.EndExecute(IAsyncResult asyncResult)
   at System.Web.Mvc.Controller.System.Web.Mvc.Async.IAsyncController.EndExecute(IAsyncResult asyncResult)
   at System.Web.Mvc.MvcHandler.<BeginProcessRequest>b__5(IAsyncResult asyncResult, ProcessRequestState innerState)
   at System.Web.Mvc.Async.AsyncResultWrapper.WrappedAsyncVoid`1.CallEndDelegate(IAsyncResult asyncResult)
   at System.Web.Mvc.Async.AsyncResultWrapper.WrappedAsyncResultBase`1.End()
   at System.Web.Mvc.Async.AsyncResultWrapper.End[TResult](IAsyncResult asyncResult, Object tag)
   at System.Web.Mvc.Async.AsyncResultWrapper.End(IAsyncResult asyncResult, Object tag)
   at System.Web.Mvc.MvcHandler.EndProcessRequest(IAsyncResult asyncResult)
   at System.Web.Mvc.MvcHandler.System.Web.IHttpAsyncHandler.EndProcessRequest(IAsyncResult result)
   at System.Web.HttpApplication.CallHandlerExecutionStep.System.Web.HttpApplication.IExecutionStep.Execute()
   at System.Web.HttpApplication.ExecuteStepImpl(IExecutionStep step)
   at System.Web.HttpApplication.ExecuteStep(IExecutionStep step, Boolean& completedSynchronously)
2021-01-15 16:34:30,548 => INFO  NA.PMS.Common.Logger.LogService.LogInformation():24 - Executing Action: Login on Controller: Account For User : svamadmin.
2021-01-15 16:34:30,794 => INFO  NA.PMS.Common.Logger.LogService.LogInformation():24 - Executed Action: Login on Controller: Account For User : svamadmin.
2021-01-15 16:40:01,308 => ERROR NA.PMS.Common.Logger.LogService.LogError():97 - Global Exception
System.InvalidOperationException: The model item passed into the dictionary is of type 'NA.PMS.OnlineScheme.SchemeFormViewModel', but this dictionary requires a model item of type 'NA.PMS.Model.OnlineFormViewModel'.
   at System.Web.Mvc.ViewDataDictionary`1.SetModel(Object value)
   at System.Web.Mvc.ViewDataDictionary.set_Model(Object value)
   at System.Web.Mvc.ViewDataDictionary..ctor(ViewDataDictionary dictionary)
   at System.Web.Mvc.ViewDataDictionary`1..ctor(ViewDataDictionary viewDataDictionary)
   at System.Web.Mvc.WebViewPage`1.SetViewData(ViewDataDictionary viewData)
   at System.Web.Mvc.WebViewPage.set_ViewData(ViewDataDictionary value)
   at System.Web.Mvc.RazorView.RenderView(ViewContext viewContext, TextWriter writer, Object instance)
   at System.Web.Mvc.BuildManagerCompiledView.Render(ViewContext viewContext, TextWriter writer)
   at System.Web.Mvc.HtmlHelper.RenderPartialInternal(String partialViewName, ViewDataDictionary viewData, Object model, TextWriter writer, ViewEngineCollection viewEngineCollection)
   at System.Web.Mvc.Html.RenderPartialExtensions.RenderPartial(HtmlHelper htmlHelper, String partialViewName, Object model)
   at ASP._Page_Areas_Online_Views_Institutional_OpenEndSchemeForm_cshtml.Execute() in d:\TFSProject\NoidaAuthority\Source\NA.PMS\NA.PMS.Web\Areas\Online\Views\Institutional\OpenEndSchemeForm.cshtml:line 337
   at System.Web.WebPages.WebPageBase.ExecutePageHierarchy()
   at System.Web.Mvc.WebViewPage.ExecutePageHierarchy()
   at System.Web.WebPages.WebPageBase.ExecutePageHierarchy(WebPageContext pageContext, TextWriter writer, WebPageRenderingBase startPage)
   at System.Web.Mvc.RazorView.RenderView(ViewContext viewContext, TextWriter writer, Object instance)
   at System.Web.Mvc.BuildManagerCompiledView.Render(ViewContext viewContext, TextWriter writer)
   at System.Web.Mvc.ViewResultBase.ExecuteResult(ControllerContext context)
   at System.Web.Mvc.ControllerActionInvoker.InvokeActionResult(ControllerContext controllerContext, ActionResult actionResult)
   at System.Web.Mvc.ControllerActionInvoker.InvokeActionResultFilterRecursive(IList`1 filters, Int32 filterIndex, ResultExecutingContext preContext, ControllerContext controllerContext, ActionResult actionResult)
   at System.Web.Mvc.ControllerActionInvoker.InvokeActionResultFilterRecursive(IList`1 filters, Int32 filterIndex, ResultExecutingContext preContext, ControllerContext controllerContext, ActionResult actionResult)
   at System.Web.Mvc.ControllerActionInvoker.InvokeActionResultWithFilters(ControllerContext controllerContext, IList`1 filters, ActionResult actionResult)
   at System.Web.Mvc.Async.AsyncControllerActionInvoker.<>c__DisplayClass21.<>c__DisplayClass2b.<BeginInvokeAction>b__1c()
   at System.Web.Mvc.Async.AsyncControllerActionInvoker.<>c__DisplayClass21.<BeginInvokeAction>b__1e(IAsyncResult asyncResult)
   at System.Web.Mvc.Async.AsyncResultWrapper.WrappedAsyncResult`1.CallEndDelegate(IAsyncResult asyncResult)
   at System.Web.Mvc.Async.AsyncResultWrapper.WrappedAsyncResultBase`1.End()
   at System.Web.Mvc.Async.AsyncResultWrapper.End[TResult](IAsyncResult asyncResult, Object tag)
   at System.Web.Mvc.Async.AsyncControllerActionInvoker.EndInvokeAction(IAsyncResult asyncResult)
   at System.Web.Mvc.Controller.<BeginExecuteCore>b__1d(IAsyncResult asyncResult, ExecuteCoreState innerState)
   at System.Web.Mvc.Async.AsyncResultWrapper.WrappedAsyncVoid`1.CallEndDelegate(IAsyncResult asyncResult)
   at System.Web.Mvc.Async.AsyncResultWrapper.WrappedAsyncResultBase`1.End()
   at System.Web.Mvc.Async.AsyncResultWrapper.End[TResult](IAsyncResult asyncResult, Object tag)
   at System.Web.Mvc.Async.AsyncResultWrapper.End(IAsyncResult asyncResult, Object tag)
   at System.Web.Mvc.Controller.EndExecuteCore(IAsyncResult asyncResult)
   at System.Web.Mvc.Controller.<BeginExecute>b__15(IAsyncResult asyncResult, Controller controller)
   at System.Web.Mvc.Async.AsyncResultWrapper.WrappedAsyncVoid`1.CallEndDelegate(IAsyncResult asyncResult)
   at System.Web.Mvc.Async.AsyncResultWrapper.WrappedAsyncResultBase`1.End()
   at System.Web.Mvc.Async.AsyncResultWrapper.End[TResult](IAsyncResult asyncResult, Object tag)
   at System.Web.Mvc.Async.AsyncResultWrapper.End(IAsyncResult asyncResult, Object tag)
   at System.Web.Mvc.Controller.EndExecute(IAsyncResult asyncResult)
   at System.Web.Mvc.Controller.System.Web.Mvc.Async.IAsyncController.EndExecute(IAsyncResult asyncResult)
   at System.Web.Mvc.MvcHandler.<BeginProcessRequest>b__5(IAsyncResult asyncResult, ProcessRequestState innerState)
   at System.Web.Mvc.Async.AsyncResultWrapper.WrappedAsyncVoid`1.CallEndDelegate(IAsyncResult asyncResult)
   at System.Web.Mvc.Async.AsyncResultWrapper.WrappedAsyncResultBase`1.End()
   at System.Web.Mvc.Async.AsyncResultWrapper.End[TResult](IAsyncResult asyncResult, Object tag)
   at System.Web.Mvc.Async.AsyncResultWrapper.End(IAsyncResult asyncResult, Object tag)
   at System.Web.Mvc.MvcHandler.EndProcessRequest(IAsyncResult asyncResult)
   at System.Web.Mvc.MvcHandler.System.Web.IHttpAsyncHandler.EndProcessRequest(IAsyncResult result)
   at System.Web.HttpApplication.CallHandlerExecutionStep.System.Web.HttpApplication.IExecutionStep.Execute()
   at System.Web.HttpApplication.ExecuteStepImpl(IExecutionStep step)
   at System.Web.HttpApplication.ExecuteStep(IExecutionStep step, Boolean& completedSynchronously)
2021-01-15 16:40:38,439 => ERROR NA.PMS.Common.Logger.LogService.LogError():97 - Global Exception
System.InvalidOperationException: The partial view '~/Areas/Scheme/Views/Shared/_CompanyForm.cshtml' was not found or no view engine supports the searched locations. The following locations were searched:
~/Areas/Scheme/Views/Shared/_CompanyForm.cshtml
   at System.Web.Mvc.HtmlHelper.FindPartialView(ViewContext viewContext, String partialViewName, ViewEngineCollection viewEngineCollection)
   at System.Web.Mvc.HtmlHelper.RenderPartialInternal(String partialViewName, ViewDataDictionary viewData, Object model, TextWriter writer, ViewEngineCollection viewEngineCollection)
   at System.Web.Mvc.Html.RenderPartialExtensions.RenderPartial(HtmlHelper htmlHelper, String partialViewName, Object model)
   at ASP._Page_Areas_Online_Views_Institutional_OpenEndSchemeForm_cshtml.Execute() in d:\TFSProject\NoidaAuthority\Source\NA.PMS\NA.PMS.Web\Areas\Online\Views\Institutional\OpenEndSchemeForm.cshtml:line 583
   at System.Web.WebPages.WebPageBase.ExecutePageHierarchy()
   at System.Web.Mvc.WebViewPage.ExecutePageHierarchy()
   at System.Web.WebPages.WebPageBase.ExecutePageHierarchy(WebPageContext pageContext, TextWriter writer, WebPageRenderingBase startPage)
   at System.Web.Mvc.RazorView.RenderView(ViewContext viewContext, TextWriter writer, Object instance)
   at System.Web.Mvc.BuildManagerCompiledView.Render(ViewContext viewContext, TextWriter writer)
   at System.Web.Mvc.ViewResultBase.ExecuteResult(ControllerContext context)
   at System.Web.Mvc.ControllerActionInvoker.InvokeActionResult(ControllerContext controllerContext, ActionResult actionResult)
   at System.Web.Mvc.ControllerActionInvoker.InvokeActionResultFilterRecursive(IList`1 filters, Int32 filterIndex, ResultExecutingContext preContext, ControllerContext controllerContext, ActionResult actionResult)
   at System.Web.Mvc.ControllerActionInvoker.InvokeActionResultFilterRecursive(IList`1 filters, Int32 filterIndex, ResultExecutingContext preContext, ControllerContext controllerContext, ActionResult actionResult)
   at System.Web.Mvc.ControllerActionInvoker.InvokeActionResultWithFilters(ControllerContext controllerContext, IList`1 filters, ActionResult actionResult)
   at System.Web.Mvc.Async.AsyncControllerActionInvoker.<>c__DisplayClass21.<>c__DisplayClass2b.<BeginInvokeAction>b__1c()
   at System.Web.Mvc.Async.AsyncControllerActionInvoker.<>c__DisplayClass21.<BeginInvokeAction>b__1e(IAsyncResult asyncResult)
   at System.Web.Mvc.Async.AsyncResultWrapper.WrappedAsyncResult`1.CallEndDelegate(IAsyncResult asyncResult)
   at System.Web.Mvc.Async.AsyncResultWrapper.WrappedAsyncResultBase`1.End()
   at System.Web.Mvc.Async.AsyncResultWrapper.End[TResult](IAsyncResult asyncResult, Object tag)
   at System.Web.Mvc.Async.AsyncControllerActionInvoker.EndInvokeAction(IAsyncResult asyncResult)
   at System.Web.Mvc.Controller.<BeginExecuteCore>b__1d(IAsyncResult asyncResult, ExecuteCoreState innerState)
   at System.Web.Mvc.Async.AsyncResultWrapper.WrappedAsyncVoid`1.CallEndDelegate(IAsyncResult asyncResult)
   at System.Web.Mvc.Async.AsyncResultWrapper.WrappedAsyncResultBase`1.End()
   at System.Web.Mvc.Async.AsyncResultWrapper.End[TResult](IAsyncResult asyncResult, Object tag)
   at System.Web.Mvc.Async.AsyncResultWrapper.End(IAsyncResult asyncResult, Object tag)
   at System.Web.Mvc.Controller.EndExecuteCore(IAsyncResult asyncResult)
   at System.Web.Mvc.Controller.<BeginExecute>b__15(IAsyncResult asyncResult, Controller controller)
   at System.Web.Mvc.Async.AsyncResultWrapper.WrappedAsyncVoid`1.CallEndDelegate(IAsyncResult asyncResult)
   at System.Web.Mvc.Async.AsyncResultWrapper.WrappedAsyncResultBase`1.End()
   at System.Web.Mvc.Async.AsyncResultWrapper.End[TResult](IAsyncResult asyncResult, Object tag)
   at System.Web.Mvc.Async.AsyncResultWrapper.End(IAsyncResult asyncResult, Object tag)
   at System.Web.Mvc.Controller.EndExecute(IAsyncResult asyncResult)
   at System.Web.Mvc.Controller.System.Web.Mvc.Async.IAsyncController.EndExecute(IAsyncResult asyncResult)
   at System.Web.Mvc.MvcHandler.<BeginProcessRequest>b__5(IAsyncResult asyncResult, ProcessRequestState innerState)
   at System.Web.Mvc.Async.AsyncResultWrapper.WrappedAsyncVoid`1.CallEndDelegate(IAsyncResult asyncResult)
   at System.Web.Mvc.Async.AsyncResultWrapper.WrappedAsyncResultBase`1.End()
   at System.Web.Mvc.Async.AsyncResultWrapper.End[TResult](IAsyncResult asyncResult, Object tag)
   at System.Web.Mvc.Async.AsyncResultWrapper.End(IAsyncResult asyncResult, Object tag)
   at System.Web.Mvc.MvcHandler.EndProcessRequest(IAsyncResult asyncResult)
   at System.Web.Mvc.MvcHandler.System.Web.IHttpAsyncHandler.EndProcessRequest(IAsyncResult result)
   at System.Web.HttpApplication.CallHandlerExecutionStep.System.Web.HttpApplication.IExecutionStep.Execute()
   at System.Web.HttpApplication.ExecuteStepImpl(IExecutionStep step)
   at System.Web.HttpApplication.ExecuteStep(IExecutionStep step, Boolean& completedSynchronously)
2021-01-15 16:41:01,472 => ERROR NA.PMS.Common.Logger.LogService.LogError():97 - Global Exception
System.InvalidOperationException: The partial view '~/Areas/Scheme/Views/Shared/_OfflinebrochurePayment.cshtml' was not found or no view engine supports the searched locations. The following locations were searched:
~/Areas/Scheme/Views/Shared/_OfflinebrochurePayment.cshtml
   at System.Web.Mvc.HtmlHelper.FindPartialView(ViewContext viewContext, String partialViewName, ViewEngineCollection viewEngineCollection)
   at System.Web.Mvc.HtmlHelper.RenderPartialInternal(String partialViewName, ViewDataDictionary viewData, Object model, TextWriter writer, ViewEngineCollection viewEngineCollection)
   at System.Web.Mvc.Html.RenderPartialExtensions.RenderPartial(HtmlHelper htmlHelper, String partialViewName)
   at ASP._Page_Areas_Online_Views_Institutional_OpenEndSchemeForm_cshtml.Execute() in d:\TFSProject\NoidaAuthority\Source\NA.PMS\NA.PMS.Web\Areas\Online\Views\Institutional\OpenEndSchemeForm.cshtml:line 775
   at System.Web.WebPages.WebPageBase.ExecutePageHierarchy()
   at System.Web.Mvc.WebViewPage.ExecutePageHierarchy()
   at System.Web.WebPages.WebPageBase.ExecutePageHierarchy(WebPageContext pageContext, TextWriter writer, WebPageRenderingBase startPage)
   at System.Web.Mvc.RazorView.RenderView(ViewContext viewContext, TextWriter writer, Object instance)
   at System.Web.Mvc.BuildManagerCompiledView.Render(ViewContext viewContext, TextWriter writer)
   at System.Web.Mvc.ViewResultBase.ExecuteResult(ControllerContext context)
   at System.Web.Mvc.ControllerActionInvoker.InvokeActionResult(ControllerContext controllerContext, ActionResult actionResult)
   at System.Web.Mvc.ControllerActionInvoker.InvokeActionResultFilterRecursive(IList`1 filters, Int32 filterIndex, ResultExecutingContext preContext, ControllerContext controllerContext, ActionResult actionResult)
   at System.Web.Mvc.ControllerActionInvoker.InvokeActionResultFilterRecursive(IList`1 filters, Int32 filterIndex, ResultExecutingContext preContext, ControllerContext controllerContext, ActionResult actionResult)
   at System.Web.Mvc.ControllerActionInvoker.InvokeActionResultWithFilters(ControllerContext controllerContext, IList`1 filters, ActionResult actionResult)
   at System.Web.Mvc.Async.AsyncControllerActionInvoker.<>c__DisplayClass21.<>c__DisplayClass2b.<BeginInvokeAction>b__1c()
   at System.Web.Mvc.Async.AsyncControllerActionInvoker.<>c__DisplayClass21.<BeginInvokeAction>b__1e(IAsyncResult asyncResult)
   at System.Web.Mvc.Async.AsyncResultWrapper.WrappedAsyncResult`1.CallEndDelegate(IAsyncResult asyncResult)
   at System.Web.Mvc.Async.AsyncResultWrapper.WrappedAsyncResultBase`1.End()
   at System.Web.Mvc.Async.AsyncResultWrapper.End[TResult](IAsyncResult asyncResult, Object tag)
   at System.Web.Mvc.Async.AsyncControllerActionInvoker.EndInvokeAction(IAsyncResult asyncResult)
   at System.Web.Mvc.Controller.<BeginExecuteCore>b__1d(IAsyncResult asyncResult, ExecuteCoreState innerState)
   at System.Web.Mvc.Async.AsyncResultWrapper.WrappedAsyncVoid`1.CallEndDelegate(IAsyncResult asyncResult)
   at System.Web.Mvc.Async.AsyncResultWrapper.WrappedAsyncResultBase`1.End()
   at System.Web.Mvc.Async.AsyncResultWrapper.End[TResult](IAsyncResult asyncResult, Object tag)
   at System.Web.Mvc.Async.AsyncResultWrapper.End(IAsyncResult asyncResult, Object tag)
   at System.Web.Mvc.Controller.EndExecuteCore(IAsyncResult asyncResult)
   at System.Web.Mvc.Controller.<BeginExecute>b__15(IAsyncResult asyncResult, Controller controller)
   at System.Web.Mvc.Async.AsyncResultWrapper.WrappedAsyncVoid`1.CallEndDelegate(IAsyncResult asyncResult)
   at System.Web.Mvc.Async.AsyncResultWrapper.WrappedAsyncResultBase`1.End()
   at System.Web.Mvc.Async.AsyncResultWrapper.End[TResult](IAsyncResult asyncResult, Object tag)
   at System.Web.Mvc.Async.AsyncResultWrapper.End(IAsyncResult asyncResult, Object tag)
   at System.Web.Mvc.Controller.EndExecute(IAsyncResult asyncResult)
   at System.Web.Mvc.Controller.System.Web.Mvc.Async.IAsyncController.EndExecute(IAsyncResult asyncResult)
   at System.Web.Mvc.MvcHandler.<BeginProcessRequest>b__5(IAsyncResult asyncResult, ProcessRequestState innerState)
   at System.Web.Mvc.Async.AsyncResultWrapper.WrappedAsyncVoid`1.CallEndDelegate(IAsyncResult asyncResult)
   at System.Web.Mvc.Async.AsyncResultWrapper.WrappedAsyncResultBase`1.End()
   at System.Web.Mvc.Async.AsyncResultWrapper.End[TResult](IAsyncResult asyncResult, Object tag)
   at System.Web.Mvc.Async.AsyncResultWrapper.End(IAsyncResult asyncResult, Object tag)
   at System.Web.Mvc.MvcHandler.EndProcessRequest(IAsyncResult asyncResult)
   at System.Web.Mvc.MvcHandler.System.Web.IHttpAsyncHandler.EndProcessRequest(IAsyncResult result)
   at System.Web.HttpApplication.CallHandlerExecutionStep.System.Web.HttpApplication.IExecutionStep.Execute()
   at System.Web.HttpApplication.ExecuteStepImpl(IExecutionStep step)
   at System.Web.HttpApplication.ExecuteStep(IExecutionStep step, Boolean& completedSynchronously)
2021-01-15 16:41:21,583 => INFO  NA.PMS.Common.Logger.LogService.LogInformation():24 - Executing Action: GetSectorList on Controller: Application For User : svamadmin.
2021-01-15 16:41:21,642 => INFO  NA.PMS.Common.Logger.LogService.LogInformation():24 - Executed Action: GetSectorList on Controller: Application For User : svamadmin.
2021-01-15 16:41:21,835 => INFO  NA.PMS.Common.Logger.LogService.LogInformation():24 - Executing Action: GetDirectorTypeList on Controller: Application For User : svamadmin.
2021-01-15 16:41:21,959 => INFO  NA.PMS.Common.Logger.LogService.LogInformation():24 - Executed Action: GetDirectorTypeList on Controller: Application For User : svamadmin.
2021-01-15 16:41:22,339 => INFO  NA.PMS.Common.Logger.LogService.LogInformation():24 - Executing Action: GetBankListforOnline on Controller: Application For User : svamadmin.
2021-01-15 16:41:22,393 => INFO  NA.PMS.Common.Logger.LogService.LogInformation():24 - Executed Action: GetBankListforOnline on Controller: Application For User : svamadmin.
2021-01-15 16:41:22,846 => INFO  NA.PMS.Common.Logger.LogService.LogInformation():24 - Executing Action: GetFormTypeList on Controller: Application For User : svamadmin.
2021-01-15 16:41:22,890 => INFO  NA.PMS.Common.Logger.LogService.LogInformation():24 - Executed Action: GetFormTypeList on Controller: Application For User : svamadmin.
2021-01-15 16:45:51,450 => INFO  NA.PMS.Common.Logger.LogService.LogInformation():24 - Executing Action: Login on Controller: Account For User : svamadmin.
2021-01-15 16:45:51,460 => INFO  NA.PMS.Common.Logger.LogService.LogInformation():24 - Executed Action: Login on Controller: Account For User : svamadmin.
2021-01-15 16:45:58,966 => INFO  NA.PMS.Common.Logger.LogService.LogInformation():24 - Executing Action: Login on Controller: Account For User : svamadmin.
2021-01-15 16:45:59,587 => INFO  NA.PMS.Common.Logger.LogService.LogInformation():24 - Executed Action: Login on Controller: Account For User : svamadmin.
2021-01-15 16:45:59,606 => INFO  NA.PMS.Common.Logger.LogService.LogInformation():24 - Executing Action: Login on Controller: Account For User : svamadmin.
2021-01-15 16:45:59,619 => INFO  NA.PMS.Common.Logger.LogService.LogInformation():24 - Executed Action: Login on Controller: Account For User : svamadmin.
2021-01-15 16:46:02,578 => INFO  NA.PMS.Common.Logger.LogService.LogInformation():24 - Executing Action: LoginAfterVerifyOTP on Controller: Account For User : svamadmin.
2021-01-15 16:46:03,263 => INFO  NA.PMS.Common.Logger.LogService.LogInformation():24 - Executed Action: LoginAfterVerifyOTP on Controller: Account For User : svamadmin.
2021-01-15 16:46:04,096 => INFO  NA.PMS.Common.Logger.LogService.LogInformation():24 - Executing Action: Login on Controller: Account For User : svamadmin.
2021-01-15 16:46:04,109 => INFO  NA.PMS.Common.Logger.LogService.LogInformation():24 - Executed Action: Login on Controller: Account For User : svamadmin.
2021-01-15 16:46:04,917 => INFO  NA.PMS.Common.Logger.LogService.LogInformation():24 - Executing Action: GetDepartmentForAdvanceSearch on Controller: PropertyAllotment For User : svamadmin.
2021-01-15 16:46:04,970 => INFO  NA.PMS.Common.Logger.LogService.LogInformation():24 - Executed Action: GetDepartmentForAdvanceSearch on Controller: PropertyAllotment For User : svamadmin.
2021-01-15 16:46:20,345 => INFO  NA.PMS.Common.Logger.LogService.LogInformation():24 - Executing Action: GetRIDsForManageAccountDetailsByDataSource on Controller: PropertyRegistration For User : svamadmin.
2021-01-15 16:46:20,561 => INFO  NA.PMS.Common.Logger.LogService.LogInformation():24 - Executed Action: GetRIDsForManageAccountDetailsByDataSource on Controller: PropertyRegistration For User : svamadmin.
2021-01-15 16:46:20,758 => INFO  NA.PMS.Common.Logger.LogService.LogInformation():24 - Executing Action: GetAllFrquency on Controller: Scheme For User : svamadmin.
2021-01-15 16:46:20,769 => INFO  NA.PMS.Common.Logger.LogService.LogInformation():24 - Executed Action: GetAllFrquency on Controller: Scheme For User : svamadmin.
2021-01-15 16:46:25,939 => ERROR NA.PMS.Common.Logger.LogService.LogError():97 - Global Exception
System.NotSupportedException: The specified type member 'PaymentMode' is not supported in LINQ to Entities. Only initializers, entity members, and entity navigation properties are supported.
   at System.Data.Entity.Core.Objects.ELinq.ExpressionConverter.MemberAccessTranslator.TypedTranslate(ExpressionConverter parent, MemberExpression linq)
   at System.Data.Entity.Core.Objects.ELinq.ExpressionConverter.TypedTranslator`1.Translate(ExpressionConverter parent, Expression linq)
   at System.Data.Entity.Core.Objects.ELinq.ExpressionConverter.TranslateExpression(Expression linq)
   at System.Data.Entity.Core.Objects.ELinq.ExpressionConverter.TranslateLambda(LambdaExpression lambda, DbExpression input)
   at System.Data.Entity.Core.Objects.ELinq.ExpressionConverter.TranslateLambda(LambdaExpression lambda, DbExpression input, DbExpressionBinding& binding)
   at System.Data.Entity.Core.Objects.ELinq.ExpressionConverter.MethodCallTranslator.OneLambdaTranslator.Translate(ExpressionConverter parent, MethodCallExpression call, DbExpression& source, DbExpressionBinding& sourceBinding, DbExpression& lambda)
   at System.Data.Entity.Core.Objects.ELinq.ExpressionConverter.MethodCallTranslator.OneLambdaTranslator.Translate(ExpressionConverter parent, MethodCallExpression call)
   at System.Data.Entity.Core.Objects.ELinq.ExpressionConverter.MethodCallTranslator.SequenceMethodTranslator.Translate(ExpressionConverter parent, MethodCallExpression call, SequenceMethod sequenceMethod)
   at System.Data.Entity.Core.Objects.ELinq.ExpressionConverter.MethodCallTranslator.TypedTranslate(ExpressionConverter parent, MethodCallExpression linq)
   at System.Data.Entity.Core.Objects.ELinq.ExpressionConverter.TypedTranslator`1.Translate(ExpressionConverter parent, Expression linq)
   at System.Data.Entity.Core.Objects.ELinq.ExpressionConverter.TranslateExpression(Expression linq)
   at System.Data.Entity.Core.Objects.ELinq.ExpressionConverter.MethodCallTranslator.UnarySequenceMethodTranslator.Translate(ExpressionConverter parent, MethodCallExpression call)
   at System.Data.Entity.Core.Objects.ELinq.ExpressionConverter.MethodCallTranslator.SequenceMethodTranslator.Translate(ExpressionConverter parent, MethodCallExpression call, SequenceMethod sequenceMethod)
   at System.Data.Entity.Core.Objects.ELinq.ExpressionConverter.MethodCallTranslator.TypedTranslate(ExpressionConverter parent, MethodCallExpression linq)
   at System.Data.Entity.Core.Objects.ELinq.ExpressionConverter.TypedTranslator`1.Translate(ExpressionConverter parent, Expression linq)
   at System.Data.Entity.Core.Objects.ELinq.ExpressionConverter.TranslateExpression(Expression linq)
   at System.Data.Entity.Core.Objects.ELinq.ExpressionConverter.MethodCallTranslator.UnarySequenceMethodTranslator.Translate(ExpressionConverter parent, MethodCallExpression call)
   at System.Data.Entity.Core.Objects.ELinq.ExpressionConverter.MethodCallTranslator.SequenceMethodTranslator.Translate(ExpressionConverter parent, MethodCallExpression call, SequenceMethod sequenceMethod)
   at System.Data.Entity.Core.Objects.ELinq.ExpressionConverter.MethodCallTranslator.TypedTranslate(ExpressionConverter parent, MethodCallExpression linq)
   at System.Data.Entity.Core.Objects.ELinq.ExpressionConverter.TypedTranslator`1.Translate(ExpressionConverter parent, Expression linq)
   at System.Data.Entity.Core.Objects.ELinq.ExpressionConverter.TranslateExpression(Expression linq)
   at System.Data.Entity.Core.Objects.ELinq.ExpressionConverter.Convert()
   at System.Data.Entity.Core.Objects.ELinq.ELinqQueryState.GetExecutionPlan(Nullable`1 forMergeOption)
   at System.Data.Entity.Core.Objects.ObjectQuery`1.<>c__DisplayClass7.<GetResults>b__6()
   at System.Data.Entity.Core.Objects.ObjectContext.ExecuteInTransaction[T](Func`1 func, IDbExecutionStrategy executionStrategy, Boolean startLocalTransaction, Boolean releaseConnectionOnSuccess)
   at System.Data.Entity.Core.Objects.ObjectQuery`1.<>c__DisplayClass7.<GetResults>b__5()
   at System.Data.Entity.SqlServer.DefaultSqlExecutionStrategy.Execute[TResult](Func`1 operation)
   at System.Data.Entity.Core.Objects.ObjectQuery`1.GetResults(Nullable`1 forMergeOption)
   at System.Data.Entity.Core.Objects.ObjectQuery`1.<System.Collections.Generic.IEnumerable<T>.GetEnumerator>b__0()
   at System.Data.Entity.Internal.LazyEnumerator`1.MoveNext()
   at Kendo.Mvc.Extensions.QueryableExtensions.Execute[TModel,TResult](IQueryable source, Func`2 selector)
   at Kendo.Mvc.Extensions.QueryableExtensions.CreateDataSourceResult[TModel,TResult](IQueryable queryable, DataSourceRequest request, ModelStateDictionary modelState, Func`2 selector)
   at Kendo.Mvc.Extensions.QueryableExtensions.ToDataSourceResult(IQueryable queryable, DataSourceRequest request, ModelStateDictionary modelState)
   at Kendo.Mvc.Extensions.QueryableExtensions.ToDataSourceResult(IQueryable enumerable, DataSourceRequest request)
   at NA.PMS.Repository.PaymentEngineRepository.GetPaymentSchedule(DataSourceRequest req, Int32 rid) in d:\TFSProject\NoidaAuthority\Source\NA.PMS\NA.PMS.Repository\BusinessRuleRepository\PaymentEngineRepository.cs:line 213
   at NA.PMS.Service.BusinessRuleEngine.PaymentEngine.GetPaymentSchedule(DataSourceRequest req, Int32 rid) in d:\TFSProject\NoidaAuthority\Source\NA.PMS\NA.PMS.Service\BusinessRuleEngine\PaymentEngine.cs:line 105
   at NA.PMS.Web.Areas.Property.Controllers.ManagePaymentController.GetPaymentSchedule(DataSourceRequest request, Int32 rid) in d:\TFSProject\NoidaAuthority\Source\NA.PMS\NA.PMS.Web\Areas\Property\Controllers\ManagePaymentController.cs:line 133
   at lambda_method(Closure , ControllerBase , Object[] )
   at System.Web.Mvc.ActionMethodDispatcher.Execute(ControllerBase controller, Object[] parameters)
   at System.Web.Mvc.ReflectedActionDescriptor.Execute(ControllerContext controllerContext, IDictionary`2 parameters)
   at System.Web.Mvc.ControllerActionInvoker.InvokeActionMethod(ControllerContext controllerContext, ActionDescriptor actionDescriptor, IDictionary`2 parameters)
   at System.Web.Mvc.Async.AsyncControllerActionInvoker.ActionInvocation.InvokeSynchronousActionMethod()
   at System.Web.Mvc.Async.AsyncControllerActionInvoker.<BeginInvokeSynchronousActionMethod>b__39(IAsyncResult asyncResult, ActionInvocation innerInvokeState)
   at System.Web.Mvc.Async.AsyncResultWrapper.WrappedAsyncResult`2.CallEndDelegate(IAsyncResult asyncResult)
   at System.Web.Mvc.Async.AsyncResultWrapper.WrappedAsyncResultBase`1.End()
   at System.Web.Mvc.Async.AsyncResultWrapper.End[TResult](IAsyncResult asyncResult, Object tag)
   at System.Web.Mvc.Async.AsyncControllerActionInvoker.EndInvokeActionMethod(IAsyncResult asyncResult)
   at System.Web.Mvc.Async.AsyncControllerActionInvoker.AsyncInvocationWithFilters.<InvokeActionMethodFilterAsynchronouslyRecursive>b__3d()
   at System.Web.Mvc.Async.AsyncControllerActionInvoker.AsyncInvocationWithFilters.<>c__DisplayClass46.<InvokeActionMethodFilterAsynchronouslyRecursive>b__3f()
   at System.Web.Mvc.Async.AsyncControllerActionInvoker.<>c__DisplayClass33.<BeginInvokeActionMethodWithFilters>b__32(IAsyncResult asyncResult)
   at System.Web.Mvc.Async.AsyncResultWrapper.WrappedAsyncResult`1.CallEndDelegate(IAsyncResult asyncResult)
   at System.Web.Mvc.Async.AsyncResultWrapper.WrappedAsyncResultBase`1.End()
   at System.Web.Mvc.Async.AsyncResultWrapper.End[TResult](IAsyncResult asyncResult, Object tag)
   at System.Web.Mvc.Async.AsyncControllerActionInvoker.EndInvokeActionMethodWithFilters(IAsyncResult asyncResult)
   at System.Web.Mvc.Async.AsyncControllerActionInvoker.<>c__DisplayClass21.<>c__DisplayClass2b.<BeginInvokeAction>b__1c()
   at System.Web.Mvc.Async.AsyncControllerActionInvoker.<>c__DisplayClass21.<BeginInvokeAction>b__1e(IAsyncResult asyncResult)
   at System.Web.Mvc.Async.AsyncResultWrapper.WrappedAsyncResult`1.CallEndDelegate(IAsyncResult asyncResult)
   at System.Web.Mvc.Async.AsyncResultWrapper.WrappedAsyncResultBase`1.End()
   at System.Web.Mvc.Async.AsyncResultWrapper.End[TResult](IAsyncResult asyncResult, Object tag)
   at System.Web.Mvc.Async.AsyncControllerActionInvoker.EndInvokeAction(IAsyncResult asyncResult)
   at System.Web.Mvc.Controller.<BeginExecuteCore>b__1d(IAsyncResult asyncResult, ExecuteCoreState innerState)
   at System.Web.Mvc.Async.AsyncResultWrapper.WrappedAsyncVoid`1.CallEndDelegate(IAsyncResult asyncResult)
   at System.Web.Mvc.Async.AsyncResultWrapper.WrappedAsyncResultBase`1.End()
   at System.Web.Mvc.Async.AsyncResultWrapper.End[TResult](IAsyncResult asyncResult, Object tag)
   at System.Web.Mvc.Async.AsyncResultWrapper.End(IAsyncResult asyncResult, Object tag)
   at System.Web.Mvc.Controller.EndExecuteCore(IAsyncResult asyncResult)
   at System.Web.Mvc.Controller.<BeginExecute>b__15(IAsyncResult asyncResult, Controller controller)
   at System.Web.Mvc.Async.AsyncResultWrapper.WrappedAsyncVoid`1.CallEndDelegate(IAsyncResult asyncResult)
   at System.Web.Mvc.Async.AsyncResultWrapper.WrappedAsyncResultBase`1.End()
   at System.Web.Mvc.Async.AsyncResultWrapper.End[TResult](IAsyncResult asyncResult, Object tag)
   at System.Web.Mvc.Async.AsyncResultWrapper.End(IAsyncResult asyncResult, Object tag)
   at System.Web.Mvc.Controller.EndExecute(IAsyncResult asyncResult)
   at System.Web.Mvc.Controller.System.Web.Mvc.Async.IAsyncController.EndExecute(IAsyncResult asyncResult)
   at System.Web.Mvc.MvcHandler.<BeginProcessRequest>b__5(IAsyncResult asyncResult, ProcessRequestState innerState)
   at System.Web.Mvc.Async.AsyncResultWrapper.WrappedAsyncVoid`1.CallEndDelegate(IAsyncResult asyncResult)
   at System.Web.Mvc.Async.AsyncResultWrapper.WrappedAsyncResultBase`1.End()
   at System.Web.Mvc.Async.AsyncResultWrapper.End[TResult](IAsyncResult asyncResult, Object tag)
   at System.Web.Mvc.Async.AsyncResultWrapper.End(IAsyncResult asyncResult, Object tag)
   at System.Web.Mvc.MvcHandler.EndProcessRequest(IAsyncResult asyncResult)
   at System.Web.Mvc.MvcHandler.System.Web.IHttpAsyncHandler.EndProcessRequest(IAsyncResult result)
   at System.Web.HttpApplication.CallHandlerExecutionStep.System.Web.HttpApplication.IExecutionStep.Execute()
   at System.Web.HttpApplication.ExecuteStepImpl(IExecutionStep step)
   at System.Web.HttpApplication.ExecuteStep(IExecutionStep step, Boolean& completedSynchronously)
2021-01-15 16:46:35,805 => ERROR NA.PMS.Common.Logger.LogService.LogError():97 - Global Exception
System.NotSupportedException: The specified type member 'PaymentMode' is not supported in LINQ to Entities. Only initializers, entity members, and entity navigation properties are supported.
   at System.Data.Entity.Core.Objects.ELinq.ExpressionConverter.MemberAccessTranslator.TypedTranslate(ExpressionConverter parent, MemberExpression linq)
   at System.Data.Entity.Core.Objects.ELinq.ExpressionConverter.TypedTranslator`1.Translate(ExpressionConverter parent, Expression linq)
   at System.Data.Entity.Core.Objects.ELinq.ExpressionConverter.TranslateExpression(Expression linq)
   at System.Data.Entity.Core.Objects.ELinq.ExpressionConverter.TranslateLambda(LambdaExpression lambda, DbExpression input)
   at System.Data.Entity.Core.Objects.ELinq.ExpressionConverter.TranslateLambda(LambdaExpression lambda, DbExpression input, DbExpressionBinding& binding)
   at System.Data.Entity.Core.Objects.ELinq.ExpressionConverter.MethodCallTranslator.OneLambdaTranslator.Translate(ExpressionConverter parent, MethodCallExpression call, DbExpression& source, DbExpressionBinding& sourceBinding, DbExpression& lambda)
   at System.Data.Entity.Core.Objects.ELinq.ExpressionConverter.MethodCallTranslator.OneLambdaTranslator.Translate(ExpressionConverter parent, MethodCallExpression call)
   at System.Data.Entity.Core.Objects.ELinq.ExpressionConverter.MethodCallTranslator.SequenceMethodTranslator.Translate(ExpressionConverter parent, MethodCallExpression call, SequenceMethod sequenceMethod)
   at System.Data.Entity.Core.Objects.ELinq.ExpressionConverter.MethodCallTranslator.TypedTranslate(ExpressionConverter parent, MethodCallExpression linq)
   at System.Data.Entity.Core.Objects.ELinq.ExpressionConverter.TypedTranslator`1.Translate(ExpressionConverter parent, Expression linq)
   at System.Data.Entity.Core.Objects.ELinq.ExpressionConverter.TranslateExpression(Expression linq)
   at System.Data.Entity.Core.Objects.ELinq.ExpressionConverter.MethodCallTranslator.UnarySequenceMethodTranslator.Translate(ExpressionConverter parent, MethodCallExpression call)
   at System.Data.Entity.Core.Objects.ELinq.ExpressionConverter.MethodCallTranslator.SequenceMethodTranslator.Translate(ExpressionConverter parent, MethodCallExpression call, SequenceMethod sequenceMethod)
   at System.Data.Entity.Core.Objects.ELinq.ExpressionConverter.MethodCallTranslator.TypedTranslate(ExpressionConverter parent, MethodCallExpression linq)
   at System.Data.Entity.Core.Objects.ELinq.ExpressionConverter.TypedTranslator`1.Translate(ExpressionConverter parent, Expression linq)
   at System.Data.Entity.Core.Objects.ELinq.ExpressionConverter.TranslateExpression(Expression linq)
   at System.Data.Entity.Core.Objects.ELinq.ExpressionConverter.MethodCallTranslator.UnarySequenceMethodTranslator.Translate(ExpressionConverter parent, MethodCallExpression call)
   at System.Data.Entity.Core.Objects.ELinq.ExpressionConverter.MethodCallTranslator.SequenceMethodTranslator.Translate(ExpressionConverter parent, MethodCallExpression call, SequenceMethod sequenceMethod)
   at System.Data.Entity.Core.Objects.ELinq.ExpressionConverter.MethodCallTranslator.TypedTranslate(ExpressionConverter parent, MethodCallExpression linq)
   at System.Data.Entity.Core.Objects.ELinq.ExpressionConverter.TypedTranslator`1.Translate(ExpressionConverter parent, Expression linq)
   at System.Data.Entity.Core.Objects.ELinq.ExpressionConverter.TranslateExpression(Expression linq)
   at System.Data.Entity.Core.Objects.ELinq.ExpressionConverter.Convert()
   at System.Data.Entity.Core.Objects.ELinq.ELinqQueryState.GetExecutionPlan(Nullable`1 forMergeOption)
   at System.Data.Entity.Core.Objects.ObjectQuery`1.<>c__DisplayClass7.<GetResults>b__6()
   at System.Data.Entity.Core.Objects.ObjectContext.ExecuteInTransaction[T](Func`1 func, IDbExecutionStrategy executionStrategy, Boolean startLocalTransaction, Boolean releaseConnectionOnSuccess)
   at System.Data.Entity.Core.Objects.ObjectQuery`1.<>c__DisplayClass7.<GetResults>b__5()
   at System.Data.Entity.SqlServer.DefaultSqlExecutionStrategy.Execute[TResult](Func`1 operation)
   at System.Data.Entity.Core.Objects.ObjectQuery`1.GetResults(Nullable`1 forMergeOption)
   at System.Data.Entity.Core.Objects.ObjectQuery`1.<System.Collections.Generic.IEnumerable<T>.GetEnumerator>b__0()
   at System.Data.Entity.Internal.LazyEnumerator`1.MoveNext()
   at Kendo.Mvc.Extensions.QueryableExtensions.Execute[TModel,TResult](IQueryable source, Func`2 selector)
   at Kendo.Mvc.Extensions.QueryableExtensions.CreateDataSourceResult[TModel,TResult](IQueryable queryable, DataSourceRequest request, ModelStateDictionary modelState, Func`2 selector)
   at Kendo.Mvc.Extensions.QueryableExtensions.ToDataSourceResult(IQueryable queryable, DataSourceRequest request, ModelStateDictionary modelState)
   at Kendo.Mvc.Extensions.QueryableExtensions.ToDataSourceResult(IQueryable enumerable, DataSourceRequest request)
   at NA.PMS.Repository.PaymentEngineRepository.GetPaymentSchedule(DataSourceRequest req, Int32 rid) in d:\TFSProject\NoidaAuthority\Source\NA.PMS\NA.PMS.Repository\BusinessRuleRepository\PaymentEngineRepository.cs:line 213
   at NA.PMS.Service.BusinessRuleEngine.PaymentEngine.GetPaymentSchedule(DataSourceRequest req, Int32 rid) in d:\TFSProject\NoidaAuthority\Source\NA.PMS\NA.PMS.Service\BusinessRuleEngine\PaymentEngine.cs:line 105
   at NA.PMS.Web.Areas.Property.Controllers.ManagePaymentController.GetPaymentSchedule(DataSourceRequest request, Int32 rid) in d:\TFSProject\NoidaAuthority\Source\NA.PMS\NA.PMS.Web\Areas\Property\Controllers\ManagePaymentController.cs:line 133
   at lambda_method(Closure , ControllerBase , Object[] )
   at System.Web.Mvc.ActionMethodDispatcher.Execute(ControllerBase controller, Object[] parameters)
   at System.Web.Mvc.ReflectedActionDescriptor.Execute(ControllerContext controllerContext, IDictionary`2 parameters)
   at System.Web.Mvc.ControllerActionInvoker.InvokeActionMethod(ControllerContext controllerContext, ActionDescriptor actionDescriptor, IDictionary`2 parameters)
   at System.Web.Mvc.Async.AsyncControllerActionInvoker.ActionInvocation.InvokeSynchronousActionMethod()
   at System.Web.Mvc.Async.AsyncControllerActionInvoker.<BeginInvokeSynchronousActionMethod>b__39(IAsyncResult asyncResult, ActionInvocation innerInvokeState)
   at System.Web.Mvc.Async.AsyncResultWrapper.WrappedAsyncResult`2.CallEndDelegate(IAsyncResult asyncResult)
   at System.Web.Mvc.Async.AsyncResultWrapper.WrappedAsyncResultBase`1.End()
   at System.Web.Mvc.Async.AsyncResultWrapper.End[TResult](IAsyncResult asyncResult, Object tag)
   at System.Web.Mvc.Async.AsyncControllerActionInvoker.EndInvokeActionMethod(IAsyncResult asyncResult)
   at System.Web.Mvc.Async.AsyncControllerActionInvoker.AsyncInvocationWithFilters.<InvokeActionMethodFilterAsynchronouslyRecursive>b__3d()
   at System.Web.Mvc.Async.AsyncControllerActionInvoker.AsyncInvocationWithFilters.<>c__DisplayClass46.<InvokeActionMethodFilterAsynchronouslyRecursive>b__3f()
   at System.Web.Mvc.Async.AsyncControllerActionInvoker.<>c__DisplayClass33.<BeginInvokeActionMethodWithFilters>b__32(IAsyncResult asyncResult)
   at System.Web.Mvc.Async.AsyncResultWrapper.WrappedAsyncResult`1.CallEndDelegate(IAsyncResult asyncResult)
   at System.Web.Mvc.Async.AsyncResultWrapper.WrappedAsyncResultBase`1.End()
   at System.Web.Mvc.Async.AsyncResultWrapper.End[TResult](IAsyncResult asyncResult, Object tag)
   at System.Web.Mvc.Async.AsyncControllerActionInvoker.EndInvokeActionMethodWithFilters(IAsyncResult asyncResult)
   at System.Web.Mvc.Async.AsyncControllerActionInvoker.<>c__DisplayClass21.<>c__DisplayClass2b.<BeginInvokeAction>b__1c()
   at System.Web.Mvc.Async.AsyncControllerActionInvoker.<>c__DisplayClass21.<BeginInvokeAction>b__1e(IAsyncResult asyncResult)
   at System.Web.Mvc.Async.AsyncResultWrapper.WrappedAsyncResult`1.CallEndDelegate(IAsyncResult asyncResult)
   at System.Web.Mvc.Async.AsyncResultWrapper.WrappedAsyncResultBase`1.End()
   at System.Web.Mvc.Async.AsyncResultWrapper.End[TResult](IAsyncResult asyncResult, Object tag)
   at System.Web.Mvc.Async.AsyncControllerActionInvoker.EndInvokeAction(IAsyncResult asyncResult)
   at System.Web.Mvc.Controller.<BeginExecuteCore>b__1d(IAsyncResult asyncResult, ExecuteCoreState innerState)
   at System.Web.Mvc.Async.AsyncResultWrapper.WrappedAsyncVoid`1.CallEndDelegate(IAsyncResult asyncResult)
   at System.Web.Mvc.Async.AsyncResultWrapper.WrappedAsyncResultBase`1.End()
   at System.Web.Mvc.Async.AsyncResultWrapper.End[TResult](IAsyncResult asyncResult, Object tag)
   at System.Web.Mvc.Async.AsyncResultWrapper.End(IAsyncResult asyncResult, Object tag)
   at System.Web.Mvc.Controller.EndExecuteCore(IAsyncResult asyncResult)
   at System.Web.Mvc.Controller.<BeginExecute>b__15(IAsyncResult asyncResult, Controller controller)
   at System.Web.Mvc.Async.AsyncResultWrapper.WrappedAsyncVoid`1.CallEndDelegate(IAsyncResult asyncResult)
   at System.Web.Mvc.Async.AsyncResultWrapper.WrappedAsyncResultBase`1.End()
   at System.Web.Mvc.Async.AsyncResultWrapper.End[TResult](IAsyncResult asyncResult, Object tag)
   at System.Web.Mvc.Async.AsyncResultWrapper.End(IAsyncResult asyncResult, Object tag)
   at System.Web.Mvc.Controller.EndExecute(IAsyncResult asyncResult)
   at System.Web.Mvc.Controller.System.Web.Mvc.Async.IAsyncController.EndExecute(IAsyncResult asyncResult)
   at System.Web.Mvc.MvcHandler.<BeginProcessRequest>b__5(IAsyncResult asyncResult, ProcessRequestState innerState)
   at System.Web.Mvc.Async.AsyncResultWrapper.WrappedAsyncVoid`1.CallEndDelegate(IAsyncResult asyncResult)
   at System.Web.Mvc.Async.AsyncResultWrapper.WrappedAsyncResultBase`1.End()
   at System.Web.Mvc.Async.AsyncResultWrapper.End[TResult](IAsyncResult asyncResult, Object tag)
   at System.Web.Mvc.Async.AsyncResultWrapper.End(IAsyncResult asyncResult, Object tag)
   at System.Web.Mvc.MvcHandler.EndProcessRequest(IAsyncResult asyncResult)
   at System.Web.Mvc.MvcHandler.System.Web.IHttpAsyncHandler.EndProcessRequest(IAsyncResult result)
   at System.Web.HttpApplication.CallHandlerExecutionStep.System.Web.HttpApplication.IExecutionStep.Execute()
   at System.Web.HttpApplication.ExecuteStepImpl(IExecutionStep step)
   at System.Web.HttpApplication.ExecuteStep(IExecutionStep step, Boolean& completedSynchronously)
2021-01-15 16:46:41,885 => INFO  NA.PMS.Common.Logger.LogService.LogInformation():24 - Executing Action: GetRIDsForManageAccountDetailsByDataSource on Controller: PropertyRegistration For User : svamadmin.
2021-01-15 16:46:42,466 => INFO  NA.PMS.Common.Logger.LogService.LogInformation():24 - Executed Action: GetRIDsForManageAccountDetailsByDataSource on Controller: PropertyRegistration For User : svamadmin.
2021-01-15 16:46:43,464 => INFO  NA.PMS.Common.Logger.LogService.LogInformation():24 - Executing Action: GetRIDsForManageAccountDetailsByDataSource on Controller: PropertyRegistration For User : svamadmin.
2021-01-15 16:46:43,877 => INFO  NA.PMS.Common.Logger.LogService.LogInformation():24 - Executed Action: GetRIDsForManageAccountDetailsByDataSource on Controller: PropertyRegistration For User : svamadmin.
2021-01-15 16:46:44,361 => INFO  NA.PMS.Common.Logger.LogService.LogInformation():24 - Executing Action: GetRIDsForManageAccountDetailsByDataSource on Controller: PropertyRegistration For User : svamadmin.
2021-01-15 16:46:44,825 => INFO  NA.PMS.Common.Logger.LogService.LogInformation():24 - Executed Action: GetRIDsForManageAccountDetailsByDataSource on Controller: PropertyRegistration For User : svamadmin.
2021-01-15 16:46:45,431 => INFO  NA.PMS.Common.Logger.LogService.LogInformation():24 - Executing Action: GetRIDsForManageAccountDetailsByDataSource on Controller: PropertyRegistration For User : svamadmin.
2021-01-15 16:46:45,905 => INFO  NA.PMS.Common.Logger.LogService.LogInformation():24 - Executed Action: GetRIDsForManageAccountDetailsByDataSource on Controller: PropertyRegistration For User : svamadmin.
2021-01-15 16:47:09,770 => ERROR NA.PMS.Common.Logger.LogService.LogError():97 - Global Exception
System.NotSupportedException: The specified type member 'PaymentMode' is not supported in LINQ to Entities. Only initializers, entity members, and entity navigation properties are supported.
   at System.Data.Entity.Core.Objects.ELinq.ExpressionConverter.MemberAccessTranslator.TypedTranslate(ExpressionConverter parent, MemberExpression linq)
   at System.Data.Entity.Core.Objects.ELinq.ExpressionConverter.TypedTranslator`1.Translate(ExpressionConverter parent, Expression linq)
   at System.Data.Entity.Core.Objects.ELinq.ExpressionConverter.TranslateExpression(Expression linq)
   at System.Data.Entity.Core.Objects.ELinq.ExpressionConverter.TranslateLambda(LambdaExpression lambda, DbExpression input)
   at System.Data.Entity.Core.Objects.ELinq.ExpressionConverter.TranslateLambda(LambdaExpression lambda, DbExpression input, DbExpressionBinding& binding)
   at System.Data.Entity.Core.Objects.ELinq.ExpressionConverter.MethodCallTranslator.OneLambdaTranslator.Translate(ExpressionConverter parent, MethodCallExpression call, DbExpression& source, DbExpressionBinding& sourceBinding, DbExpression& lambda)
   at System.Data.Entity.Core.Objects.ELinq.ExpressionConverter.MethodCallTranslator.OneLambdaTranslator.Translate(ExpressionConverter parent, MethodCallExpression call)
   at System.Data.Entity.Core.Objects.ELinq.ExpressionConverter.MethodCallTranslator.SequenceMethodTranslator.Translate(ExpressionConverter parent, MethodCallExpression call, SequenceMethod sequenceMethod)
   at System.Data.Entity.Core.Objects.ELinq.ExpressionConverter.MethodCallTranslator.TypedTranslate(ExpressionConverter parent, MethodCallExpression linq)
   at System.Data.Entity.Core.Objects.ELinq.ExpressionConverter.TypedTranslator`1.Translate(ExpressionConverter parent, Expression linq)
   at System.Data.Entity.Core.Objects.ELinq.ExpressionConverter.TranslateExpression(Expression linq)
   at System.Data.Entity.Core.Objects.ELinq.ExpressionConverter.MethodCallTranslator.UnarySequenceMethodTranslator.Translate(ExpressionConverter parent, MethodCallExpression call)
   at System.Data.Entity.Core.Objects.ELinq.ExpressionConverter.MethodCallTranslator.SequenceMethodTranslator.Translate(ExpressionConverter parent, MethodCallExpression call, SequenceMethod sequenceMethod)
   at System.Data.Entity.Core.Objects.ELinq.ExpressionConverter.MethodCallTranslator.TypedTranslate(ExpressionConverter parent, MethodCallExpression linq)
   at System.Data.Entity.Core.Objects.ELinq.ExpressionConverter.TypedTranslator`1.Translate(ExpressionConverter parent, Expression linq)
   at System.Data.Entity.Core.Objects.ELinq.ExpressionConverter.TranslateExpression(Expression linq)
   at System.Data.Entity.Core.Objects.ELinq.ExpressionConverter.MethodCallTranslator.UnarySequenceMethodTranslator.Translate(ExpressionConverter parent, MethodCallExpression call)
   at System.Data.Entity.Core.Objects.ELinq.ExpressionConverter.MethodCallTranslator.SequenceMethodTranslator.Translate(ExpressionConverter parent, MethodCallExpression call, SequenceMethod sequenceMethod)
   at System.Data.Entity.Core.Objects.ELinq.ExpressionConverter.MethodCallTranslator.TypedTranslate(ExpressionConverter parent, MethodCallExpression linq)
   at System.Data.Entity.Core.Objects.ELinq.ExpressionConverter.TypedTranslator`1.Translate(ExpressionConverter parent, Expression linq)
   at System.Data.Entity.Core.Objects.ELinq.ExpressionConverter.TranslateExpression(Expression linq)
   at System.Data.Entity.Core.Objects.ELinq.ExpressionConverter.Convert()
   at System.Data.Entity.Core.Objects.ELinq.ELinqQueryState.GetExecutionPlan(Nullable`1 forMergeOption)
   at System.Data.Entity.Core.Objects.ObjectQuery`1.<>c__DisplayClass7.<GetResults>b__6()
   at System.Data.Entity.Core.Objects.ObjectContext.ExecuteInTransaction[T](Func`1 func, IDbExecutionStrategy executionStrategy, Boolean startLocalTransaction, Boolean releaseConnectionOnSuccess)
   at System.Data.Entity.Core.Objects.ObjectQuery`1.<>c__DisplayClass7.<GetResults>b__5()
   at System.Data.Entity.SqlServer.DefaultSqlExecutionStrategy.Execute[TResult](Func`1 operation)
   at System.Data.Entity.Core.Objects.ObjectQuery`1.GetResults(Nullable`1 forMergeOption)
   at System.Data.Entity.Core.Objects.ObjectQuery`1.<System.Collections.Generic.IEnumerable<T>.GetEnumerator>b__0()
   at System.Data.Entity.Internal.LazyEnumerator`1.MoveNext()
   at Kendo.Mvc.Extensions.QueryableExtensions.Execute[TModel,TResult](IQueryable source, Func`2 selector)
   at Kendo.Mvc.Extensions.QueryableExtensions.CreateDataSourceResult[TModel,TResult](IQueryable queryable, DataSourceRequest request, ModelStateDictionary modelState, Func`2 selector)
   at Kendo.Mvc.Extensions.QueryableExtensions.ToDataSourceResult(IQueryable queryable, DataSourceRequest request, ModelStateDictionary modelState)
   at Kendo.Mvc.Extensions.QueryableExtensions.ToDataSourceResult(IQueryable enumerable, DataSourceRequest request)
   at NA.PMS.Repository.PaymentEngineRepository.GetPaymentSchedule(DataSourceRequest req, Int32 rid) in d:\TFSProject\NoidaAuthority\Source\NA.PMS\NA.PMS.Repository\BusinessRuleRepository\PaymentEngineRepository.cs:line 213
   at NA.PMS.Service.BusinessRuleEngine.PaymentEngine.GetPaymentSchedule(DataSourceRequest req, Int32 rid) in d:\TFSProject\NoidaAuthority\Source\NA.PMS\NA.PMS.Service\BusinessRuleEngine\PaymentEngine.cs:line 105
   at NA.PMS.Web.Areas.Property.Controllers.ManagePaymentController.GetPaymentSchedule(DataSourceRequest request, Int32 rid) in d:\TFSProject\NoidaAuthority\Source\NA.PMS\NA.PMS.Web\Areas\Property\Controllers\ManagePaymentController.cs:line 133
   at lambda_method(Closure , ControllerBase , Object[] )
   at System.Web.Mvc.ActionMethodDispatcher.Execute(ControllerBase controller, Object[] parameters)
   at System.Web.Mvc.ReflectedActionDescriptor.Execute(ControllerContext controllerContext, IDictionary`2 parameters)
   at System.Web.Mvc.ControllerActionInvoker.InvokeActionMethod(ControllerContext controllerContext, ActionDescriptor actionDescriptor, IDictionary`2 parameters)
   at System.Web.Mvc.Async.AsyncControllerActionInvoker.ActionInvocation.InvokeSynchronousActionMethod()
   at System.Web.Mvc.Async.AsyncControllerActionInvoker.<BeginInvokeSynchronousActionMethod>b__39(IAsyncResult asyncResult, ActionInvocation innerInvokeState)
   at System.Web.Mvc.Async.AsyncResultWrapper.WrappedAsyncResult`2.CallEndDelegate(IAsyncResult asyncResult)
   at System.Web.Mvc.Async.AsyncResultWrapper.WrappedAsyncResultBase`1.End()
   at System.Web.Mvc.Async.AsyncResultWrapper.End[TResult](IAsyncResult asyncResult, Object tag)
   at System.Web.Mvc.Async.AsyncControllerActionInvoker.EndInvokeActionMethod(IAsyncResult asyncResult)
   at System.Web.Mvc.Async.AsyncControllerActionInvoker.AsyncInvocationWithFilters.<InvokeActionMethodFilterAsynchronouslyRecursive>b__3d()
   at System.Web.Mvc.Async.AsyncControllerActionInvoker.AsyncInvocationWithFilters.<>c__DisplayClass46.<InvokeActionMethodFilterAsynchronouslyRecursive>b__3f()
   at System.Web.Mvc.Async.AsyncControllerActionInvoker.<>c__DisplayClass33.<BeginInvokeActionMethodWithFilters>b__32(IAsyncResult asyncResult)
   at System.Web.Mvc.Async.AsyncResultWrapper.WrappedAsyncResult`1.CallEndDelegate(IAsyncResult asyncResult)
   at System.Web.Mvc.Async.AsyncResultWrapper.WrappedAsyncResultBase`1.End()
   at System.Web.Mvc.Async.AsyncResultWrapper.End[TResult](IAsyncResult asyncResult, Object tag)
   at System.Web.Mvc.Async.AsyncControllerActionInvoker.EndInvokeActionMethodWithFilters(IAsyncResult asyncResult)
   at System.Web.Mvc.Async.AsyncControllerActionInvoker.<>c__DisplayClass21.<>c__DisplayClass2b.<BeginInvokeAction>b__1c()
   at System.Web.Mvc.Async.AsyncControllerActionInvoker.<>c__DisplayClass21.<BeginInvokeAction>b__1e(IAsyncResult asyncResult)
   at System.Web.Mvc.Async.AsyncResultWrapper.WrappedAsyncResult`1.CallEndDelegate(IAsyncResult asyncResult)
   at System.Web.Mvc.Async.AsyncResultWrapper.WrappedAsyncResultBase`1.End()
   at System.Web.Mvc.Async.AsyncResultWrapper.End[TResult](IAsyncResult asyncResult, Object tag)
   at System.Web.Mvc.Async.AsyncControllerActionInvoker.EndInvokeAction(IAsyncResult asyncResult)
   at System.Web.Mvc.Controller.<BeginExecuteCore>b__1d(IAsyncResult asyncResult, ExecuteCoreState innerState)
   at System.Web.Mvc.Async.AsyncResultWrapper.WrappedAsyncVoid`1.CallEndDelegate(IAsyncResult asyncResult)
   at System.Web.Mvc.Async.AsyncResultWrapper.WrappedAsyncResultBase`1.End()
   at System.Web.Mvc.Async.AsyncResultWrapper.End[TResult](IAsyncResult asyncResult, Object tag)
   at System.Web.Mvc.Async.AsyncResultWrapper.End(IAsyncResult asyncResult, Object tag)
   at System.Web.Mvc.Controller.EndExecuteCore(IAsyncResult asyncResult)
   at System.Web.Mvc.Controller.<BeginExecute>b__15(IAsyncResult asyncResult, Controller controller)
   at System.Web.Mvc.Async.AsyncResultWrapper.WrappedAsyncVoid`1.CallEndDelegate(IAsyncResult asyncResult)
   at System.Web.Mvc.Async.AsyncResultWrapper.WrappedAsyncResultBase`1.End()
   at System.Web.Mvc.Async.AsyncResultWrapper.End[TResult](IAsyncResult asyncResult, Object tag)
   at System.Web.Mvc.Async.AsyncResultWrapper.End(IAsyncResult asyncResult, Object tag)
   at System.Web.Mvc.Controller.EndExecute(IAsyncResult asyncResult)
   at System.Web.Mvc.Controller.System.Web.Mvc.Async.IAsyncController.EndExecute(IAsyncResult asyncResult)
   at System.Web.Mvc.MvcHandler.<BeginProcessRequest>b__5(IAsyncResult asyncResult, ProcessRequestState innerState)
   at System.Web.Mvc.Async.AsyncResultWrapper.WrappedAsyncVoid`1.CallEndDelegate(IAsyncResult asyncResult)
   at System.Web.Mvc.Async.AsyncResultWrapper.WrappedAsyncResultBase`1.End()
   at System.Web.Mvc.Async.AsyncResultWrapper.End[TResult](IAsyncResult asyncResult, Object tag)
   at System.Web.Mvc.Async.AsyncResultWrapper.End(IAsyncResult asyncResult, Object tag)
   at System.Web.Mvc.MvcHandler.EndProcessRequest(IAsyncResult asyncResult)
   at System.Web.Mvc.MvcHandler.System.Web.IHttpAsyncHandler.EndProcessRequest(IAsyncResult result)
   at System.Web.HttpApplication.CallHandlerExecutionStep.System.Web.HttpApplication.IExecutionStep.Execute()
   at System.Web.HttpApplication.ExecuteStepImpl(IExecutionStep step)
   at System.Web.HttpApplication.ExecuteStep(IExecutionStep step, Boolean& completedSynchronously)
2021-01-15 16:48:11,513 => INFO  NA.PMS.Common.Logger.LogService.LogInformation():24 - Executing Action: ManageSchedule on Controller: Payment For User : svamadmin.
2021-01-15 16:48:11,523 => INFO  NA.PMS.Common.Logger.LogService.LogInformation():24 - Executed Action: ManageSchedule on Controller: Payment For User : svamadmin.
2021-01-15 16:48:16,345 => INFO  NA.PMS.Common.Logger.LogService.LogInformation():24 - Executing Action: GetDepartmentList on Controller: Finance For User : svamadmin.
2021-01-15 16:48:16,425 => INFO  NA.PMS.Common.Logger.LogService.LogInformation():24 - Executed Action: GetDepartmentList on Controller: Finance For User : svamadmin.
2021-01-15 16:48:16,928 => INFO  NA.PMS.Common.Logger.LogService.LogInformation():24 - Executing Action: GetPropertyPremiumScheduleList on Controller: Payment For User : svamadmin.
2021-01-15 16:48:17,151 => INFO  NA.PMS.Common.Logger.LogService.LogInformation():24 - Executed Action: GetPropertyPremiumScheduleList on Controller: Payment For User : svamadmin.
2021-01-15 16:48:23,872 => INFO  NA.PMS.Common.Logger.LogService.LogInformation():24 - Executing Action: InstallmentSchedule on Controller: Payment For User : svamadmin.
2021-01-15 16:48:23,905 => INFO  NA.PMS.Common.Logger.LogService.LogInformation():24 - Executed Action: InstallmentSchedule on Controller: Payment For User : svamadmin.
2021-01-15 16:48:26,146 => INFO  NA.PMS.Common.Logger.LogService.LogInformation():24 - Executing Action: GetRegistrationIdList on Controller: Payment For User : svamadmin.
2021-01-15 16:48:26,232 => INFO  NA.PMS.Common.Logger.LogService.LogInformation():24 - Executed Action: GetRegistrationIdList on Controller: Payment For User : svamadmin.
2021-01-15 16:48:26,657 => INFO  NA.PMS.Common.Logger.LogService.LogInformation():24 - Executing Action: GetYesNoStatus on Controller: Payment For User : svamadmin.
2021-01-15 16:48:26,671 => INFO  NA.PMS.Common.Logger.LogService.LogInformation():24 - Executed Action: GetYesNoStatus on Controller: Payment For User : svamadmin.
2021-01-15 16:48:26,760 => INFO  NA.PMS.Common.Logger.LogService.LogInformation():24 - Executing Action: GetYesNoStatus on Controller: Payment For User : svamadmin.
2021-01-15 16:48:26,769 => INFO  NA.PMS.Common.Logger.LogService.LogInformation():24 - Executed Action: GetYesNoStatus on Controller: Payment For User : svamadmin.
2021-01-15 16:48:27,759 => INFO  NA.PMS.Common.Logger.LogService.LogInformation():24 - Executing Action: GetPropertyPremiumSchedulePaidListById on Controller: Payment For User : svamadmin.
2021-01-15 16:48:27,925 => INFO  NA.PMS.Common.Logger.LogService.LogInformation():24 - Executed Action: GetPropertyPremiumSchedulePaidListById on Controller: Payment For User : svamadmin.
2021-01-15 16:48:37,233 => INFO  NA.PMS.Common.Logger.LogService.LogInformation():24 - Executing Action: GetRegistrationIdList on Controller: Payment For User : svamadmin.
2021-01-15 16:48:37,603 => INFO  NA.PMS.Common.Logger.LogService.LogInformation():24 - Executed Action: GetRegistrationIdList on Controller: Payment For User : svamadmin.
2021-01-15 16:48:38,839 => INFO  NA.PMS.Common.Logger.LogService.LogInformation():24 - Executing Action: GetRegistrationIdList on Controller: Payment For User : svamadmin.
2021-01-15 16:48:39,170 => INFO  NA.PMS.Common.Logger.LogService.LogInformation():24 - Executed Action: GetRegistrationIdList on Controller: Payment For User : svamadmin.
2021-01-15 16:48:39,496 => INFO  NA.PMS.Common.Logger.LogService.LogInformation():24 - Executing Action: GetRegistrationIdList on Controller: Payment For User : svamadmin.
2021-01-15 16:48:39,837 => INFO  NA.PMS.Common.Logger.LogService.LogInformation():24 - Executed Action: GetRegistrationIdList on Controller: Payment For User : svamadmin.
2021-01-15 16:48:40,568 => INFO  NA.PMS.Common.Logger.LogService.LogInformation():24 - Executing Action: GetRegistrationIdList on Controller: Payment For User : svamadmin.
2021-01-15 16:48:40,910 => INFO  NA.PMS.Common.Logger.LogService.LogInformation():24 - Executed Action: GetRegistrationIdList on Controller: Payment For User : svamadmin.
2021-01-15 16:48:41,779 => INFO  NA.PMS.Common.Logger.LogService.LogInformation():24 - Executing Action: GetPropertyPremiumScheduleInformationById on Controller: Payment For User : svamadmin.
2021-01-15 16:48:42,029 => INFO  NA.PMS.Common.Logger.LogService.LogInformation():24 - Executed Action: GetPropertyPremiumScheduleInformationById on Controller: Payment For User : svamadmin.
2021-01-15 16:48:42,158 => INFO  NA.PMS.Common.Logger.LogService.LogInformation():24 - Executing Action: GetPropertyPremiumSchedulePaidListById on Controller: Payment For User : svamadmin.
2021-01-15 16:48:42,289 => INFO  NA.PMS.Common.Logger.LogService.LogInformation():24 - Executed Action: GetPropertyPremiumSchedulePaidListById on Controller: Payment For User : svamadmin.
2021-01-15 16:48:55,851 => INFO  NA.PMS.Common.Logger.LogService.LogInformation():24 - Executing Action: InstallmentReSchedule on Controller: Payment For User : svamadmin.
2021-01-15 16:48:55,908 => INFO  NA.PMS.Common.Logger.LogService.LogInformation():24 - Executed Action: InstallmentReSchedule on Controller: Payment For User : svamadmin.
2021-01-15 16:48:58,504 => INFO  NA.PMS.Common.Logger.LogService.LogInformation():24 - Executing Action: GetRegistrationIdList on Controller: Payment For User : svamadmin.
2021-01-15 16:48:58,578 => INFO  NA.PMS.Common.Logger.LogService.LogInformation():24 - Executed Action: GetRegistrationIdList on Controller: Payment For User : svamadmin.
2021-01-15 16:48:59,040 => INFO  NA.PMS.Common.Logger.LogService.LogInformation():24 - Executing Action: GetYesNoStatus on Controller: Payment For User : svamadmin.
2021-01-15 16:48:59,049 => INFO  NA.PMS.Common.Logger.LogService.LogInformation():24 - Executed Action: GetYesNoStatus on Controller: Payment For User : svamadmin.
2021-01-15 16:48:59,137 => INFO  NA.PMS.Common.Logger.LogService.LogInformation():24 - Executing Action: GetReScheduledInstallmentAsDataSource on Controller: Payment For User : svamadmin.
2021-01-15 16:48:59,224 => INFO  NA.PMS.Common.Logger.LogService.LogInformation():24 - Executed Action: GetReScheduledInstallmentAsDataSource on Controller: Payment For User : svamadmin.
2021-01-15 16:49:03,641 => INFO  NA.PMS.Common.Logger.LogService.LogInformation():24 - Executing Action: GetRegistrationIdList on Controller: Payment For User : svamadmin.
2021-01-15 16:49:03,971 => INFO  NA.PMS.Common.Logger.LogService.LogInformation():24 - Executed Action: GetRegistrationIdList on Controller: Payment For User : svamadmin.
2021-01-15 16:49:04,189 => INFO  NA.PMS.Common.Logger.LogService.LogInformation():24 - Executing Action: GetRegistrationIdList on Controller: Payment For User : svamadmin.
2021-01-15 16:49:04,500 => INFO  NA.PMS.Common.Logger.LogService.LogInformation():24 - Executed Action: GetRegistrationIdList on Controller: Payment For User : svamadmin.
2021-01-15 16:49:04,800 => INFO  NA.PMS.Common.Logger.LogService.LogInformation():24 - Executing Action: GetRegistrationIdList on Controller: Payment For User : svamadmin.
2021-01-15 16:49:05,120 => INFO  NA.PMS.Common.Logger.LogService.LogInformation():24 - Executed Action: GetRegistrationIdList on Controller: Payment For User : svamadmin.
2021-01-15 16:49:05,580 => INFO  NA.PMS.Common.Logger.LogService.LogInformation():24 - Executing Action: GetRegistrationIdList on Controller: Payment For User : svamadmin.
2021-01-15 16:49:05,921 => INFO  NA.PMS.Common.Logger.LogService.LogInformation():24 - Executed Action: GetRegistrationIdList on Controller: Payment For User : svamadmin.
2021-01-15 16:49:06,668 => INFO  NA.PMS.Common.Logger.LogService.LogInformation():24 - Executing Action: GetInstallmentScheduleTypeAsDataSource on Controller: Payment For User : svamadmin.
2021-01-15 16:49:06,717 => INFO  NA.PMS.Common.Logger.LogService.LogInformation():24 - Executed Action: GetInstallmentScheduleTypeAsDataSource on Controller: Payment For User : svamadmin.
2021-01-15 16:49:06,818 => INFO  NA.PMS.Common.Logger.LogService.LogInformation():24 - Executing Action: GetInstallmentScheduleTypeAsDataSource on Controller: Payment For User : svamadmin.
2021-01-15 16:49:06,858 => INFO  NA.PMS.Common.Logger.LogService.LogInformation():24 - Executed Action: GetInstallmentScheduleTypeAsDataSource on Controller: Payment For User : svamadmin.
2021-01-15 16:49:07,188 => INFO  NA.PMS.Common.Logger.LogService.LogInformation():24 - Executing Action: GetPropertyPaymentReScheduleInformationById on Controller: Payment For User : svamadmin.
2021-01-15 16:49:07,341 => INFO  NA.PMS.Common.Logger.LogService.LogInformation():24 - Executed Action: GetPropertyPaymentReScheduleInformationById on Controller: Payment For User : svamadmin.
2021-01-15 16:50:07,364 => INFO  NA.PMS.Common.Logger.LogService.LogInformation():24 - Executing Action: SavePropertyPremiumScheduleByRegistrationId on Controller: Payment For User : svamadmin.
2021-01-15 16:50:07,613 => INFO  NA.PMS.Common.Logger.LogService.LogInformation():24 - Executed Action: SavePropertyPremiumScheduleByRegistrationId on Controller: Payment For User : svamadmin.
2021-01-15 16:50:07,701 => INFO  NA.PMS.Common.Logger.LogService.LogInformation():24 - Executing Action: GetPropertyPaymentReScheduleInformationById on Controller: Payment For User : svamadmin.
2021-01-15 16:50:07,783 => INFO  NA.PMS.Common.Logger.LogService.LogInformation():24 - Executed Action: GetPropertyPaymentReScheduleInformationById on Controller: Payment For User : svamadmin.
2021-01-15 16:50:08,217 => INFO  NA.PMS.Common.Logger.LogService.LogInformation():24 - Executing Action: GetInstallmentScheduleTypeAsDataSource on Controller: Payment For User : svamadmin.
2021-01-15 16:50:08,271 => INFO  NA.PMS.Common.Logger.LogService.LogInformation():24 - Executed Action: GetInstallmentScheduleTypeAsDataSource on Controller: Payment For User : svamadmin.
2021-01-15 16:50:08,728 => INFO  NA.PMS.Common.Logger.LogService.LogInformation():24 - Executing Action: GetReScheduledInstallmentAsDataSource on Controller: Payment For User : svamadmin.
2021-01-15 16:50:08,809 => INFO  NA.PMS.Common.Logger.LogService.LogInformation():24 - Executed Action: GetReScheduledInstallmentAsDataSource on Controller: Payment For User : svamadmin.
2021-01-15 16:50:14,875 => INFO  NA.PMS.Common.Logger.LogService.LogInformation():24 - Executing Action: InstallmentReSchedule on Controller: Payment For User : svamadmin.
2021-01-15 16:50:14,895 => INFO  NA.PMS.Common.Logger.LogService.LogInformation():24 - Executed Action: InstallmentReSchedule on Controller: Payment For User : svamadmin.
2021-01-15 16:50:17,539 => INFO  NA.PMS.Common.Logger.LogService.LogInformation():24 - Executing Action: GetRegistrationIdList on Controller: Payment For User : svamadmin.
2021-01-15 16:50:17,614 => INFO  NA.PMS.Common.Logger.LogService.LogInformation():24 - Executed Action: GetRegistrationIdList on Controller: Payment For User : svamadmin.
2021-01-15 16:50:18,060 => INFO  NA.PMS.Common.Logger.LogService.LogInformation():24 - Executing Action: GetYesNoStatus on Controller: Payment For User : svamadmin.
2021-01-15 16:50:18,069 => INFO  NA.PMS.Common.Logger.LogService.LogInformation():24 - Executed Action: GetYesNoStatus on Controller: Payment For User : svamadmin.
2021-01-15 16:50:18,170 => INFO  NA.PMS.Common.Logger.LogService.LogInformation():24 - Executing Action: GetReScheduledInstallmentAsDataSource on Controller: Payment For User : svamadmin.
2021-01-15 16:50:18,243 => INFO  NA.PMS.Common.Logger.LogService.LogInformation():24 - Executed Action: GetReScheduledInstallmentAsDataSource on Controller: Payment For User : svamadmin.
2021-01-15 16:50:23,264 => INFO  NA.PMS.Common.Logger.LogService.LogInformation():24 - Executing Action: GetRegistrationIdList on Controller: Payment For User : svamadmin.
2021-01-15 16:50:23,615 => INFO  NA.PMS.Common.Logger.LogService.LogInformation():24 - Executed Action: GetRegistrationIdList on Controller: Payment For User : svamadmin.
2021-01-15 16:50:23,928 => INFO  NA.PMS.Common.Logger.LogService.LogInformation():24 - Executing Action: GetRegistrationIdList on Controller: Payment For User : svamadmin.
2021-01-15 16:50:24,281 => INFO  NA.PMS.Common.Logger.LogService.LogInformation():24 - Executed Action: GetRegistrationIdList on Controller: Payment For User : svamadmin.
2021-01-15 16:50:24,542 => INFO  NA.PMS.Common.Logger.LogService.LogInformation():24 - Executing Action: GetRegistrationIdList on Controller: Payment For User : svamadmin.
2021-01-15 16:50:24,906 => INFO  NA.PMS.Common.Logger.LogService.LogInformation():24 - Executed Action: GetRegistrationIdList on Controller: Payment For User : svamadmin.
2021-01-15 16:50:25,231 => INFO  NA.PMS.Common.Logger.LogService.LogInformation():24 - Executing Action: GetRegistrationIdList on Controller: Payment For User : svamadmin.
2021-01-15 16:50:25,602 => INFO  NA.PMS.Common.Logger.LogService.LogInformation():24 - Executed Action: GetRegistrationIdList on Controller: Payment For User : svamadmin.
2021-01-15 16:50:26,413 => INFO  NA.PMS.Common.Logger.LogService.LogInformation():24 - Executing Action: GetInstallmentScheduleTypeAsDataSource on Controller: Payment For User : svamadmin.
2021-01-15 16:50:26,464 => INFO  NA.PMS.Common.Logger.LogService.LogInformation():24 - Executed Action: GetInstallmentScheduleTypeAsDataSource on Controller: Payment For User : svamadmin.
2021-01-15 16:50:26,558 => INFO  NA.PMS.Common.Logger.LogService.LogInformation():24 - Executing Action: GetInstallmentScheduleTypeAsDataSource on Controller: Payment For User : svamadmin.
2021-01-15 16:50:26,608 => INFO  NA.PMS.Common.Logger.LogService.LogInformation():24 - Executed Action: GetInstallmentScheduleTypeAsDataSource on Controller: Payment For User : svamadmin.
2021-01-15 16:50:26,907 => INFO  NA.PMS.Common.Logger.LogService.LogInformation():24 - Executing Action: GetPropertyPaymentReScheduleInformationById on Controller: Payment For User : svamadmin.
2021-01-15 16:50:27,006 => INFO  NA.PMS.Common.Logger.LogService.LogInformation():24 - Executed Action: GetPropertyPaymentReScheduleInformationById on Controller: Payment For User : svamadmin.
2021-01-15 16:50:33,336 => INFO  NA.PMS.Common.Logger.LogService.LogInformation():24 - Executing Action: GetPropertyPaymentReScheduleInformationById on Controller: Payment For User : svamadmin.
2021-01-15 16:50:33,720 => INFO  NA.PMS.Common.Logger.LogService.LogInformation():24 - Executed Action: GetPropertyPaymentReScheduleInformationById on Controller: Payment For User : svamadmin.
2021-01-15 16:50:33,820 => INFO  NA.PMS.Common.Logger.LogService.LogInformation():24 - Executing Action: GetReScheduledInstallmentAsDataSource on Controller: Payment For User : svamadmin.
2021-01-15 16:50:33,904 => INFO  NA.PMS.Common.Logger.LogService.LogInformation():24 - Executed Action: GetReScheduledInstallmentAsDataSource on Controller: Payment For User : svamadmin.
2021-01-15 16:50:46,906 => INFO  NA.PMS.Common.Logger.LogService.LogInformation():24 - Executing Action: GetPropertyPaymentReScheduleInformationById on Controller: Payment For User : svamadmin.
2021-01-15 16:50:47,198 => INFO  NA.PMS.Common.Logger.LogService.LogInformation():24 - Executed Action: GetPropertyPaymentReScheduleInformationById on Controller: Payment For User : svamadmin.
2021-01-15 16:50:49,375 => INFO  NA.PMS.Common.Logger.LogService.LogInformation():24 - Executing Action: GetPropertyPaymentReScheduleInformationById on Controller: Payment For User : svamadmin.
2021-01-15 16:50:49,640 => INFO  NA.PMS.Common.Logger.LogService.LogInformation():24 - Executed Action: GetPropertyPaymentReScheduleInformationById on Controller: Payment For User : svamadmin.
2021-01-15 16:50:50,091 => INFO  NA.PMS.Common.Logger.LogService.LogInformation():24 - Executing Action: GetReScheduledInstallmentAsDataSource on Controller: Payment For User : svamadmin.
2021-01-15 16:50:50,350 => INFO  NA.PMS.Common.Logger.LogService.LogInformation():24 - Executed Action: GetReScheduledInstallmentAsDataSource on Controller: Payment For User : svamadmin.
2021-01-15 16:52:34,532 => INFO  NA.PMS.Common.Logger.LogService.LogInformation():24 - Executing Action: GetPropertyPaymentReScheduleInformationById on Controller: Payment For User : svamadmin.
2021-01-15 16:52:34,609 => INFO  NA.PMS.Common.Logger.LogService.LogInformation():24 - Executed Action: GetPropertyPaymentReScheduleInformationById on Controller: Payment For User : svamadmin.
2021-01-15 16:52:36,680 => INFO  NA.PMS.Common.Logger.LogService.LogInformation():24 - Executing Action: GetPropertyPaymentReScheduleInformationById on Controller: Payment For User : svamadmin.
2021-01-15 16:52:36,774 => INFO  NA.PMS.Common.Logger.LogService.LogInformation():24 - Executed Action: GetPropertyPaymentReScheduleInformationById on Controller: Payment For User : svamadmin.
2021-01-15 16:52:36,894 => INFO  NA.PMS.Common.Logger.LogService.LogInformation():24 - Executing Action: GetReScheduledInstallmentAsDataSource on Controller: Payment For User : svamadmin.
2021-01-15 16:52:36,975 => INFO  NA.PMS.Common.Logger.LogService.LogInformation():24 - Executed Action: GetReScheduledInstallmentAsDataSource on Controller: Payment For User : svamadmin.
2021-01-15 16:52:54,741 => INFO  NA.PMS.Common.Logger.LogService.LogInformation():24 - Executing Action: GetPropertyPaymentReScheduleInformationById on Controller: Payment For User : svamadmin.
2021-01-15 16:52:54,844 => INFO  NA.PMS.Common.Logger.LogService.LogInformation():24 - Executed Action: GetPropertyPaymentReScheduleInformationById on Controller: Payment For User : svamadmin.
2021-01-15 16:53:11,183 => INFO  NA.PMS.Common.Logger.LogService.LogInformation():24 - Executing Action: InstallmentReSchedule on Controller: Payment For User : svamadmin.
2021-01-15 16:53:11,192 => INFO  NA.PMS.Common.Logger.LogService.LogInformation():24 - Executed Action: InstallmentReSchedule on Controller: Payment For User : svamadmin.
2021-01-15 16:53:13,748 => INFO  NA.PMS.Common.Logger.LogService.LogInformation():24 - Executing Action: GetRegistrationIdList on Controller: Payment For User : svamadmin.
2021-01-15 16:53:13,824 => INFO  NA.PMS.Common.Logger.LogService.LogInformation():24 - Executed Action: GetRegistrationIdList on Controller: Payment For User : svamadmin.
2021-01-15 16:53:14,269 => INFO  NA.PMS.Common.Logger.LogService.LogInformation():24 - Executing Action: GetYesNoStatus on Controller: Payment For User : svamadmin.
2021-01-15 16:53:14,292 => INFO  NA.PMS.Common.Logger.LogService.LogInformation():24 - Executed Action: GetYesNoStatus on Controller: Payment For User : svamadmin.
2021-01-15 16:53:15,372 => INFO  NA.PMS.Common.Logger.LogService.LogInformation():24 - Executing Action: GetReScheduledInstallmentAsDataSource on Controller: Payment For User : svamadmin.
2021-01-15 16:53:15,447 => INFO  NA.PMS.Common.Logger.LogService.LogInformation():24 - Executed Action: GetReScheduledInstallmentAsDataSource on Controller: Payment For User : svamadmin.
2021-01-15 16:53:22,777 => INFO  NA.PMS.Common.Logger.LogService.LogInformation():24 - Executing Action: GetRegistrationIdList on Controller: Payment For User : svamadmin.
2021-01-15 16:53:23,092 => INFO  NA.PMS.Common.Logger.LogService.LogInformation():24 - Executed Action: GetRegistrationIdList on Controller: Payment For User : svamadmin.
2021-01-15 16:53:23,631 => INFO  NA.PMS.Common.Logger.LogService.LogInformation():24 - Executing Action: GetRegistrationIdList on Controller: Payment For User : svamadmin.
2021-01-15 16:53:23,984 => INFO  NA.PMS.Common.Logger.LogService.LogInformation():24 - Executed Action: GetRegistrationIdList on Controller: Payment For User : svamadmin.
2021-01-15 16:53:24,640 => INFO  NA.PMS.Common.Logger.LogService.LogInformation():24 - Executing Action: GetRegistrationIdList on Controller: Payment For User : svamadmin.
2021-01-15 16:53:24,957 => INFO  NA.PMS.Common.Logger.LogService.LogInformation():24 - Executed Action: GetRegistrationIdList on Controller: Payment For User : svamadmin.
2021-01-15 16:53:25,791 => INFO  NA.PMS.Common.Logger.LogService.LogInformation():24 - Executing Action: GetInstallmentScheduleTypeAsDataSource on Controller: Payment For User : svamadmin.
2021-01-15 16:53:25,830 => INFO  NA.PMS.Common.Logger.LogService.LogInformation():24 - Executed Action: GetInstallmentScheduleTypeAsDataSource on Controller: Payment For User : svamadmin.
2021-01-15 16:53:25,910 => INFO  NA.PMS.Common.Logger.LogService.LogInformation():24 - Executing Action: GetInstallmentScheduleTypeAsDataSource on Controller: Payment For User : svamadmin.
2021-01-15 16:53:25,953 => INFO  NA.PMS.Common.Logger.LogService.LogInformation():24 - Executed Action: GetInstallmentScheduleTypeAsDataSource on Controller: Payment For User : svamadmin.
2021-01-15 16:53:26,298 => INFO  NA.PMS.Common.Logger.LogService.LogInformation():24 - Executing Action: GetPropertyPaymentReScheduleInformationById on Controller: Payment For User : svamadmin.
2021-01-15 16:53:26,398 => INFO  NA.PMS.Common.Logger.LogService.LogInformation():24 - Executed Action: GetPropertyPaymentReScheduleInformationById on Controller: Payment For User : svamadmin.
2021-01-15 16:56:21,879 => INFO  NA.PMS.Common.Logger.LogService.LogInformation():24 - Executing Action: Login on Controller: Account For User : svamadmin.
2021-01-15 16:56:22,033 => INFO  NA.PMS.Common.Logger.LogService.LogInformation():24 - Executed Action: Login on Controller: Account For User : svamadmin.
2021-01-15 16:56:55,504 => INFO  NA.PMS.Common.Logger.LogService.LogInformation():24 - Executing Action: GetSectorList on Controller: Application For User : svamadmin.
2021-01-15 16:56:55,644 => INFO  NA.PMS.Common.Logger.LogService.LogInformation():24 - Executed Action: GetSectorList on Controller: Application For User : svamadmin.
2021-01-15 16:56:56,024 => INFO  NA.PMS.Common.Logger.LogService.LogInformation():24 - Executing Action: GetDirectorTypeList on Controller: Application For User : svamadmin.
2021-01-15 16:56:56,109 => INFO  NA.PMS.Common.Logger.LogService.LogInformation():24 - Executed Action: GetDirectorTypeList on Controller: Application For User : svamadmin.
2021-01-15 16:56:56,522 => INFO  NA.PMS.Common.Logger.LogService.LogInformation():24 - Executing Action: GetBankListforOnline on Controller: Application For User : svamadmin.
2021-01-15 16:56:56,582 => INFO  NA.PMS.Common.Logger.LogService.LogInformation():24 - Executed Action: GetBankListforOnline on Controller: Application For User : svamadmin.
2021-01-15 16:56:57,023 => INFO  NA.PMS.Common.Logger.LogService.LogInformation():24 - Executing Action: GetFormTypeList on Controller: Application For User : svamadmin.
2021-01-15 16:56:57,120 => INFO  NA.PMS.Common.Logger.LogService.LogInformation():24 - Executed Action: GetFormTypeList on Controller: Application For User : svamadmin.
2021-01-15 18:46:58,356 => INFO  NA.PMS.Common.Logger.LogService.LogInformation():24 - Executing Action: Login on Controller: Account For User : .
2021-01-15 18:46:58,692 => INFO  NA.PMS.Common.Logger.LogService.LogInformation():24 - Executed Action: Login on Controller: Account For User : .
2021-01-15 18:47:30,247 => INFO  NA.PMS.Common.Logger.LogService.LogInformation():24 - Executing Action: GetFormTypeList on Controller: Application For User : .
2021-01-15 18:47:30,330 => INFO  NA.PMS.Common.Logger.LogService.LogInformation():24 - Executed Action: GetFormTypeList on Controller: Application For User : .
2021-01-15 18:47:30,813 => INFO  NA.PMS.Common.Logger.LogService.LogInformation():24 - Executing Action: GetDirectorTypeList on Controller: Application For User : .
2021-01-15 18:47:30,878 => INFO  NA.PMS.Common.Logger.LogService.LogInformation():24 - Executed Action: GetDirectorTypeList on Controller: Application For User : .
2021-01-15 18:47:31,377 => INFO  NA.PMS.Common.Logger.LogService.LogInformation():24 - Executing Action: GetBankListforOnline on Controller: Application For User : .
2021-01-15 18:47:31,418 => INFO  NA.PMS.Common.Logger.LogService.LogInformation():24 - Executed Action: GetBankListforOnline on Controller: Application For User : .
2021-01-15 18:47:31,879 => INFO  NA.PMS.Common.Logger.LogService.LogInformation():24 - Executing Action: GetSectorList on Controller: Application For User : .
2021-01-15 18:47:31,923 => INFO  NA.PMS.Common.Logger.LogService.LogInformation():24 - Executed Action: GetSectorList on Controller: Application For User : .
2021-01-15 18:48:25,774 => INFO  NA.PMS.Common.Logger.LogService.LogInformation():24 - Executing Action: GetSectorList on Controller: Application For User : .
2021-01-15 18:48:25,957 => INFO  NA.PMS.Common.Logger.LogService.LogInformation():24 - Executed Action: GetSectorList on Controller: Application For User : .
2021-01-15 18:48:26,300 => INFO  NA.PMS.Common.Logger.LogService.LogInformation():24 - Executing Action: GetBankListforOnline on Controller: Application For User : .
2021-01-15 18:48:26,337 => INFO  NA.PMS.Common.Logger.LogService.LogInformation():24 - Executed Action: GetBankListforOnline on Controller: Application For User : .
2021-01-15 18:48:26,722 => INFO  NA.PMS.Common.Logger.LogService.LogInformation():24 - Executing Action: GetDirectorTypeList on Controller: Application For User : .
2021-01-15 18:48:26,761 => INFO  NA.PMS.Common.Logger.LogService.LogInformation():24 - Executed Action: GetDirectorTypeList on Controller: Application For User : .
2021-01-15 18:49:45,205 => INFO  NA.PMS.Common.Logger.LogService.LogInformation():24 - Executing Action: GetDirectorTypeList on Controller: Application For User : .
2021-01-15 18:49:45,261 => INFO  NA.PMS.Common.Logger.LogService.LogInformation():24 - Executed Action: GetDirectorTypeList on Controller: Application For User : .
2021-01-15 18:49:45,710 => INFO  NA.PMS.Common.Logger.LogService.LogInformation():24 - Executing Action: GetSectorList on Controller: Application For User : .
2021-01-15 18:49:45,746 => INFO  NA.PMS.Common.Logger.LogService.LogInformation():24 - Executed Action: GetSectorList on Controller: Application For User : .
2021-01-15 18:49:46,223 => INFO  NA.PMS.Common.Logger.LogService.LogInformation():24 - Executing Action: GetBankListforOnline on Controller: Application For User : .
2021-01-15 18:49:46,270 => INFO  NA.PMS.Common.Logger.LogService.LogInformation():24 - Executed Action: GetBankListforOnline on Controller: Application For User : .
2021-01-15 18:49:48,212 => INFO  NA.PMS.Common.Logger.LogService.LogInformation():24 - Executing Action: GetFormSubTypeList on Controller: Application For User : .
2021-01-15 18:49:48,793 => INFO  NA.PMS.Common.Logger.LogService.LogInformation():24 - Executed Action: GetFormSubTypeList on Controller: Application For User : .
2021-01-15 18:49:48,825 => INFO  NA.PMS.Common.Logger.LogService.LogInformation():24 - Executing Action: GetFormSubTypeList on Controller: Application For User : .
2021-01-15 18:49:48,863 => INFO  NA.PMS.Common.Logger.LogService.LogInformation():24 - Executed Action: GetFormSubTypeList on Controller: Application For User : .
2021-01-15 18:49:50,300 => INFO  NA.PMS.Common.Logger.LogService.LogInformation():24 - Executing Action: GetFormSubTypeList on Controller: Application For User : .
2021-01-15 18:49:50,348 => INFO  NA.PMS.Common.Logger.LogService.LogInformation():24 - Executed Action: GetFormSubTypeList on Controller: Application For User : .
2021-01-15 18:49:50,378 => INFO  NA.PMS.Common.Logger.LogService.LogInformation():24 - Executing Action: GetFormSubTypeList on Controller: Application For User : .
2021-01-15 18:49:50,414 => INFO  NA.PMS.Common.Logger.LogService.LogInformation():24 - Executed Action: GetFormSubTypeList on Controller: Application For User : .
2021-01-15 18:49:52,853 => INFO  NA.PMS.Common.Logger.LogService.LogInformation():24 - Executing Action: GetFormSubTypeList on Controller: Application For User : .
2021-01-15 18:49:52,908 => INFO  NA.PMS.Common.Logger.LogService.LogInformation():24 - Executed Action: GetFormSubTypeList on Controller: Application For User : .
2021-01-15 18:49:52,948 => INFO  NA.PMS.Common.Logger.LogService.LogInformation():24 - Executing Action: GetFormSubTypeList on Controller: Application For User : .
2021-01-15 18:49:52,993 => INFO  NA.PMS.Common.Logger.LogService.LogInformation():24 - Executed Action: GetFormSubTypeList on Controller: Application For User : .
2021-01-15 18:49:57,907 => INFO  NA.PMS.Common.Logger.LogService.LogInformation():24 - Executing Action: GetFormSubTypeList on Controller: Application For User : .
2021-01-15 18:49:57,951 => INFO  NA.PMS.Common.Logger.LogService.LogInformation():24 - Executed Action: GetFormSubTypeList on Controller: Application For User : .
2021-01-15 18:49:57,982 => INFO  NA.PMS.Common.Logger.LogService.LogInformation():24 - Executing Action: GetFormSubTypeList on Controller: Application For User : .
2021-01-15 18:49:58,022 => INFO  NA.PMS.Common.Logger.LogService.LogInformation():24 - Executed Action: GetFormSubTypeList on Controller: Application For User : .
2021-01-15 18:52:51,537 => INFO  NA.PMS.Common.Logger.LogService.LogInformation():24 - Executing Action: Login on Controller: Account For User : .
2021-01-15 18:52:51,791 => INFO  NA.PMS.Common.Logger.LogService.LogInformation():24 - Executed Action: Login on Controller: Account For User : .
2021-01-15 19:03:20,432 => INFO  NA.PMS.Common.Logger.LogService.LogInformation():24 - Executing Action: GetBankListforOnline on Controller: Application For User : .
2021-01-15 19:03:20,619 => INFO  NA.PMS.Common.Logger.LogService.LogInformation():24 - Executed Action: GetBankListforOnline on Controller: Application For User : .
2021-01-15 19:03:30,042 => INFO  NA.PMS.Common.Logger.LogService.LogInformation():24 - Executing Action: GetSectorList on Controller: Application For User : .
2021-01-15 19:03:30,101 => INFO  NA.PMS.Common.Logger.LogService.LogInformation():24 - Executed Action: GetSectorList on Controller: Application For User : .
2021-01-15 19:03:30,543 => INFO  NA.PMS.Common.Logger.LogService.LogInformation():24 - Executing Action: GetDirectorTypeList on Controller: Application For User : .
2021-01-15 19:03:30,601 => INFO  NA.PMS.Common.Logger.LogService.LogInformation():24 - Executed Action: GetDirectorTypeList on Controller: Application For User : .
2021-01-15 19:04:14,338 => INFO  NA.PMS.Common.Logger.LogService.LogInformation():24 - Executing Action: GetBankListforOnline on Controller: Application For User : .
2021-01-15 19:04:14,394 => INFO  NA.PMS.Common.Logger.LogService.LogInformation():24 - Executed Action: GetBankListforOnline on Controller: Application For User : .
2021-01-15 19:04:14,851 => INFO  NA.PMS.Common.Logger.LogService.LogInformation():24 - Executing Action: GetDirectorTypeList on Controller: Application For User : .
2021-01-15 19:04:14,920 => INFO  NA.PMS.Common.Logger.LogService.LogInformation():24 - Executed Action: GetDirectorTypeList on Controller: Application For User : .
2021-01-15 19:04:15,347 => INFO  NA.PMS.Common.Logger.LogService.LogInformation():24 - Executing Action: GetSectorList on Controller: Application For User : .
2021-01-15 19:04:15,400 => INFO  NA.PMS.Common.Logger.LogService.LogInformation():24 - Executed Action: GetSectorList on Controller: Application For User : .
2021-01-15 19:04:19,124 => INFO  NA.PMS.Common.Logger.LogService.LogInformation():24 - Executing Action: GetFormSubTypeList on Controller: Application For User : .
2021-01-15 19:04:19,202 => INFO  NA.PMS.Common.Logger.LogService.LogInformation():24 - Executed Action: GetFormSubTypeList on Controller: Application For User : .
2021-01-15 19:04:19,254 => INFO  NA.PMS.Common.Logger.LogService.LogInformation():24 - Executing Action: GetFormSubTypeList on Controller: Application For User : .
2021-01-15 19:04:19,303 => INFO  NA.PMS.Common.Logger.LogService.LogInformation():24 - Executed Action: GetFormSubTypeList on Controller: Application For User : .
2021-01-15 19:05:29,747 => INFO  NA.PMS.Common.Logger.LogService.LogInformation():24 - Executing Action: GetDirectorTypeList on Controller: Application For User : .
2021-01-15 19:05:29,801 => INFO  NA.PMS.Common.Logger.LogService.LogInformation():24 - Executed Action: GetDirectorTypeList on Controller: Application For User : .
2021-01-15 19:05:34,368 => INFO  NA.PMS.Common.Logger.LogService.LogInformation():24 - Executing Action: GetBankListforOnline on Controller: Application For User : .
2021-01-15 19:05:34,423 => INFO  NA.PMS.Common.Logger.LogService.LogInformation():24 - Executed Action: GetBankListforOnline on Controller: Application For User : .
2021-01-15 19:05:34,872 => INFO  NA.PMS.Common.Logger.LogService.LogInformation():24 - Executing Action: GetSectorList on Controller: Application For User : .
2021-01-15 19:05:34,984 => INFO  NA.PMS.Common.Logger.LogService.LogInformation():24 - Executed Action: GetSectorList on Controller: Application For User : .
2021-01-15 19:05:39,669 => INFO  NA.PMS.Common.Logger.LogService.LogInformation():24 - Executing Action: GetCompanyTypeList on Controller: Application For User : .
2021-01-15 19:05:39,724 => INFO  NA.PMS.Common.Logger.LogService.LogInformation():24 - Executed Action: GetCompanyTypeList on Controller: Application For User : .
2021-01-15 19:05:41,134 => INFO  NA.PMS.Common.Logger.LogService.LogInformation():24 - Executing Action: GetCompanyTypeList on Controller: Application For User : .
2021-01-15 19:05:41,176 => INFO  NA.PMS.Common.Logger.LogService.LogInformation():24 - Executed Action: GetCompanyTypeList on Controller: Application For User : .
2021-01-15 19:05:41,203 => INFO  NA.PMS.Common.Logger.LogService.LogInformation():24 - Executing Action: GetCompanyTypeList on Controller: Application For User : .
2021-01-15 19:05:41,244 => INFO  NA.PMS.Common.Logger.LogService.LogInformation():24 - Executed Action: GetCompanyTypeList on Controller: Application For User : .
2021-01-15 19:05:45,397 => INFO  NA.PMS.Common.Logger.LogService.LogInformation():24 - Executing Action: GetCompanyTypeList on Controller: Application For User : .
2021-01-15 19:05:45,444 => INFO  NA.PMS.Common.Logger.LogService.LogInformation():24 - Executed Action: GetCompanyTypeList on Controller: Application For User : .
2021-01-15 19:05:58,276 => INFO  NA.PMS.Common.Logger.LogService.LogInformation():24 - Executing Action: GetCompanyTypeList on Controller: Application For User : .
2021-01-15 19:05:58,326 => INFO  NA.PMS.Common.Logger.LogService.LogInformation():24 - Executed Action: GetCompanyTypeList on Controller: Application For User : .
2021-01-15 19:05:58,365 => INFO  NA.PMS.Common.Logger.LogService.LogInformation():24 - Executing Action: GetCompanyTypeList on Controller: Application For User : .
2021-01-15 19:05:58,406 => INFO  NA.PMS.Common.Logger.LogService.LogInformation():24 - Executed Action: GetCompanyTypeList on Controller: Application For User : .
2021-01-15 19:10:41,382 => INFO  NA.PMS.Common.Logger.LogService.LogInformation():24 - Executing Action: GetDirectorTypeList on Controller: Application For User : .
2021-01-15 19:10:41,426 => INFO  NA.PMS.Common.Logger.LogService.LogInformation():24 - Executed Action: GetDirectorTypeList on Controller: Application For User : .
2021-01-15 19:10:41,917 => INFO  NA.PMS.Common.Logger.LogService.LogInformation():24 - Executing Action: GetSectorList on Controller: Application For User : .
2021-01-15 19:10:41,967 => INFO  NA.PMS.Common.Logger.LogService.LogInformation():24 - Executed Action: GetSectorList on Controller: Application For User : .
2021-01-15 19:10:42,417 => INFO  NA.PMS.Common.Logger.LogService.LogInformation():24 - Executing Action: GetBankListforOnline on Controller: Application For User : .
2021-01-15 19:10:42,459 => INFO  NA.PMS.Common.Logger.LogService.LogInformation():24 - Executed Action: GetBankListforOnline on Controller: Application For User : .
2021-01-15 19:12:02,605 => INFO  NA.PMS.Common.Logger.LogService.LogInformation():24 - Executing Action: GetBankListforOnline on Controller: Application For User : .
2021-01-15 19:12:02,668 => INFO  NA.PMS.Common.Logger.LogService.LogInformation():24 - Executed Action: GetBankListforOnline on Controller: Application For User : .
2021-01-15 19:12:03,592 => INFO  NA.PMS.Common.Logger.LogService.LogInformation():24 - Executing Action: GetDirectorTypeList on Controller: Application For User : .
2021-01-15 19:12:03,641 => INFO  NA.PMS.Common.Logger.LogService.LogInformation():24 - Executed Action: GetDirectorTypeList on Controller: Application For User : .
2021-01-15 19:12:04,105 => INFO  NA.PMS.Common.Logger.LogService.LogInformation():24 - Executing Action: GetSectorList on Controller: Application For User : .
2021-01-15 19:12:04,181 => INFO  NA.PMS.Common.Logger.LogService.LogInformation():24 - Executed Action: GetSectorList on Controller: Application For User : .
2021-01-15 19:15:04,826 => INFO  NA.PMS.Common.Logger.LogService.LogInformation():24 - Executing Action: GetBankListforOnline on Controller: Application For User : .
2021-01-15 19:15:04,879 => INFO  NA.PMS.Common.Logger.LogService.LogInformation():24 - Executed Action: GetBankListforOnline on Controller: Application For User : .
2021-01-15 19:15:05,324 => INFO  NA.PMS.Common.Logger.LogService.LogInformation():24 - Executing Action: GetDirectorTypeList on Controller: Application For User : .
2021-01-15 19:15:05,370 => INFO  NA.PMS.Common.Logger.LogService.LogInformation():24 - Executed Action: GetDirectorTypeList on Controller: Application For User : .
2021-01-15 19:23:51,376 => INFO  NA.PMS.Common.Logger.LogService.LogInformation():24 - Executing Action: Login on Controller: Account For User : .
2021-01-15 19:23:51,636 => INFO  NA.PMS.Common.Logger.LogService.LogInformation():24 - Executed Action: Login on Controller: Account For User : .
2021-01-15 19:37:28,683 => INFO  NA.PMS.Common.Logger.LogService.LogInformation():24 - Executing Action: GetGenderList on Controller: Application For User : .
2021-01-15 19:37:28,713 => INFO  NA.PMS.Common.Logger.LogService.LogInformation():24 - Executed Action: GetGenderList on Controller: Application For User : .
2021-01-15 19:37:29,157 => INFO  NA.PMS.Common.Logger.LogService.LogInformation():24 - Executing Action: GetMaritalStatusList on Controller: Application For User : .
2021-01-15 19:37:29,169 => INFO  NA.PMS.Common.Logger.LogService.LogInformation():24 - Executed Action: GetMaritalStatusList on Controller: Application For User : .
2021-01-15 19:38:46,848 => INFO  NA.PMS.Common.Logger.LogService.LogInformation():24 - Executing Action: GetMaritalStatusList on Controller: Application For User : .
2021-01-15 19:38:46,859 => INFO  NA.PMS.Common.Logger.LogService.LogInformation():24 - Executed Action: GetMaritalStatusList on Controller: Application For User : .
2021-01-15 19:38:47,349 => INFO  NA.PMS.Common.Logger.LogService.LogInformation():24 - Executing Action: GetGenderList on Controller: Application For User : .
2021-01-15 19:38:47,373 => INFO  NA.PMS.Common.Logger.LogService.LogInformation():24 - Executed Action: GetGenderList on Controller: Application For User : .
2021-01-15 19:41:25,274 => INFO  NA.PMS.Common.Logger.LogService.LogInformation():24 - Executing Action: GetMaritalStatusList on Controller: Application For User : .
2021-01-15 19:41:25,297 => INFO  NA.PMS.Common.Logger.LogService.LogInformation():24 - Executed Action: GetMaritalStatusList on Controller: Application For User : .
2021-01-15 19:41:25,759 => INFO  NA.PMS.Common.Logger.LogService.LogInformation():24 - Executing Action: GetGenderList on Controller: Application For User : .
2021-01-15 19:41:25,783 => INFO  NA.PMS.Common.Logger.LogService.LogInformation():24 - Executed Action: GetGenderList on Controller: Application For User : .
