2021-03-12 15:06:22,785 => INFO  NA.PMS.Common.Logger.LogService.LogInformation():24 - Executing Action: Login on Controller: Account For User : .
2021-03-12 15:06:23,037 => INFO  NA.PMS.Common.Logger.LogService.LogInformation():24 - Executed Action: Login on Controller: Account For User : .
2021-03-12 15:06:26,422 => ERROR NA.PMS.Common.Logger.LogService.LogError():97 - Global Exception
System.Web.HttpException (0x80004005): Session state has created a session id, but cannot save it because the response was already flushed by the application.
   at System.Web.SessionState.SessionIDManager.SaveSessionID(HttpContext context, String id, Boolean& redirected, Boolean& cookieAdded)
   at System.Web.SessionState.SessionStateModule.CreateSessionId()
   at System.Web.SessionState.SessionStateModule.DelayedGetSessionId()
   at System.Web.SessionState.SessionStateModule.ReleaseStateGetSessionID()
   at System.Web.SessionState.SessionStateModule.OnReleaseState(Object source, EventArgs eventArgs)
   at System.Web.SessionState.SessionStateModule.OnEndRequest(Object source, EventArgs eventArgs)
   at System.Web.HttpApplication.SyncEventExecutionStep.System.Web.HttpApplication.IExecutionStep.Execute()
   at System.Web.HttpApplication.ExecuteStepImpl(IExecutionStep step)
   at System.Web.HttpApplication.ExecuteStep(IExecutionStep step, Boolean& completedSynchronously)
2021-03-12 15:06:52,820 => INFO  NA.PMS.Common.Logger.LogService.LogInformation():24 - Executing Action: Login on Controller: Account For User : .
2021-03-12 15:07:24,178 => INFO  NA.PMS.Common.Logger.LogService.LogInformation():24 - Executed Action: Login on Controller: Account For User : .
2021-03-12 15:07:24,298 => ERROR NA.PMS.Common.Logger.LogService.LogError():97 - Global Exception
System.Data.Entity.Core.EntityException: The underlying provider failed on Open. ---> System.Data.SqlClient.SqlException: A network-related or instance-specific error occurred while establishing a connection to SQL Server. The server was not found or was not accessible. Verify that the instance name is correct and that SQL Server is configured to allow remote connections. (provider: Named Pipes Provider, error: 40 - Could not open a connection to SQL Server) ---> System.ComponentModel.Win32Exception: The network path was not found
   --- End of inner exception stack trace ---
   at System.Data.SqlClient.SqlInternalConnectionTds..ctor(DbConnectionPoolIdentity identity, SqlConnectionString connectionOptions, SqlCredential credential, Object providerInfo, String newPassword, SecureString newSecurePassword, Boolean redirectedUserInstance, SqlConnectionString userConnectionOptions, SessionData reconnectSessionData, DbConnectionPool pool, String accessToken, Boolean applyTransientFaultHandling, SqlAuthenticationProviderManager sqlAuthProviderManager)
   at System.Data.SqlClient.SqlConnectionFactory.CreateConnection(DbConnectionOptions options, DbConnectionPoolKey poolKey, Object poolGroupProviderInfo, DbConnectionPool pool, DbConnection owningConnection, DbConnectionOptions userOptions)
   at System.Data.ProviderBase.DbConnectionFactory.CreatePooledConnection(DbConnectionPool pool, DbConnection owningObject, DbConnectionOptions options, DbConnectionPoolKey poolKey, DbConnectionOptions userOptions)
   at System.Data.ProviderBase.DbConnectionPool.CreateObject(DbConnection owningObject, DbConnectionOptions userOptions, DbConnectionInternal oldConnection)
   at System.Data.ProviderBase.DbConnectionPool.UserCreateRequest(DbConnection owningObject, DbConnectionOptions userOptions, DbConnectionInternal oldConnection)
   at System.Data.ProviderBase.DbConnectionPool.TryGetConnection(DbConnection owningObject, UInt32 waitForMultipleObjectsTimeout, Boolean allowCreate, Boolean onlyOneCheckConnection, DbConnectionOptions userOptions, DbConnectionInternal& connection)
   at System.Data.ProviderBase.DbConnectionPool.TryGetConnection(DbConnection owningObject, TaskCompletionSource`1 retry, DbConnectionOptions userOptions, DbConnectionInternal& connection)
   at System.Data.ProviderBase.DbConnectionFactory.TryGetConnection(DbConnection owningConnection, TaskCompletionSource`1 retry, DbConnectionOptions userOptions, DbConnectionInternal oldConnection, DbConnectionInternal& connection)
   at System.Data.ProviderBase.DbConnectionInternal.TryOpenConnectionInternal(DbConnection outerConnection, DbConnectionFactory connectionFactory, TaskCompletionSource`1 retry, DbConnectionOptions userOptions)
   at System.Data.ProviderBase.DbConnectionClosed.TryOpenConnection(DbConnection outerConnection, DbConnectionFactory connectionFactory, TaskCompletionSource`1 retry, DbConnectionOptions userOptions)
   at System.Data.SqlClient.SqlConnection.TryOpenInner(TaskCompletionSource`1 retry)
   at System.Data.SqlClient.SqlConnection.TryOpen(TaskCompletionSource`1 retry)
   at System.Data.SqlClient.SqlConnection.Open()
   at System.Data.Entity.Infrastructure.Interception.DbConnectionDispatcher.<Open>b__36(DbConnection t, DbConnectionInterceptionContext c)
   at System.Data.Entity.Infrastructure.Interception.InternalDispatcher`1.Dispatch[TTarget,TInterceptionContext](TTarget target, Action`2 operation, TInterceptionContext interceptionContext, Action`3 executing, Action`3 executed)
   at System.Data.Entity.Infrastructure.Interception.DbConnectionDispatcher.Open(DbConnection connection, DbInterceptionContext interceptionContext)
   at System.Data.Entity.Core.EntityClient.EntityConnection.<Open>b__2()
   at System.Data.Entity.SqlServer.DefaultSqlExecutionStrategy.<>c__DisplayClass1.<Execute>b__0()
   at System.Data.Entity.SqlServer.DefaultSqlExecutionStrategy.Execute[TResult](Func`1 operation)
   at System.Data.Entity.SqlServer.DefaultSqlExecutionStrategy.Execute(Action operation)
   at System.Data.Entity.Core.EntityClient.EntityConnection.Open()
   --- End of inner exception stack trace ---
   at System.Data.Entity.Core.EntityClient.EntityConnection.Open()
   at System.Data.Entity.Core.Objects.ObjectContext.EnsureConnection(Boolean shouldMonitorTransactions)
   at System.Data.Entity.Core.Objects.ObjectContext.ExecuteInTransaction[T](Func`1 func, IDbExecutionStrategy executionStrategy, Boolean startLocalTransaction, Boolean releaseConnectionOnSuccess)
   at System.Data.Entity.Core.Objects.ObjectQuery`1.<>c__DisplayClass7.<GetResults>b__5()
   at System.Data.Entity.SqlServer.DefaultSqlExecutionStrategy.Execute[TResult](Func`1 operation)
   at System.Data.Entity.Core.Objects.ObjectQuery`1.GetResults(Nullable`1 forMergeOption)
   at System.Data.Entity.Core.Objects.ObjectQuery`1.<System.Collections.Generic.IEnumerable<T>.GetEnumerator>b__0()
   at System.Data.Entity.Internal.LazyEnumerator`1.MoveNext()
   at System.Linq.Enumerable.FirstOrDefault[TSource](IEnumerable`1 source)
   at System.Data.Entity.Core.Objects.ELinq.ObjectQueryProvider.<GetElementFunction>b__1[TResult](IEnumerable`1 sequence)
   at System.Data.Entity.Core.Objects.ELinq.ObjectQueryProvider.ExecuteSingle[TResult](IEnumerable`1 query, Expression queryRoot)
   at System.Data.Entity.Core.Objects.ELinq.ObjectQueryProvider.System.Linq.IQueryProvider.Execute[TResult](Expression expression)
   at System.Data.Entity.Internal.Linq.DbQueryProvider.Execute[TResult](Expression expression)
   at System.Linq.Queryable.FirstOrDefault[TSource](IQueryable`1 source, Expression`1 predicate)
   at NA.PMS.Repository.LoginRepository.ValidateUser(String userName, String password) in d:\TFSProject\NoidaAuthority\Source\NA.PMS\NA.PMS.Repository\Login\LoginRepository.cs:line 54
   at NA.PMS.Service.LoginService.ValidateUser(String userName, String password) in d:\TFSProject\NoidaAuthority\Source\NA.PMS\NA.PMS.Service\Login\LoginService.cs:line 28
   at NA.PMS.Web.Controllers.Common.PMSMembershipProvider.ValidateUser(String username, String password) in d:\TFSProject\NoidaAuthority\Source\NA.PMS\NA.PMS.Web\Controllers\Common\PMSMembershipProvider.cs:line 167
   at System.Web.Security.Membership.ValidateUser(String username, String password)
   at NA.PMS.Web.Controllers.AccountController.<Login>d__2.MoveNext() in d:\TFSProject\NoidaAuthority\Source\NA.PMS\NA.PMS.Web\Controllers\AccountController.cs:line 175
--- End of stack trace from previous location where exception was thrown ---
   at System.Runtime.CompilerServices.TaskAwaiter.ThrowForNonSuccess(Task task)
   at System.Runtime.CompilerServices.TaskAwaiter.HandleNonSuccessAndDebuggerNotification(Task task)
   at System.Runtime.CompilerServices.TaskAwaiter.GetResult()
   at System.Threading.Tasks.TaskHelpersExtensions.ThrowIfFaulted(Task task)
   at System.Web.Mvc.Async.TaskAsyncActionDescriptor.EndExecute(IAsyncResult asyncResult)
   at System.Web.Mvc.Async.AsyncControllerActionInvoker.<>c__DisplayClass37.<BeginInvokeAsynchronousActionMethod>b__36(IAsyncResult asyncResult)
   at System.Web.Mvc.Async.AsyncResultWrapper.WrappedAsyncResult`1.CallEndDelegate(IAsyncResult asyncResult)
   at System.Web.Mvc.Async.AsyncResultWrapper.WrappedAsyncResultBase`1.End()
   at System.Web.Mvc.Async.AsyncResultWrapper.End[TResult](IAsyncResult asyncResult, Object tag)
   at System.Web.Mvc.Async.AsyncControllerActionInvoker.EndInvokeActionMethod(IAsyncResult asyncResult)
   at System.Web.Mvc.Async.AsyncControllerActionInvoker.AsyncInvocationWithFilters.<InvokeActionMethodFilterAsynchronouslyRecursive>b__3d()
   at System.Web.Mvc.Async.AsyncControllerActionInvoker.AsyncInvocationWithFilters.<>c__DisplayClass46.<InvokeActionMethodFilterAsynchronouslyRecursive>b__3f()
   at System.Web.Mvc.Async.AsyncControllerActionInvoker.AsyncInvocationWithFilters.<>c__DisplayClass46.<InvokeActionMethodFilterAsynchronouslyRecursive>b__3f()
   at System.Web.Mvc.Async.AsyncControllerActionInvoker.<>c__DisplayClass33.<BeginInvokeActionMethodWithFilters>b__32(IAsyncResult asyncResult)
   at System.Web.Mvc.Async.AsyncResultWrapper.WrappedAsyncResult`1.CallEndDelegate(IAsyncResult asyncResult)
   at System.Web.Mvc.Async.AsyncResultWrapper.WrappedAsyncResultBase`1.End()
   at System.Web.Mvc.Async.AsyncResultWrapper.End[TResult](IAsyncResult asyncResult, Object tag)
   at System.Web.Mvc.Async.AsyncControllerActionInvoker.EndInvokeActionMethodWithFilters(IAsyncResult asyncResult)
   at System.Web.Mvc.Async.AsyncControllerActionInvoker.<>c__DisplayClass21.<>c__DisplayClass2b.<BeginInvokeAction>b__1c()
   at System.Web.Mvc.Async.AsyncControllerActionInvoker.<>c__DisplayClass21.<BeginInvokeAction>b__1e(IAsyncResult asyncResult)
   at System.Web.Mvc.Async.AsyncResultWrapper.WrappedAsyncResult`1.CallEndDelegate(IAsyncResult asyncResult)
   at System.Web.Mvc.Async.AsyncResultWrapper.WrappedAsyncResultBase`1.End()
   at System.Web.Mvc.Async.AsyncResultWrapper.End[TResult](IAsyncResult asyncResult, Object tag)
   at System.Web.Mvc.Async.AsyncControllerActionInvoker.EndInvokeAction(IAsyncResult asyncResult)
   at System.Web.Mvc.Controller.<BeginExecuteCore>b__1d(IAsyncResult asyncResult, ExecuteCoreState innerState)
   at System.Web.Mvc.Async.AsyncResultWrapper.WrappedAsyncVoid`1.CallEndDelegate(IAsyncResult asyncResult)
   at System.Web.Mvc.Async.AsyncResultWrapper.WrappedAsyncResultBase`1.End()
   at System.Web.Mvc.Async.AsyncResultWrapper.End[TResult](IAsyncResult asyncResult, Object tag)
   at System.Web.Mvc.Async.AsyncResultWrapper.End(IAsyncResult asyncResult, Object tag)
   at System.Web.Mvc.Controller.EndExecuteCore(IAsyncResult asyncResult)
   at System.Web.Mvc.Controller.<BeginExecute>b__15(IAsyncResult asyncResult, Controller controller)
   at System.Web.Mvc.Async.AsyncResultWrapper.WrappedAsyncVoid`1.CallEndDelegate(IAsyncResult asyncResult)
   at System.Web.Mvc.Async.AsyncResultWrapper.WrappedAsyncResultBase`1.End()
   at System.Web.Mvc.Async.AsyncResultWrapper.End[TResult](IAsyncResult asyncResult, Object tag)
   at System.Web.Mvc.Async.AsyncResultWrapper.End(IAsyncResult asyncResult, Object tag)
   at System.Web.Mvc.Controller.EndExecute(IAsyncResult asyncResult)
   at System.Web.Mvc.Controller.System.Web.Mvc.Async.IAsyncController.EndExecute(IAsyncResult asyncResult)
   at System.Web.Mvc.MvcHandler.<BeginProcessRequest>b__5(IAsyncResult asyncResult, ProcessRequestState innerState)
   at System.Web.Mvc.Async.AsyncResultWrapper.WrappedAsyncVoid`1.CallEndDelegate(IAsyncResult asyncResult)
   at System.Web.Mvc.Async.AsyncResultWrapper.WrappedAsyncResultBase`1.End()
   at System.Web.Mvc.Async.AsyncResultWrapper.End[TResult](IAsyncResult asyncResult, Object tag)
   at System.Web.Mvc.Async.AsyncResultWrapper.End(IAsyncResult asyncResult, Object tag)
   at System.Web.Mvc.MvcHandler.EndProcessRequest(IAsyncResult asyncResult)
   at System.Web.Mvc.MvcHandler.System.Web.IHttpAsyncHandler.EndProcessRequest(IAsyncResult result)
   at System.Web.HttpApplication.CallHandlerExecutionStep.System.Web.HttpApplication.IExecutionStep.Execute()
   at System.Web.HttpApplication.ExecuteStepImpl(IExecutionStep step)
   at System.Web.HttpApplication.ExecuteStep(IExecutionStep step, Boolean& completedSynchronously)
2021-03-12 15:07:32,806 => INFO  NA.PMS.Common.Logger.LogService.LogInformation():24 - Executing Action: Login on Controller: Account For User : .
2021-03-12 15:07:49,014 => INFO  NA.PMS.Common.Logger.LogService.LogInformation():24 - Executed Action: Login on Controller: Account For User : .
2021-03-12 15:07:49,148 => ERROR NA.PMS.Common.Logger.LogService.LogError():97 - Global Exception
System.Data.Entity.Core.EntityException: The underlying provider failed on Open. ---> System.Data.SqlClient.SqlException: A network-related or instance-specific error occurred while establishing a connection to SQL Server. The server was not found or was not accessible. Verify that the instance name is correct and that SQL Server is configured to allow remote connections. (provider: Named Pipes Provider, error: 40 - Could not open a connection to SQL Server) ---> System.ComponentModel.Win32Exception: The network path was not found
   --- End of inner exception stack trace ---
   at System.Data.SqlClient.SqlInternalConnectionTds..ctor(DbConnectionPoolIdentity identity, SqlConnectionString connectionOptions, SqlCredential credential, Object providerInfo, String newPassword, SecureString newSecurePassword, Boolean redirectedUserInstance, SqlConnectionString userConnectionOptions, SessionData reconnectSessionData, DbConnectionPool pool, String accessToken, Boolean applyTransientFaultHandling, SqlAuthenticationProviderManager sqlAuthProviderManager)
   at System.Data.SqlClient.SqlConnectionFactory.CreateConnection(DbConnectionOptions options, DbConnectionPoolKey poolKey, Object poolGroupProviderInfo, DbConnectionPool pool, DbConnection owningConnection, DbConnectionOptions userOptions)
   at System.Data.ProviderBase.DbConnectionFactory.CreatePooledConnection(DbConnectionPool pool, DbConnection owningObject, DbConnectionOptions options, DbConnectionPoolKey poolKey, DbConnectionOptions userOptions)
   at System.Data.ProviderBase.DbConnectionPool.CreateObject(DbConnection owningObject, DbConnectionOptions userOptions, DbConnectionInternal oldConnection)
   at System.Data.ProviderBase.DbConnectionPool.UserCreateRequest(DbConnection owningObject, DbConnectionOptions userOptions, DbConnectionInternal oldConnection)
   at System.Data.ProviderBase.DbConnectionPool.TryGetConnection(DbConnection owningObject, UInt32 waitForMultipleObjectsTimeout, Boolean allowCreate, Boolean onlyOneCheckConnection, DbConnectionOptions userOptions, DbConnectionInternal& connection)
   at System.Data.ProviderBase.DbConnectionPool.TryGetConnection(DbConnection owningObject, TaskCompletionSource`1 retry, DbConnectionOptions userOptions, DbConnectionInternal& connection)
   at System.Data.ProviderBase.DbConnectionFactory.TryGetConnection(DbConnection owningConnection, TaskCompletionSource`1 retry, DbConnectionOptions userOptions, DbConnectionInternal oldConnection, DbConnectionInternal& connection)
   at System.Data.ProviderBase.DbConnectionInternal.TryOpenConnectionInternal(DbConnection outerConnection, DbConnectionFactory connectionFactory, TaskCompletionSource`1 retry, DbConnectionOptions userOptions)
   at System.Data.ProviderBase.DbConnectionClosed.TryOpenConnection(DbConnection outerConnection, DbConnectionFactory connectionFactory, TaskCompletionSource`1 retry, DbConnectionOptions userOptions)
   at System.Data.SqlClient.SqlConnection.TryOpenInner(TaskCompletionSource`1 retry)
   at System.Data.SqlClient.SqlConnection.TryOpen(TaskCompletionSource`1 retry)
   at System.Data.SqlClient.SqlConnection.Open()
   at System.Data.Entity.Infrastructure.Interception.DbConnectionDispatcher.<Open>b__36(DbConnection t, DbConnectionInterceptionContext c)
   at System.Data.Entity.Infrastructure.Interception.InternalDispatcher`1.Dispatch[TTarget,TInterceptionContext](TTarget target, Action`2 operation, TInterceptionContext interceptionContext, Action`3 executing, Action`3 executed)
   at System.Data.Entity.Infrastructure.Interception.DbConnectionDispatcher.Open(DbConnection connection, DbInterceptionContext interceptionContext)
   at System.Data.Entity.Core.EntityClient.EntityConnection.<Open>b__2()
   at System.Data.Entity.SqlServer.DefaultSqlExecutionStrategy.<>c__DisplayClass1.<Execute>b__0()
   at System.Data.Entity.SqlServer.DefaultSqlExecutionStrategy.Execute[TResult](Func`1 operation)
   at System.Data.Entity.SqlServer.DefaultSqlExecutionStrategy.Execute(Action operation)
   at System.Data.Entity.Core.EntityClient.EntityConnection.Open()
   --- End of inner exception stack trace ---
   at System.Data.Entity.Core.EntityClient.EntityConnection.Open()
   at System.Data.Entity.Core.Objects.ObjectContext.EnsureConnection(Boolean shouldMonitorTransactions)
   at System.Data.Entity.Core.Objects.ObjectContext.ExecuteInTransaction[T](Func`1 func, IDbExecutionStrategy executionStrategy, Boolean startLocalTransaction, Boolean releaseConnectionOnSuccess)
   at System.Data.Entity.Core.Objects.ObjectQuery`1.<>c__DisplayClass7.<GetResults>b__5()
   at System.Data.Entity.SqlServer.DefaultSqlExecutionStrategy.Execute[TResult](Func`1 operation)
   at System.Data.Entity.Core.Objects.ObjectQuery`1.GetResults(Nullable`1 forMergeOption)
   at System.Data.Entity.Core.Objects.ObjectQuery`1.<System.Collections.Generic.IEnumerable<T>.GetEnumerator>b__0()
   at System.Data.Entity.Internal.LazyEnumerator`1.MoveNext()
   at System.Linq.Enumerable.FirstOrDefault[TSource](IEnumerable`1 source)
   at System.Data.Entity.Core.Objects.ELinq.ObjectQueryProvider.<GetElementFunction>b__1[TResult](IEnumerable`1 sequence)
   at System.Data.Entity.Core.Objects.ELinq.ObjectQueryProvider.ExecuteSingle[TResult](IEnumerable`1 query, Expression queryRoot)
   at System.Data.Entity.Core.Objects.ELinq.ObjectQueryProvider.System.Linq.IQueryProvider.Execute[TResult](Expression expression)
   at System.Data.Entity.Internal.Linq.DbQueryProvider.Execute[TResult](Expression expression)
   at System.Linq.Queryable.FirstOrDefault[TSource](IQueryable`1 source, Expression`1 predicate)
   at NA.PMS.Repository.LoginRepository.ValidateUser(String userName, String password) in d:\TFSProject\NoidaAuthority\Source\NA.PMS\NA.PMS.Repository\Login\LoginRepository.cs:line 54
   at NA.PMS.Service.LoginService.ValidateUser(String userName, String password) in d:\TFSProject\NoidaAuthority\Source\NA.PMS\NA.PMS.Service\Login\LoginService.cs:line 28
   at NA.PMS.Web.Controllers.Common.PMSMembershipProvider.ValidateUser(String username, String password) in d:\TFSProject\NoidaAuthority\Source\NA.PMS\NA.PMS.Web\Controllers\Common\PMSMembershipProvider.cs:line 167
   at System.Web.Security.Membership.ValidateUser(String username, String password)
   at NA.PMS.Web.Controllers.AccountController.<Login>d__2.MoveNext() in d:\TFSProject\NoidaAuthority\Source\NA.PMS\NA.PMS.Web\Controllers\AccountController.cs:line 175
--- End of stack trace from previous location where exception was thrown ---
   at System.Runtime.CompilerServices.TaskAwaiter.ThrowForNonSuccess(Task task)
   at System.Runtime.CompilerServices.TaskAwaiter.HandleNonSuccessAndDebuggerNotification(Task task)
   at System.Runtime.CompilerServices.TaskAwaiter.GetResult()
   at System.Threading.Tasks.TaskHelpersExtensions.ThrowIfFaulted(Task task)
   at System.Web.Mvc.Async.TaskAsyncActionDescriptor.EndExecute(IAsyncResult asyncResult)
   at System.Web.Mvc.Async.AsyncControllerActionInvoker.<>c__DisplayClass37.<BeginInvokeAsynchronousActionMethod>b__36(IAsyncResult asyncResult)
   at System.Web.Mvc.Async.AsyncResultWrapper.WrappedAsyncResult`1.CallEndDelegate(IAsyncResult asyncResult)
   at System.Web.Mvc.Async.AsyncResultWrapper.WrappedAsyncResultBase`1.End()
   at System.Web.Mvc.Async.AsyncResultWrapper.End[TResult](IAsyncResult asyncResult, Object tag)
   at System.Web.Mvc.Async.AsyncControllerActionInvoker.EndInvokeActionMethod(IAsyncResult asyncResult)
   at System.Web.Mvc.Async.AsyncControllerActionInvoker.AsyncInvocationWithFilters.<InvokeActionMethodFilterAsynchronouslyRecursive>b__3d()
   at System.Web.Mvc.Async.AsyncControllerActionInvoker.AsyncInvocationWithFilters.<>c__DisplayClass46.<InvokeActionMethodFilterAsynchronouslyRecursive>b__3f()
   at System.Web.Mvc.Async.AsyncControllerActionInvoker.AsyncInvocationWithFilters.<>c__DisplayClass46.<InvokeActionMethodFilterAsynchronouslyRecursive>b__3f()
   at System.Web.Mvc.Async.AsyncControllerActionInvoker.<>c__DisplayClass33.<BeginInvokeActionMethodWithFilters>b__32(IAsyncResult asyncResult)
   at System.Web.Mvc.Async.AsyncResultWrapper.WrappedAsyncResult`1.CallEndDelegate(IAsyncResult asyncResult)
   at System.Web.Mvc.Async.AsyncResultWrapper.WrappedAsyncResultBase`1.End()
   at System.Web.Mvc.Async.AsyncResultWrapper.End[TResult](IAsyncResult asyncResult, Object tag)
   at System.Web.Mvc.Async.AsyncControllerActionInvoker.EndInvokeActionMethodWithFilters(IAsyncResult asyncResult)
   at System.Web.Mvc.Async.AsyncControllerActionInvoker.<>c__DisplayClass21.<>c__DisplayClass2b.<BeginInvokeAction>b__1c()
   at System.Web.Mvc.Async.AsyncControllerActionInvoker.<>c__DisplayClass21.<BeginInvokeAction>b__1e(IAsyncResult asyncResult)
   at System.Web.Mvc.Async.AsyncResultWrapper.WrappedAsyncResult`1.CallEndDelegate(IAsyncResult asyncResult)
   at System.Web.Mvc.Async.AsyncResultWrapper.WrappedAsyncResultBase`1.End()
   at System.Web.Mvc.Async.AsyncResultWrapper.End[TResult](IAsyncResult asyncResult, Object tag)
   at System.Web.Mvc.Async.AsyncControllerActionInvoker.EndInvokeAction(IAsyncResult asyncResult)
   at System.Web.Mvc.Controller.<BeginExecuteCore>b__1d(IAsyncResult asyncResult, ExecuteCoreState innerState)
   at System.Web.Mvc.Async.AsyncResultWrapper.WrappedAsyncVoid`1.CallEndDelegate(IAsyncResult asyncResult)
   at System.Web.Mvc.Async.AsyncResultWrapper.WrappedAsyncResultBase`1.End()
   at System.Web.Mvc.Async.AsyncResultWrapper.End[TResult](IAsyncResult asyncResult, Object tag)
   at System.Web.Mvc.Async.AsyncResultWrapper.End(IAsyncResult asyncResult, Object tag)
   at System.Web.Mvc.Controller.EndExecuteCore(IAsyncResult asyncResult)
   at System.Web.Mvc.Controller.<BeginExecute>b__15(IAsyncResult asyncResult, Controller controller)
   at System.Web.Mvc.Async.AsyncResultWrapper.WrappedAsyncVoid`1.CallEndDelegate(IAsyncResult asyncResult)
   at System.Web.Mvc.Async.AsyncResultWrapper.WrappedAsyncResultBase`1.End()
   at System.Web.Mvc.Async.AsyncResultWrapper.End[TResult](IAsyncResult asyncResult, Object tag)
   at System.Web.Mvc.Async.AsyncResultWrapper.End(IAsyncResult asyncResult, Object tag)
   at System.Web.Mvc.Controller.EndExecute(IAsyncResult asyncResult)
   at System.Web.Mvc.Controller.System.Web.Mvc.Async.IAsyncController.EndExecute(IAsyncResult asyncResult)
   at System.Web.Mvc.MvcHandler.<BeginProcessRequest>b__5(IAsyncResult asyncResult, ProcessRequestState innerState)
   at System.Web.Mvc.Async.AsyncResultWrapper.WrappedAsyncVoid`1.CallEndDelegate(IAsyncResult asyncResult)
   at System.Web.Mvc.Async.AsyncResultWrapper.WrappedAsyncResultBase`1.End()
   at System.Web.Mvc.Async.AsyncResultWrapper.End[TResult](IAsyncResult asyncResult, Object tag)
   at System.Web.Mvc.Async.AsyncResultWrapper.End(IAsyncResult asyncResult, Object tag)
   at System.Web.Mvc.MvcHandler.EndProcessRequest(IAsyncResult asyncResult)
   at System.Web.Mvc.MvcHandler.System.Web.IHttpAsyncHandler.EndProcessRequest(IAsyncResult result)
   at System.Web.HttpApplication.CallHandlerExecutionStep.System.Web.HttpApplication.IExecutionStep.Execute()
   at System.Web.HttpApplication.ExecuteStepImpl(IExecutionStep step)
   at System.Web.HttpApplication.ExecuteStep(IExecutionStep step, Boolean& completedSynchronously)
2021-03-12 15:08:04,120 => INFO  NA.PMS.Common.Logger.LogService.LogInformation():24 - Executing Action: Login on Controller: Account For User : .
2021-03-12 15:08:33,176 => INFO  NA.PMS.Common.Logger.LogService.LogInformation():24 - Executed Action: Login on Controller: Account For User : .
2021-03-12 15:08:33,281 => ERROR NA.PMS.Common.Logger.LogService.LogError():97 - Global Exception
System.Data.Entity.Core.EntityException: The underlying provider failed on Open. ---> System.Data.SqlClient.SqlException: A network-related or instance-specific error occurred while establishing a connection to SQL Server. The server was not found or was not accessible. Verify that the instance name is correct and that SQL Server is configured to allow remote connections. (provider: Named Pipes Provider, error: 40 - Could not open a connection to SQL Server) ---> System.ComponentModel.Win32Exception: The network path was not found
   --- End of inner exception stack trace ---
   at System.Data.SqlClient.SqlInternalConnectionTds..ctor(DbConnectionPoolIdentity identity, SqlConnectionString connectionOptions, SqlCredential credential, Object providerInfo, String newPassword, SecureString newSecurePassword, Boolean redirectedUserInstance, SqlConnectionString userConnectionOptions, SessionData reconnectSessionData, DbConnectionPool pool, String accessToken, Boolean applyTransientFaultHandling, SqlAuthenticationProviderManager sqlAuthProviderManager)
   at System.Data.SqlClient.SqlConnectionFactory.CreateConnection(DbConnectionOptions options, DbConnectionPoolKey poolKey, Object poolGroupProviderInfo, DbConnectionPool pool, DbConnection owningConnection, DbConnectionOptions userOptions)
   at System.Data.ProviderBase.DbConnectionFactory.CreatePooledConnection(DbConnectionPool pool, DbConnection owningObject, DbConnectionOptions options, DbConnectionPoolKey poolKey, DbConnectionOptions userOptions)
   at System.Data.ProviderBase.DbConnectionPool.CreateObject(DbConnection owningObject, DbConnectionOptions userOptions, DbConnectionInternal oldConnection)
   at System.Data.ProviderBase.DbConnectionPool.UserCreateRequest(DbConnection owningObject, DbConnectionOptions userOptions, DbConnectionInternal oldConnection)
   at System.Data.ProviderBase.DbConnectionPool.TryGetConnection(DbConnection owningObject, UInt32 waitForMultipleObjectsTimeout, Boolean allowCreate, Boolean onlyOneCheckConnection, DbConnectionOptions userOptions, DbConnectionInternal& connection)
   at System.Data.ProviderBase.DbConnectionPool.TryGetConnection(DbConnection owningObject, TaskCompletionSource`1 retry, DbConnectionOptions userOptions, DbConnectionInternal& connection)
   at System.Data.ProviderBase.DbConnectionFactory.TryGetConnection(DbConnection owningConnection, TaskCompletionSource`1 retry, DbConnectionOptions userOptions, DbConnectionInternal oldConnection, DbConnectionInternal& connection)
   at System.Data.ProviderBase.DbConnectionInternal.TryOpenConnectionInternal(DbConnection outerConnection, DbConnectionFactory connectionFactory, TaskCompletionSource`1 retry, DbConnectionOptions userOptions)
   at System.Data.ProviderBase.DbConnectionClosed.TryOpenConnection(DbConnection outerConnection, DbConnectionFactory connectionFactory, TaskCompletionSource`1 retry, DbConnectionOptions userOptions)
   at System.Data.SqlClient.SqlConnection.TryOpenInner(TaskCompletionSource`1 retry)
   at System.Data.SqlClient.SqlConnection.TryOpen(TaskCompletionSource`1 retry)
   at System.Data.SqlClient.SqlConnection.Open()
   at System.Data.Entity.Infrastructure.Interception.DbConnectionDispatcher.<Open>b__36(DbConnection t, DbConnectionInterceptionContext c)
   at System.Data.Entity.Infrastructure.Interception.InternalDispatcher`1.Dispatch[TTarget,TInterceptionContext](TTarget target, Action`2 operation, TInterceptionContext interceptionContext, Action`3 executing, Action`3 executed)
   at System.Data.Entity.Infrastructure.Interception.DbConnectionDispatcher.Open(DbConnection connection, DbInterceptionContext interceptionContext)
   at System.Data.Entity.Core.EntityClient.EntityConnection.<Open>b__2()
   at System.Data.Entity.SqlServer.DefaultSqlExecutionStrategy.<>c__DisplayClass1.<Execute>b__0()
   at System.Data.Entity.SqlServer.DefaultSqlExecutionStrategy.Execute[TResult](Func`1 operation)
   at System.Data.Entity.SqlServer.DefaultSqlExecutionStrategy.Execute(Action operation)
   at System.Data.Entity.Core.EntityClient.EntityConnection.Open()
   --- End of inner exception stack trace ---
   at System.Data.Entity.Core.EntityClient.EntityConnection.Open()
   at System.Data.Entity.Core.Objects.ObjectContext.EnsureConnection(Boolean shouldMonitorTransactions)
   at System.Data.Entity.Core.Objects.ObjectContext.ExecuteInTransaction[T](Func`1 func, IDbExecutionStrategy executionStrategy, Boolean startLocalTransaction, Boolean releaseConnectionOnSuccess)
   at System.Data.Entity.Core.Objects.ObjectQuery`1.<>c__DisplayClass7.<GetResults>b__5()
   at System.Data.Entity.SqlServer.DefaultSqlExecutionStrategy.Execute[TResult](Func`1 operation)
   at System.Data.Entity.Core.Objects.ObjectQuery`1.GetResults(Nullable`1 forMergeOption)
   at System.Data.Entity.Core.Objects.ObjectQuery`1.<System.Collections.Generic.IEnumerable<T>.GetEnumerator>b__0()
   at System.Data.Entity.Internal.LazyEnumerator`1.MoveNext()
   at System.Linq.Enumerable.FirstOrDefault[TSource](IEnumerable`1 source)
   at System.Data.Entity.Core.Objects.ELinq.ObjectQueryProvider.<GetElementFunction>b__1[TResult](IEnumerable`1 sequence)
   at System.Data.Entity.Core.Objects.ELinq.ObjectQueryProvider.ExecuteSingle[TResult](IEnumerable`1 query, Expression queryRoot)
   at System.Data.Entity.Core.Objects.ELinq.ObjectQueryProvider.System.Linq.IQueryProvider.Execute[TResult](Expression expression)
   at System.Data.Entity.Internal.Linq.DbQueryProvider.Execute[TResult](Expression expression)
   at System.Linq.Queryable.FirstOrDefault[TSource](IQueryable`1 source, Expression`1 predicate)
   at NA.PMS.Repository.LoginRepository.ValidateUser(String userName, String password) in d:\TFSProject\NoidaAuthority\Source\NA.PMS\NA.PMS.Repository\Login\LoginRepository.cs:line 54
   at NA.PMS.Service.LoginService.ValidateUser(String userName, String password) in d:\TFSProject\NoidaAuthority\Source\NA.PMS\NA.PMS.Service\Login\LoginService.cs:line 28
   at NA.PMS.Web.Controllers.Common.PMSMembershipProvider.ValidateUser(String username, String password) in d:\TFSProject\NoidaAuthority\Source\NA.PMS\NA.PMS.Web\Controllers\Common\PMSMembershipProvider.cs:line 167
   at System.Web.Security.Membership.ValidateUser(String username, String password)
   at NA.PMS.Web.Controllers.AccountController.<Login>d__2.MoveNext() in d:\TFSProject\NoidaAuthority\Source\NA.PMS\NA.PMS.Web\Controllers\AccountController.cs:line 175
--- End of stack trace from previous location where exception was thrown ---
   at System.Runtime.CompilerServices.TaskAwaiter.ThrowForNonSuccess(Task task)
   at System.Runtime.CompilerServices.TaskAwaiter.HandleNonSuccessAndDebuggerNotification(Task task)
   at System.Runtime.CompilerServices.TaskAwaiter.GetResult()
   at System.Threading.Tasks.TaskHelpersExtensions.ThrowIfFaulted(Task task)
   at System.Web.Mvc.Async.TaskAsyncActionDescriptor.EndExecute(IAsyncResult asyncResult)
   at System.Web.Mvc.Async.AsyncControllerActionInvoker.<>c__DisplayClass37.<BeginInvokeAsynchronousActionMethod>b__36(IAsyncResult asyncResult)
   at System.Web.Mvc.Async.AsyncResultWrapper.WrappedAsyncResult`1.CallEndDelegate(IAsyncResult asyncResult)
   at System.Web.Mvc.Async.AsyncResultWrapper.WrappedAsyncResultBase`1.End()
   at System.Web.Mvc.Async.AsyncResultWrapper.End[TResult](IAsyncResult asyncResult, Object tag)
   at System.Web.Mvc.Async.AsyncControllerActionInvoker.EndInvokeActionMethod(IAsyncResult asyncResult)
   at System.Web.Mvc.Async.AsyncControllerActionInvoker.AsyncInvocationWithFilters.<InvokeActionMethodFilterAsynchronouslyRecursive>b__3d()
   at System.Web.Mvc.Async.AsyncControllerActionInvoker.AsyncInvocationWithFilters.<>c__DisplayClass46.<InvokeActionMethodFilterAsynchronouslyRecursive>b__3f()
   at System.Web.Mvc.Async.AsyncControllerActionInvoker.AsyncInvocationWithFilters.<>c__DisplayClass46.<InvokeActionMethodFilterAsynchronouslyRecursive>b__3f()
   at System.Web.Mvc.Async.AsyncControllerActionInvoker.<>c__DisplayClass33.<BeginInvokeActionMethodWithFilters>b__32(IAsyncResult asyncResult)
   at System.Web.Mvc.Async.AsyncResultWrapper.WrappedAsyncResult`1.CallEndDelegate(IAsyncResult asyncResult)
   at System.Web.Mvc.Async.AsyncResultWrapper.WrappedAsyncResultBase`1.End()
   at System.Web.Mvc.Async.AsyncResultWrapper.End[TResult](IAsyncResult asyncResult, Object tag)
   at System.Web.Mvc.Async.AsyncControllerActionInvoker.EndInvokeActionMethodWithFilters(IAsyncResult asyncResult)
   at System.Web.Mvc.Async.AsyncControllerActionInvoker.<>c__DisplayClass21.<>c__DisplayClass2b.<BeginInvokeAction>b__1c()
   at System.Web.Mvc.Async.AsyncControllerActionInvoker.<>c__DisplayClass21.<BeginInvokeAction>b__1e(IAsyncResult asyncResult)
   at System.Web.Mvc.Async.AsyncResultWrapper.WrappedAsyncResult`1.CallEndDelegate(IAsyncResult asyncResult)
   at System.Web.Mvc.Async.AsyncResultWrapper.WrappedAsyncResultBase`1.End()
   at System.Web.Mvc.Async.AsyncResultWrapper.End[TResult](IAsyncResult asyncResult, Object tag)
   at System.Web.Mvc.Async.AsyncControllerActionInvoker.EndInvokeAction(IAsyncResult asyncResult)
   at System.Web.Mvc.Controller.<BeginExecuteCore>b__1d(IAsyncResult asyncResult, ExecuteCoreState innerState)
   at System.Web.Mvc.Async.AsyncResultWrapper.WrappedAsyncVoid`1.CallEndDelegate(IAsyncResult asyncResult)
   at System.Web.Mvc.Async.AsyncResultWrapper.WrappedAsyncResultBase`1.End()
   at System.Web.Mvc.Async.AsyncResultWrapper.End[TResult](IAsyncResult asyncResult, Object tag)
   at System.Web.Mvc.Async.AsyncResultWrapper.End(IAsyncResult asyncResult, Object tag)
   at System.Web.Mvc.Controller.EndExecuteCore(IAsyncResult asyncResult)
   at System.Web.Mvc.Controller.<BeginExecute>b__15(IAsyncResult asyncResult, Controller controller)
   at System.Web.Mvc.Async.AsyncResultWrapper.WrappedAsyncVoid`1.CallEndDelegate(IAsyncResult asyncResult)
   at System.Web.Mvc.Async.AsyncResultWrapper.WrappedAsyncResultBase`1.End()
   at System.Web.Mvc.Async.AsyncResultWrapper.End[TResult](IAsyncResult asyncResult, Object tag)
   at System.Web.Mvc.Async.AsyncResultWrapper.End(IAsyncResult asyncResult, Object tag)
   at System.Web.Mvc.Controller.EndExecute(IAsyncResult asyncResult)
   at System.Web.Mvc.Controller.System.Web.Mvc.Async.IAsyncController.EndExecute(IAsyncResult asyncResult)
   at System.Web.Mvc.MvcHandler.<BeginProcessRequest>b__5(IAsyncResult asyncResult, ProcessRequestState innerState)
   at System.Web.Mvc.Async.AsyncResultWrapper.WrappedAsyncVoid`1.CallEndDelegate(IAsyncResult asyncResult)
   at System.Web.Mvc.Async.AsyncResultWrapper.WrappedAsyncResultBase`1.End()
   at System.Web.Mvc.Async.AsyncResultWrapper.End[TResult](IAsyncResult asyncResult, Object tag)
   at System.Web.Mvc.Async.AsyncResultWrapper.End(IAsyncResult asyncResult, Object tag)
   at System.Web.Mvc.MvcHandler.EndProcessRequest(IAsyncResult asyncResult)
   at System.Web.Mvc.MvcHandler.System.Web.IHttpAsyncHandler.EndProcessRequest(IAsyncResult result)
   at System.Web.HttpApplication.CallHandlerExecutionStep.System.Web.HttpApplication.IExecutionStep.Execute()
   at System.Web.HttpApplication.ExecuteStepImpl(IExecutionStep step)
   at System.Web.HttpApplication.ExecuteStep(IExecutionStep step, Boolean& completedSynchronously)
2021-03-12 15:09:02,962 => INFO  NA.PMS.Common.Logger.LogService.LogInformation():24 - Executing Action: Login on Controller: Account For User : .
2021-03-12 15:09:32,079 => INFO  NA.PMS.Common.Logger.LogService.LogInformation():24 - Executed Action: Login on Controller: Account For User : .
2021-03-12 15:09:32,188 => ERROR NA.PMS.Common.Logger.LogService.LogError():97 - Global Exception
System.Data.Entity.Core.EntityException: The underlying provider failed on Open. ---> System.Data.SqlClient.SqlException: A network-related or instance-specific error occurred while establishing a connection to SQL Server. The server was not found or was not accessible. Verify that the instance name is correct and that SQL Server is configured to allow remote connections. (provider: Named Pipes Provider, error: 40 - Could not open a connection to SQL Server) ---> System.ComponentModel.Win32Exception: The network path was not found
   --- End of inner exception stack trace ---
   at System.Data.SqlClient.SqlInternalConnectionTds..ctor(DbConnectionPoolIdentity identity, SqlConnectionString connectionOptions, SqlCredential credential, Object providerInfo, String newPassword, SecureString newSecurePassword, Boolean redirectedUserInstance, SqlConnectionString userConnectionOptions, SessionData reconnectSessionData, DbConnectionPool pool, String accessToken, Boolean applyTransientFaultHandling, SqlAuthenticationProviderManager sqlAuthProviderManager)
   at System.Data.SqlClient.SqlConnectionFactory.CreateConnection(DbConnectionOptions options, DbConnectionPoolKey poolKey, Object poolGroupProviderInfo, DbConnectionPool pool, DbConnection owningConnection, DbConnectionOptions userOptions)
   at System.Data.ProviderBase.DbConnectionFactory.CreatePooledConnection(DbConnectionPool pool, DbConnection owningObject, DbConnectionOptions options, DbConnectionPoolKey poolKey, DbConnectionOptions userOptions)
   at System.Data.ProviderBase.DbConnectionPool.CreateObject(DbConnection owningObject, DbConnectionOptions userOptions, DbConnectionInternal oldConnection)
   at System.Data.ProviderBase.DbConnectionPool.UserCreateRequest(DbConnection owningObject, DbConnectionOptions userOptions, DbConnectionInternal oldConnection)
   at System.Data.ProviderBase.DbConnectionPool.TryGetConnection(DbConnection owningObject, UInt32 waitForMultipleObjectsTimeout, Boolean allowCreate, Boolean onlyOneCheckConnection, DbConnectionOptions userOptions, DbConnectionInternal& connection)
   at System.Data.ProviderBase.DbConnectionPool.TryGetConnection(DbConnection owningObject, TaskCompletionSource`1 retry, DbConnectionOptions userOptions, DbConnectionInternal& connection)
   at System.Data.ProviderBase.DbConnectionFactory.TryGetConnection(DbConnection owningConnection, TaskCompletionSource`1 retry, DbConnectionOptions userOptions, DbConnectionInternal oldConnection, DbConnectionInternal& connection)
   at System.Data.ProviderBase.DbConnectionInternal.TryOpenConnectionInternal(DbConnection outerConnection, DbConnectionFactory connectionFactory, TaskCompletionSource`1 retry, DbConnectionOptions userOptions)
   at System.Data.ProviderBase.DbConnectionClosed.TryOpenConnection(DbConnection outerConnection, DbConnectionFactory connectionFactory, TaskCompletionSource`1 retry, DbConnectionOptions userOptions)
   at System.Data.SqlClient.SqlConnection.TryOpenInner(TaskCompletionSource`1 retry)
   at System.Data.SqlClient.SqlConnection.TryOpen(TaskCompletionSource`1 retry)
   at System.Data.SqlClient.SqlConnection.Open()
   at System.Data.Entity.Infrastructure.Interception.DbConnectionDispatcher.<Open>b__36(DbConnection t, DbConnectionInterceptionContext c)
   at System.Data.Entity.Infrastructure.Interception.InternalDispatcher`1.Dispatch[TTarget,TInterceptionContext](TTarget target, Action`2 operation, TInterceptionContext interceptionContext, Action`3 executing, Action`3 executed)
   at System.Data.Entity.Infrastructure.Interception.DbConnectionDispatcher.Open(DbConnection connection, DbInterceptionContext interceptionContext)
   at System.Data.Entity.Core.EntityClient.EntityConnection.<Open>b__2()
   at System.Data.Entity.SqlServer.DefaultSqlExecutionStrategy.<>c__DisplayClass1.<Execute>b__0()
   at System.Data.Entity.SqlServer.DefaultSqlExecutionStrategy.Execute[TResult](Func`1 operation)
   at System.Data.Entity.SqlServer.DefaultSqlExecutionStrategy.Execute(Action operation)
   at System.Data.Entity.Core.EntityClient.EntityConnection.Open()
   --- End of inner exception stack trace ---
   at System.Data.Entity.Core.EntityClient.EntityConnection.Open()
   at System.Data.Entity.Core.Objects.ObjectContext.EnsureConnection(Boolean shouldMonitorTransactions)
   at System.Data.Entity.Core.Objects.ObjectContext.ExecuteInTransaction[T](Func`1 func, IDbExecutionStrategy executionStrategy, Boolean startLocalTransaction, Boolean releaseConnectionOnSuccess)
   at System.Data.Entity.Core.Objects.ObjectQuery`1.<>c__DisplayClass7.<GetResults>b__5()
   at System.Data.Entity.SqlServer.DefaultSqlExecutionStrategy.Execute[TResult](Func`1 operation)
   at System.Data.Entity.Core.Objects.ObjectQuery`1.GetResults(Nullable`1 forMergeOption)
   at System.Data.Entity.Core.Objects.ObjectQuery`1.<System.Collections.Generic.IEnumerable<T>.GetEnumerator>b__0()
   at System.Data.Entity.Internal.LazyEnumerator`1.MoveNext()
   at System.Linq.Enumerable.FirstOrDefault[TSource](IEnumerable`1 source)
   at System.Data.Entity.Core.Objects.ELinq.ObjectQueryProvider.<GetElementFunction>b__1[TResult](IEnumerable`1 sequence)
   at System.Data.Entity.Core.Objects.ELinq.ObjectQueryProvider.ExecuteSingle[TResult](IEnumerable`1 query, Expression queryRoot)
   at System.Data.Entity.Core.Objects.ELinq.ObjectQueryProvider.System.Linq.IQueryProvider.Execute[TResult](Expression expression)
   at System.Data.Entity.Internal.Linq.DbQueryProvider.Execute[TResult](Expression expression)
   at System.Linq.Queryable.FirstOrDefault[TSource](IQueryable`1 source, Expression`1 predicate)
   at NA.PMS.Repository.LoginRepository.ValidateUser(String userName, String password) in d:\TFSProject\NoidaAuthority\Source\NA.PMS\NA.PMS.Repository\Login\LoginRepository.cs:line 54
   at NA.PMS.Service.LoginService.ValidateUser(String userName, String password) in d:\TFSProject\NoidaAuthority\Source\NA.PMS\NA.PMS.Service\Login\LoginService.cs:line 28
   at NA.PMS.Web.Controllers.Common.PMSMembershipProvider.ValidateUser(String username, String password) in d:\TFSProject\NoidaAuthority\Source\NA.PMS\NA.PMS.Web\Controllers\Common\PMSMembershipProvider.cs:line 167
   at System.Web.Security.Membership.ValidateUser(String username, String password)
   at NA.PMS.Web.Controllers.AccountController.<Login>d__2.MoveNext() in d:\TFSProject\NoidaAuthority\Source\NA.PMS\NA.PMS.Web\Controllers\AccountController.cs:line 175
--- End of stack trace from previous location where exception was thrown ---
   at System.Runtime.CompilerServices.TaskAwaiter.ThrowForNonSuccess(Task task)
   at System.Runtime.CompilerServices.TaskAwaiter.HandleNonSuccessAndDebuggerNotification(Task task)
   at System.Runtime.CompilerServices.TaskAwaiter.GetResult()
   at System.Threading.Tasks.TaskHelpersExtensions.ThrowIfFaulted(Task task)
   at System.Web.Mvc.Async.TaskAsyncActionDescriptor.EndExecute(IAsyncResult asyncResult)
   at System.Web.Mvc.Async.AsyncControllerActionInvoker.<>c__DisplayClass37.<BeginInvokeAsynchronousActionMethod>b__36(IAsyncResult asyncResult)
   at System.Web.Mvc.Async.AsyncResultWrapper.WrappedAsyncResult`1.CallEndDelegate(IAsyncResult asyncResult)
   at System.Web.Mvc.Async.AsyncResultWrapper.WrappedAsyncResultBase`1.End()
   at System.Web.Mvc.Async.AsyncResultWrapper.End[TResult](IAsyncResult asyncResult, Object tag)
   at System.Web.Mvc.Async.AsyncControllerActionInvoker.EndInvokeActionMethod(IAsyncResult asyncResult)
   at System.Web.Mvc.Async.AsyncControllerActionInvoker.AsyncInvocationWithFilters.<InvokeActionMethodFilterAsynchronouslyRecursive>b__3d()
   at System.Web.Mvc.Async.AsyncControllerActionInvoker.AsyncInvocationWithFilters.<>c__DisplayClass46.<InvokeActionMethodFilterAsynchronouslyRecursive>b__3f()
   at System.Web.Mvc.Async.AsyncControllerActionInvoker.AsyncInvocationWithFilters.<>c__DisplayClass46.<InvokeActionMethodFilterAsynchronouslyRecursive>b__3f()
   at System.Web.Mvc.Async.AsyncControllerActionInvoker.<>c__DisplayClass33.<BeginInvokeActionMethodWithFilters>b__32(IAsyncResult asyncResult)
   at System.Web.Mvc.Async.AsyncResultWrapper.WrappedAsyncResult`1.CallEndDelegate(IAsyncResult asyncResult)
   at System.Web.Mvc.Async.AsyncResultWrapper.WrappedAsyncResultBase`1.End()
   at System.Web.Mvc.Async.AsyncResultWrapper.End[TResult](IAsyncResult asyncResult, Object tag)
   at System.Web.Mvc.Async.AsyncControllerActionInvoker.EndInvokeActionMethodWithFilters(IAsyncResult asyncResult)
   at System.Web.Mvc.Async.AsyncControllerActionInvoker.<>c__DisplayClass21.<>c__DisplayClass2b.<BeginInvokeAction>b__1c()
   at System.Web.Mvc.Async.AsyncControllerActionInvoker.<>c__DisplayClass21.<BeginInvokeAction>b__1e(IAsyncResult asyncResult)
   at System.Web.Mvc.Async.AsyncResultWrapper.WrappedAsyncResult`1.CallEndDelegate(IAsyncResult asyncResult)
   at System.Web.Mvc.Async.AsyncResultWrapper.WrappedAsyncResultBase`1.End()
   at System.Web.Mvc.Async.AsyncResultWrapper.End[TResult](IAsyncResult asyncResult, Object tag)
   at System.Web.Mvc.Async.AsyncControllerActionInvoker.EndInvokeAction(IAsyncResult asyncResult)
   at System.Web.Mvc.Controller.<BeginExecuteCore>b__1d(IAsyncResult asyncResult, ExecuteCoreState innerState)
   at System.Web.Mvc.Async.AsyncResultWrapper.WrappedAsyncVoid`1.CallEndDelegate(IAsyncResult asyncResult)
   at System.Web.Mvc.Async.AsyncResultWrapper.WrappedAsyncResultBase`1.End()
   at System.Web.Mvc.Async.AsyncResultWrapper.End[TResult](IAsyncResult asyncResult, Object tag)
   at System.Web.Mvc.Async.AsyncResultWrapper.End(IAsyncResult asyncResult, Object tag)
   at System.Web.Mvc.Controller.EndExecuteCore(IAsyncResult asyncResult)
   at System.Web.Mvc.Controller.<BeginExecute>b__15(IAsyncResult asyncResult, Controller controller)
   at System.Web.Mvc.Async.AsyncResultWrapper.WrappedAsyncVoid`1.CallEndDelegate(IAsyncResult asyncResult)
   at System.Web.Mvc.Async.AsyncResultWrapper.WrappedAsyncResultBase`1.End()
   at System.Web.Mvc.Async.AsyncResultWrapper.End[TResult](IAsyncResult asyncResult, Object tag)
   at System.Web.Mvc.Async.AsyncResultWrapper.End(IAsyncResult asyncResult, Object tag)
   at System.Web.Mvc.Controller.EndExecute(IAsyncResult asyncResult)
   at System.Web.Mvc.Controller.System.Web.Mvc.Async.IAsyncController.EndExecute(IAsyncResult asyncResult)
   at System.Web.Mvc.MvcHandler.<BeginProcessRequest>b__5(IAsyncResult asyncResult, ProcessRequestState innerState)
   at System.Web.Mvc.Async.AsyncResultWrapper.WrappedAsyncVoid`1.CallEndDelegate(IAsyncResult asyncResult)
   at System.Web.Mvc.Async.AsyncResultWrapper.WrappedAsyncResultBase`1.End()
   at System.Web.Mvc.Async.AsyncResultWrapper.End[TResult](IAsyncResult asyncResult, Object tag)
   at System.Web.Mvc.Async.AsyncResultWrapper.End(IAsyncResult asyncResult, Object tag)
   at System.Web.Mvc.MvcHandler.EndProcessRequest(IAsyncResult asyncResult)
   at System.Web.Mvc.MvcHandler.System.Web.IHttpAsyncHandler.EndProcessRequest(IAsyncResult result)
   at System.Web.HttpApplication.CallHandlerExecutionStep.System.Web.HttpApplication.IExecutionStep.Execute()
   at System.Web.HttpApplication.ExecuteStepImpl(IExecutionStep step)
   at System.Web.HttpApplication.ExecuteStep(IExecutionStep step, Boolean& completedSynchronously)
2021-03-12 15:10:15,675 => INFO  NA.PMS.Common.Logger.LogService.LogInformation():24 - Executing Action: Login on Controller: Account For User : .
2021-03-12 15:10:15,687 => INFO  NA.PMS.Common.Logger.LogService.LogInformation():24 - Executed Action: Login on Controller: Account For User : .
2021-03-12 15:10:24,878 => INFO  NA.PMS.Common.Logger.LogService.LogInformation():24 - Executing Action: Login on Controller: Account For User : .
2021-03-12 15:10:28,442 => INFO  NA.PMS.Common.Logger.LogService.LogInformation():24 - Executed Action: Login on Controller: Account For User : .
2021-03-12 15:10:28,466 => INFO  NA.PMS.Common.Logger.LogService.LogInformation():24 - Executing Action: Login on Controller: Account For User : svamadmin.
2021-03-12 15:10:28,480 => INFO  NA.PMS.Common.Logger.LogService.LogInformation():24 - Executed Action: Login on Controller: Account For User : svamadmin.
2021-03-12 15:10:32,124 => INFO  NA.PMS.Common.Logger.LogService.LogInformation():24 - Executing Action: LoginAfterVerifyOTP on Controller: Account For User : svamadmin.
2021-03-12 15:10:34,010 => INFO  NA.PMS.Common.Logger.LogService.LogInformation():24 - Executed Action: LoginAfterVerifyOTP on Controller: Account For User : svamadmin.
2021-03-12 15:10:35,760 => INFO  NA.PMS.Common.Logger.LogService.LogInformation():24 - Executing Action: Login on Controller: Account For User : svamadmin.
2021-03-12 15:10:35,805 => INFO  NA.PMS.Common.Logger.LogService.LogInformation():24 - Executed Action: Login on Controller: Account For User : svamadmin.
2021-03-12 15:11:38,525 => INFO  NA.PMS.Common.Logger.LogService.LogInformation():24 - Executing Action: Login on Controller: Account For User : svamadmin.
2021-03-12 15:11:38,553 => INFO  NA.PMS.Common.Logger.LogService.LogInformation():24 - Executed Action: Login on Controller: Account For User : svamadmin.
2021-03-12 15:11:49,527 => INFO  NA.PMS.Common.Logger.LogService.LogInformation():24 - Executing Action: LoginAfterVerifyOTP on Controller: Account For User : svamadmin.
2021-03-12 15:12:27,732 => INFO  NA.PMS.Common.Logger.LogService.LogInformation():24 - Executed Action: LoginAfterVerifyOTP on Controller: Account For User : svamadmin.
2021-03-12 15:12:28,184 => INFO  NA.PMS.Common.Logger.LogService.LogInformation():24 - Executing Action: Login on Controller: Account For User : svamadmin.
2021-03-12 15:12:28,256 => INFO  NA.PMS.Common.Logger.LogService.LogInformation():24 - Executed Action: Login on Controller: Account For User : svamadmin.
2021-03-12 15:12:46,300 => INFO  NA.PMS.Common.Logger.LogService.LogInformation():24 - Executing Action: Login on Controller: Account For User : svamadmin.
2021-03-12 15:12:46,344 => INFO  NA.PMS.Common.Logger.LogService.LogInformation():24 - Executed Action: Login on Controller: Account For User : svamadmin.
2021-03-12 15:12:55,338 => INFO  NA.PMS.Common.Logger.LogService.LogInformation():24 - Executing Action: SetVariable on Controller: Account For User : svamadmin.
2021-03-12 15:12:55,350 => INFO  NA.PMS.Common.Logger.LogService.LogInformation():24 - Executed Action: SetVariable on Controller: Account For User : svamadmin.
2021-03-12 15:13:10,843 => INFO  NA.PMS.Common.Logger.LogService.LogInformation():24 - Executing Action: Login on Controller: Account For User : svamadmin.
2021-03-12 15:13:11,569 => INFO  NA.PMS.Common.Logger.LogService.LogInformation():24 - Executed Action: Login on Controller: Account For User : svamadmin.
2021-03-12 15:13:11,589 => INFO  NA.PMS.Common.Logger.LogService.LogInformation():24 - Executing Action: Login on Controller: Account For User : skumar.
2021-03-12 15:13:11,606 => INFO  NA.PMS.Common.Logger.LogService.LogInformation():24 - Executed Action: Login on Controller: Account For User : skumar.
2021-03-12 15:13:14,604 => INFO  NA.PMS.Common.Logger.LogService.LogInformation():24 - Executing Action: LoginAfterVerifyOTP on Controller: Account For User : skumar.
2021-03-12 15:13:16,432 => INFO  NA.PMS.Common.Logger.LogService.LogInformation():24 - Executed Action: LoginAfterVerifyOTP on Controller: Account For User : skumar.
2021-03-12 15:13:18,204 => INFO  NA.PMS.Common.Logger.LogService.LogInformation():24 - Executing Action: Login on Controller: Account For User : skumar.
2021-03-12 15:13:18,233 => INFO  NA.PMS.Common.Logger.LogService.LogInformation():24 - Executed Action: Login on Controller: Account For User : skumar.
2021-03-12 15:13:19,139 => INFO  NA.PMS.Common.Logger.LogService.LogInformation():24 - Executing Action: GetDepartmentForAdvanceSearch on Controller: PropertyAllotment For User : skumar.
2021-03-12 15:13:19,231 => INFO  NA.PMS.Common.Logger.LogService.LogInformation():24 - Executed Action: GetDepartmentForAdvanceSearch on Controller: PropertyAllotment For User : skumar.
2021-03-12 15:13:36,742 => INFO  NA.PMS.Common.Logger.LogService.LogInformation():24 - Executing Action: CheckDataForAdvanceSearch on Controller: PropertyAllotment For User : skumar.
2021-03-12 15:13:38,171 => INFO  NA.PMS.Common.Logger.LogService.LogInformation():24 - Executed Action: CheckDataForAdvanceSearch on Controller: PropertyAllotment For User : skumar.
2021-03-12 15:13:38,655 => INFO  NA.PMS.Common.Logger.LogService.LogInformation():24 - Executing Action: AllotmentMaster on Controller: PropertyAllotment For User : skumar.
2021-03-12 15:13:38,670 => INFO  NA.PMS.Common.Logger.LogService.LogInformation():24 - Executed Action: AllotmentMaster on Controller: PropertyAllotment For User : skumar.
2021-03-12 15:13:47,611 => INFO  NA.PMS.Common.Logger.LogService.LogInformation():24 - Executing Action: CheckDataForAdvanceSearch on Controller: PropertyAllotment For User : skumar.
2021-03-12 15:13:48,697 => INFO  NA.PMS.Common.Logger.LogService.LogInformation():24 - Executed Action: CheckDataForAdvanceSearch on Controller: PropertyAllotment For User : skumar.
2021-03-12 15:13:49,214 => INFO  NA.PMS.Common.Logger.LogService.LogInformation():24 - Executing Action: GetDepartmentForAdvanceSearch on Controller: PropertyAllotment For User : skumar.
2021-03-12 15:13:49,284 => INFO  NA.PMS.Common.Logger.LogService.LogInformation():24 - Executed Action: GetDepartmentForAdvanceSearch on Controller: PropertyAllotment For User : skumar.
2021-03-12 15:13:49,809 => INFO  NA.PMS.Common.Logger.LogService.LogInformation():24 - Executing Action: AdvanceSearchForAllottedProperty on Controller: PropertyAllotment For User : skumar.
2021-03-12 15:13:51,356 => INFO  NA.PMS.Common.Logger.LogService.LogInformation():24 - Executed Action: AdvanceSearchForAllottedProperty on Controller: PropertyAllotment For User : skumar.
2021-03-12 15:14:19,975 => INFO  NA.PMS.Common.Logger.LogService.LogInformation():24 - Executing Action: AdvanceSearchForAllottedProperty on Controller: PropertyAllotment For User : skumar.
2021-03-12 15:14:42,346 => INFO  NA.PMS.Common.Logger.LogService.LogInformation():24 - Executed Action: AdvanceSearchForAllottedProperty on Controller: PropertyAllotment For User : skumar.
2021-03-12 15:14:43,334 => INFO  NA.PMS.Common.Logger.LogService.LogInformation():24 - Executing Action: AdvanceSearchForAllottedProperty on Controller: PropertyAllotment For User : skumar.
2021-03-12 15:15:07,205 => INFO  NA.PMS.Common.Logger.LogService.LogInformation():24 - Executed Action: AdvanceSearchForAllottedProperty on Controller: PropertyAllotment For User : skumar.
2021-03-12 15:15:10,411 => INFO  NA.PMS.Common.Logger.LogService.LogInformation():24 - Executing Action: PropertyDetails on Controller: PropertyAllotment  For User : skumar Given Route: 90100464.
2021-03-12 15:15:11,961 => INFO  NA.PMS.Common.Logger.LogService.LogInformation():24 - Executed Action: PropertyDetails on Controller: PropertyAllotment For User : skumar Given Route: 90100464.
2021-03-12 15:15:36,624 => INFO  NA.PMS.Common.Logger.LogService.LogInformation():24 - Executing Action: GetApplicantDetails on Controller: Allotment For User : skumar.
2021-03-12 15:15:37,165 => INFO  NA.PMS.Common.Logger.LogService.LogInformation():24 - Executed Action: GetApplicantDetails on Controller: Allotment For User : skumar.
2021-03-12 15:15:37,492 => INFO  NA.PMS.Common.Logger.LogService.LogInformation():24 - Executing Action: GetPaymentReschedule on Controller: PropertyAllotment For User : skumar.
2021-03-12 15:15:37,690 => INFO  NA.PMS.Common.Logger.LogService.LogInformation():24 - Executed Action: GetPaymentReschedule on Controller: PropertyAllotment For User : skumar.
2021-03-12 15:15:38,035 => INFO  NA.PMS.Common.Logger.LogService.LogInformation():24 - Executing Action: GetReceiptSchedule on Controller: PropertyAllotment For User : skumar.
2021-03-12 15:15:38,654 => INFO  NA.PMS.Common.Logger.LogService.LogInformation():24 - Executed Action: GetReceiptSchedule on Controller: PropertyAllotment For User : skumar.
2021-03-12 15:15:38,832 => INFO  NA.PMS.Common.Logger.LogService.LogInformation():24 - Executing Action: GetMultiplePaymentStatusList on Controller: Payment For User : skumar.
2021-03-12 15:15:40,370 => INFO  NA.PMS.Common.Logger.LogService.LogInformation():24 - Executed Action: GetMultiplePaymentStatusList on Controller: Payment For User : skumar.
2021-03-12 15:15:40,535 => INFO  NA.PMS.Common.Logger.LogService.LogInformation():24 - Executing Action: GetLeaseRentDetailsByIdAndProcedure on Controller: Payment For User : skumar.
2021-03-12 15:15:40,915 => INFO  NA.PMS.Common.Logger.LogService.LogInformation():24 - Executed Action: GetLeaseRentDetailsByIdAndProcedure on Controller: Payment For User : skumar.
2021-03-12 15:15:41,056 => INFO  NA.PMS.Common.Logger.LogService.LogInformation():24 - Executing Action: GetLeaseRentTransDetails on Controller: Payment For User : skumar.
2021-03-12 15:15:41,242 => INFO  NA.PMS.Common.Logger.LogService.LogInformation():24 - Executed Action: GetLeaseRentTransDetails on Controller: Payment For User : skumar.
2021-03-12 15:15:41,579 => INFO  NA.PMS.Common.Logger.LogService.LogInformation():24 - Executing Action: GetScheduleDetailsForAllottedProperty on Controller: PropertyAllotment For User : skumar.
2021-03-12 15:15:43,266 => INFO  NA.PMS.Common.Logger.LogService.LogInformation():24 - Executed Action: GetScheduleDetailsForAllottedProperty on Controller: PropertyAllotment For User : skumar.
2021-03-12 15:15:43,578 => INFO  NA.PMS.Common.Logger.LogService.LogInformation():24 - Executing Action: GetPaymentLedger on Controller: PropertyAllotment For User : skumar.
2021-03-12 15:15:55,672 => INFO  NA.PMS.Common.Logger.LogService.LogInformation():24 - Executed Action: GetPaymentLedger on Controller: PropertyAllotment For User : skumar.
2021-03-12 15:15:55,992 => INFO  NA.PMS.Common.Logger.LogService.LogInformation():24 - Executing Action: GetLetterHistory on Controller: PropertyAllotment For User : skumar.
2021-03-12 15:15:56,077 => INFO  NA.PMS.Common.Logger.LogService.LogInformation():24 - Executed Action: GetLetterHistory on Controller: PropertyAllotment For User : skumar.
2021-03-12 15:15:56,380 => INFO  NA.PMS.Common.Logger.LogService.LogInformation():24 - Executing Action: GetDigitalSingedLetterHistory on Controller: PropertyAllotment For User : skumar.
2021-03-12 15:15:56,503 => INFO  NA.PMS.Common.Logger.LogService.LogInformation():24 - Executed Action: GetDigitalSingedLetterHistory on Controller: PropertyAllotment For User : skumar.
2021-03-12 15:15:57,123 => INFO  NA.PMS.Common.Logger.LogService.LogInformation():24 - Executing Action: GetAssineTo on Controller: Allotment For User : skumar.
2021-03-12 15:15:57,432 => INFO  NA.PMS.Common.Logger.LogService.LogInformation():24 - Executed Action: GetAssineTo on Controller: Allotment For User : skumar.
2021-03-12 15:15:57,784 => INFO  NA.PMS.Common.Logger.LogService.LogInformation():24 - Executing Action: GetPropertyRentListByRid on Controller: PropertyRegistration For User : skumar.
2021-03-12 15:15:58,028 => INFO  NA.PMS.Common.Logger.LogService.LogInformation():24 - Executed Action: GetPropertyRentListByRid on Controller: PropertyRegistration For User : skumar.
2021-03-12 15:15:58,354 => INFO  NA.PMS.Common.Logger.LogService.LogInformation():24 - Executing Action: GetAllMortgageByRid on Controller: PropertyRegistration For User : skumar.
2021-03-12 15:15:58,648 => INFO  NA.PMS.Common.Logger.LogService.LogInformation():24 - Executed Action: GetAllMortgageByRid on Controller: PropertyRegistration For User : skumar.
2021-03-12 15:15:58,982 => INFO  NA.PMS.Common.Logger.LogService.LogInformation():24 - Executing Action: GetExtensionDetailsByRid on Controller: PropertyAllotment For User : skumar.
2021-03-12 15:15:59,479 => INFO  NA.PMS.Common.Logger.LogService.LogInformation():24 - Executed Action: GetExtensionDetailsByRid on Controller: PropertyAllotment For User : skumar.
2021-03-12 15:15:59,794 => INFO  NA.PMS.Common.Logger.LogService.LogInformation():24 - Executing Action: GetSubLeasedProperty on Controller: PropertyAllotment For User : skumar.
2021-03-12 15:16:01,082 => INFO  NA.PMS.Common.Logger.LogService.LogInformation():24 - Executed Action: GetSubLeasedProperty on Controller: PropertyAllotment For User : skumar.
2021-03-12 15:16:01,392 => INFO  NA.PMS.Common.Logger.LogService.LogInformation():24 - Executing Action: GetKYADetails on Controller: PropertyAllotment For User : skumar.
2021-03-12 15:16:01,492 => INFO  NA.PMS.Common.Logger.LogService.LogInformation():24 - Executed Action: GetKYADetails on Controller: PropertyAllotment For User : skumar.
2021-03-12 15:16:01,709 => INFO  NA.PMS.Common.Logger.LogService.LogInformation():24 - Executing Action: GetCustomerServiceRequestListByRid on Controller: ServiceRequest For User : skumar.
2021-03-12 15:16:02,050 => INFO  NA.PMS.Common.Logger.LogService.LogInformation():24 - Executed Action: GetCustomerServiceRequestListByRid on Controller: ServiceRequest For User : skumar.
2021-03-12 15:16:03,252 => INFO  NA.PMS.Common.Logger.LogService.LogInformation():24 - Executing Action: PropertyDetails on Controller: PropertyAllotment  For User : skumar Given Route: undefined.
2021-03-12 15:16:03,313 => INFO  NA.PMS.Common.Logger.LogService.LogInformation():24 - Executed Action: PropertyDetails on Controller: PropertyAllotment For User : skumar Given Route: undefined.
2021-03-12 15:16:03,400 => ERROR NA.PMS.Common.Logger.LogService.LogError():97 - Controller Exception
System.ArgumentException: The parameters dictionary contains a null entry for parameter 'Id' of non-nullable type 'System.Int32' for method 'System.Web.Mvc.ActionResult PropertyDetails(Int32)' in 'NA.PMS.Web.Areas.Property.Controllers.PropertyAllotmentController'. An optional parameter must be a reference type, a nullable type, or be declared as an optional parameter.
Parameter name: parameters
   at System.Web.Mvc.ActionDescriptor.ExtractParameterFromDictionary(ParameterInfo parameterInfo, IDictionary`2 parameters, MethodInfo methodInfo)
   at System.Web.Mvc.ReflectedActionDescriptor.Execute(ControllerContext controllerContext, IDictionary`2 parameters)
   at System.Web.Mvc.ControllerActionInvoker.InvokeActionMethod(ControllerContext controllerContext, ActionDescriptor actionDescriptor, IDictionary`2 parameters)
   at System.Web.Mvc.Async.AsyncControllerActionInvoker.ActionInvocation.InvokeSynchronousActionMethod()
   at System.Web.Mvc.Async.AsyncControllerActionInvoker.<BeginInvokeSynchronousActionMethod>b__39(IAsyncResult asyncResult, ActionInvocation innerInvokeState)
   at System.Web.Mvc.Async.AsyncResultWrapper.WrappedAsyncResult`2.CallEndDelegate(IAsyncResult asyncResult)
   at System.Web.Mvc.Async.AsyncResultWrapper.WrappedAsyncResultBase`1.End()
   at System.Web.Mvc.Async.AsyncResultWrapper.End[TResult](IAsyncResult asyncResult, Object tag)
   at System.Web.Mvc.Async.AsyncControllerActionInvoker.EndInvokeActionMethod(IAsyncResult asyncResult)
   at System.Web.Mvc.Async.AsyncControllerActionInvoker.AsyncInvocationWithFilters.<InvokeActionMethodFilterAsynchronouslyRecursive>b__3d()
   at System.Web.Mvc.Async.AsyncControllerActionInvoker.AsyncInvocationWithFilters.<>c__DisplayClass46.<InvokeActionMethodFilterAsynchronouslyRecursive>b__3f()
   at System.Web.Mvc.Async.AsyncControllerActionInvoker.AsyncInvocationWithFilters.<>c__DisplayClass46.<InvokeActionMethodFilterAsynchronouslyRecursive>b__3f()
   at System.Web.Mvc.Async.AsyncControllerActionInvoker.<>c__DisplayClass33.<BeginInvokeActionMethodWithFilters>b__32(IAsyncResult asyncResult)
   at System.Web.Mvc.Async.AsyncResultWrapper.WrappedAsyncResult`1.CallEndDelegate(IAsyncResult asyncResult)
   at System.Web.Mvc.Async.AsyncResultWrapper.WrappedAsyncResultBase`1.End()
   at System.Web.Mvc.Async.AsyncResultWrapper.End[TResult](IAsyncResult asyncResult, Object tag)
   at System.Web.Mvc.Async.AsyncControllerActionInvoker.EndInvokeActionMethodWithFilters(IAsyncResult asyncResult)
   at System.Web.Mvc.Async.AsyncControllerActionInvoker.<>c__DisplayClass21.<>c__DisplayClass2b.<BeginInvokeAction>b__1c()
   at System.Web.Mvc.Async.AsyncControllerActionInvoker.<>c__DisplayClass21.<BeginInvokeAction>b__1e(IAsyncResult asyncResult)
2021-03-12 15:16:03,448 => ERROR NA.PMS.Common.Logger.LogService.LogError():97 - Global Exception
System.ArgumentException: The parameters dictionary contains a null entry for parameter 'Id' of non-nullable type 'System.Int32' for method 'System.Web.Mvc.ActionResult PropertyDetails(Int32)' in 'NA.PMS.Web.Areas.Property.Controllers.PropertyAllotmentController'. An optional parameter must be a reference type, a nullable type, or be declared as an optional parameter.
Parameter name: parameters
   at System.Web.Mvc.ActionDescriptor.ExtractParameterFromDictionary(ParameterInfo parameterInfo, IDictionary`2 parameters, MethodInfo methodInfo)
   at System.Web.Mvc.ReflectedActionDescriptor.Execute(ControllerContext controllerContext, IDictionary`2 parameters)
   at System.Web.Mvc.ControllerActionInvoker.InvokeActionMethod(ControllerContext controllerContext, ActionDescriptor actionDescriptor, IDictionary`2 parameters)
   at System.Web.Mvc.Async.AsyncControllerActionInvoker.ActionInvocation.InvokeSynchronousActionMethod()
   at System.Web.Mvc.Async.AsyncControllerActionInvoker.<BeginInvokeSynchronousActionMethod>b__39(IAsyncResult asyncResult, ActionInvocation innerInvokeState)
   at System.Web.Mvc.Async.AsyncResultWrapper.WrappedAsyncResult`2.CallEndDelegate(IAsyncResult asyncResult)
   at System.Web.Mvc.Async.AsyncResultWrapper.WrappedAsyncResultBase`1.End()
   at System.Web.Mvc.Async.AsyncResultWrapper.End[TResult](IAsyncResult asyncResult, Object tag)
   at System.Web.Mvc.Async.AsyncControllerActionInvoker.EndInvokeActionMethod(IAsyncResult asyncResult)
   at System.Web.Mvc.Async.AsyncControllerActionInvoker.AsyncInvocationWithFilters.<InvokeActionMethodFilterAsynchronouslyRecursive>b__3d()
   at System.Web.Mvc.Async.AsyncControllerActionInvoker.AsyncInvocationWithFilters.<>c__DisplayClass46.<InvokeActionMethodFilterAsynchronouslyRecursive>b__3f()
   at System.Web.Mvc.Async.AsyncControllerActionInvoker.AsyncInvocationWithFilters.<>c__DisplayClass46.<InvokeActionMethodFilterAsynchronouslyRecursive>b__3f()
   at System.Web.Mvc.Async.AsyncControllerActionInvoker.<>c__DisplayClass33.<BeginInvokeActionMethodWithFilters>b__32(IAsyncResult asyncResult)
   at System.Web.Mvc.Async.AsyncResultWrapper.WrappedAsyncResult`1.CallEndDelegate(IAsyncResult asyncResult)
   at System.Web.Mvc.Async.AsyncResultWrapper.WrappedAsyncResultBase`1.End()
   at System.Web.Mvc.Async.AsyncResultWrapper.End[TResult](IAsyncResult asyncResult, Object tag)
   at System.Web.Mvc.Async.AsyncControllerActionInvoker.EndInvokeActionMethodWithFilters(IAsyncResult asyncResult)
   at System.Web.Mvc.Async.AsyncControllerActionInvoker.<>c__DisplayClass21.<>c__DisplayClass2b.<BeginInvokeAction>b__1c()
   at System.Web.Mvc.Async.AsyncControllerActionInvoker.<>c__DisplayClass21.<BeginInvokeAction>b__1e(IAsyncResult asyncResult)
   at System.Web.Mvc.Async.AsyncResultWrapper.WrappedAsyncResult`1.CallEndDelegate(IAsyncResult asyncResult)
   at System.Web.Mvc.Async.AsyncResultWrapper.WrappedAsyncResultBase`1.End()
   at System.Web.Mvc.Async.AsyncResultWrapper.End[TResult](IAsyncResult asyncResult, Object tag)
   at System.Web.Mvc.Async.AsyncControllerActionInvoker.EndInvokeAction(IAsyncResult asyncResult)
   at System.Web.Mvc.Controller.<BeginExecuteCore>b__1d(IAsyncResult asyncResult, ExecuteCoreState innerState)
   at System.Web.Mvc.Async.AsyncResultWrapper.WrappedAsyncVoid`1.CallEndDelegate(IAsyncResult asyncResult)
   at System.Web.Mvc.Async.AsyncResultWrapper.WrappedAsyncResultBase`1.End()
   at System.Web.Mvc.Async.AsyncResultWrapper.End[TResult](IAsyncResult asyncResult, Object tag)
   at System.Web.Mvc.Async.AsyncResultWrapper.End(IAsyncResult asyncResult, Object tag)
   at System.Web.Mvc.Controller.EndExecuteCore(IAsyncResult asyncResult)
   at System.Web.Mvc.Controller.<BeginExecute>b__15(IAsyncResult asyncResult, Controller controller)
   at System.Web.Mvc.Async.AsyncResultWrapper.WrappedAsyncVoid`1.CallEndDelegate(IAsyncResult asyncResult)
   at System.Web.Mvc.Async.AsyncResultWrapper.WrappedAsyncResultBase`1.End()
   at System.Web.Mvc.Async.AsyncResultWrapper.End[TResult](IAsyncResult asyncResult, Object tag)
   at System.Web.Mvc.Async.AsyncResultWrapper.End(IAsyncResult asyncResult, Object tag)
   at System.Web.Mvc.Controller.EndExecute(IAsyncResult asyncResult)
   at System.Web.Mvc.Controller.System.Web.Mvc.Async.IAsyncController.EndExecute(IAsyncResult asyncResult)
   at System.Web.Mvc.MvcHandler.<BeginProcessRequest>b__5(IAsyncResult asyncResult, ProcessRequestState innerState)
   at System.Web.Mvc.Async.AsyncResultWrapper.WrappedAsyncVoid`1.CallEndDelegate(IAsyncResult asyncResult)
   at System.Web.Mvc.Async.AsyncResultWrapper.WrappedAsyncResultBase`1.End()
   at System.Web.Mvc.Async.AsyncResultWrapper.End[TResult](IAsyncResult asyncResult, Object tag)
   at System.Web.Mvc.Async.AsyncResultWrapper.End(IAsyncResult asyncResult, Object tag)
   at System.Web.Mvc.MvcHandler.EndProcessRequest(IAsyncResult asyncResult)
   at System.Web.Mvc.MvcHandler.System.Web.IHttpAsyncHandler.EndProcessRequest(IAsyncResult result)
   at System.Web.HttpApplication.CallHandlerExecutionStep.System.Web.HttpApplication.IExecutionStep.Execute()
   at System.Web.HttpApplication.ExecuteStepImpl(IExecutionStep step)
   at System.Web.HttpApplication.ExecuteStep(IExecutionStep step, Boolean& completedSynchronously)
2021-03-12 15:16:04,128 => INFO  NA.PMS.Common.Logger.LogService.LogInformation():24 - Executing Action: GetDocumentDetails on Controller: PropertyAllotment For User : skumar.
2021-03-12 15:16:46,646 => INFO  NA.PMS.Common.Logger.LogService.LogInformation():24 - Executed Action: GetDocumentDetails on Controller: PropertyAllotment For User : skumar.
2021-03-12 15:16:47,050 => INFO  NA.PMS.Common.Logger.LogService.LogInformation():24 - Executing Action: GetTransferHistoryDetail on Controller: PropertyRegistration For User : skumar.
2021-03-12 15:16:47,431 => INFO  NA.PMS.Common.Logger.LogService.LogInformation():24 - Executed Action: GetTransferHistoryDetail on Controller: PropertyRegistration For User : skumar.
2021-03-12 15:16:48,031 => INFO  NA.PMS.Common.Logger.LogService.LogInformation():24 - Executing Action: GetPropertyDetails on Controller: Allotment For User : skumar.
2021-03-12 15:16:48,588 => INFO  NA.PMS.Common.Logger.LogService.LogInformation():24 - Executed Action: GetPropertyDetails on Controller: Allotment For User : skumar.
2021-03-12 15:16:49,163 => INFO  NA.PMS.Common.Logger.LogService.LogInformation():24 - Executing Action: PropertyDetails on Controller: PropertyAllotment  For User : skumar Given Route: 90108768.
2021-03-12 15:16:50,637 => INFO  NA.PMS.Common.Logger.LogService.LogInformation():24 - Executed Action: PropertyDetails on Controller: PropertyAllotment For User : skumar Given Route: 90108768.
2021-03-12 15:17:32,282 => ERROR NA.PMS.Common.Logger.LogService.LogError():97 - Controller Exception
System.InvalidOperationException: The model item passed into the dictionary is of type 'NA.PMS.Model.DetailedPropertyView', but this dictionary requires a model item of type 'NA.PMS.Model.AlloteeBasicInfo'.
   at System.Web.Mvc.ViewDataDictionary`1.SetModel(Object value)
   at System.Web.Mvc.ViewDataDictionary.set_Model(Object value)
   at System.Web.Mvc.ViewDataDictionary..ctor(ViewDataDictionary dictionary)
   at System.Web.Mvc.ViewDataDictionary`1..ctor(ViewDataDictionary viewDataDictionary)
   at System.Web.Mvc.WebViewPage`1.SetViewData(ViewDataDictionary viewData)
   at System.Web.Mvc.WebViewPage.set_ViewData(ViewDataDictionary value)
   at System.Web.Mvc.RazorView.RenderView(ViewContext viewContext, TextWriter writer, Object instance)
   at System.Web.Mvc.BuildManagerCompiledView.Render(ViewContext viewContext, TextWriter writer)
   at System.Web.Mvc.HtmlHelper.RenderPartialInternal(String partialViewName, ViewDataDictionary viewData, Object model, TextWriter writer, ViewEngineCollection viewEngineCollection)
   at System.Web.Mvc.Html.RenderPartialExtensions.RenderPartial(HtmlHelper htmlHelper, String partialViewName, Object model)
   at ASP._Page_Areas_Property_Views_PropertyAllotment_PropertyDetails_cshtml.Execute() in d:\TFSProject\NoidaAuthority\Source\NA.PMS\NA.PMS.Web\Areas\Property\Views\PropertyAllotment\PropertyDetails.cshtml:line 280
   at System.Web.WebPages.WebPageBase.ExecutePageHierarchy()
   at System.Web.Mvc.WebViewPage.ExecutePageHierarchy()
   at System.Web.WebPages.WebPageBase.ExecutePageHierarchy(WebPageContext pageContext, TextWriter writer, WebPageRenderingBase startPage)
   at System.Web.Mvc.RazorView.RenderView(ViewContext viewContext, TextWriter writer, Object instance)
   at System.Web.Mvc.BuildManagerCompiledView.Render(ViewContext viewContext, TextWriter writer)
   at System.Web.Mvc.ViewResultBase.ExecuteResult(ControllerContext context)
   at System.Web.Mvc.ControllerActionInvoker.InvokeActionResult(ControllerContext controllerContext, ActionResult actionResult)
   at System.Web.Mvc.ControllerActionInvoker.InvokeActionResultFilterRecursive(IList`1 filters, Int32 filterIndex, ResultExecutingContext preContext, ControllerContext controllerContext, ActionResult actionResult)
   at System.Web.Mvc.ControllerActionInvoker.InvokeActionResultFilterRecursive(IList`1 filters, Int32 filterIndex, ResultExecutingContext preContext, ControllerContext controllerContext, ActionResult actionResult)
   at System.Web.Mvc.ControllerActionInvoker.InvokeActionResultFilterRecursive(IList`1 filters, Int32 filterIndex, ResultExecutingContext preContext, ControllerContext controllerContext, ActionResult actionResult)
   at System.Web.Mvc.ControllerActionInvoker.InvokeActionResultWithFilters(ControllerContext controllerContext, IList`1 filters, ActionResult actionResult)
   at System.Web.Mvc.Async.AsyncControllerActionInvoker.<>c__DisplayClass21.<>c__DisplayClass2b.<BeginInvokeAction>b__1c()
   at System.Web.Mvc.Async.AsyncControllerActionInvoker.<>c__DisplayClass21.<BeginInvokeAction>b__1e(IAsyncResult asyncResult)
2021-03-12 15:17:32,323 => ERROR NA.PMS.Common.Logger.LogService.LogError():97 - Global Exception
System.InvalidOperationException: The model item passed into the dictionary is of type 'NA.PMS.Model.DetailedPropertyView', but this dictionary requires a model item of type 'NA.PMS.Model.AlloteeBasicInfo'.
   at System.Web.Mvc.ViewDataDictionary`1.SetModel(Object value)
   at System.Web.Mvc.ViewDataDictionary.set_Model(Object value)
   at System.Web.Mvc.ViewDataDictionary..ctor(ViewDataDictionary dictionary)
   at System.Web.Mvc.ViewDataDictionary`1..ctor(ViewDataDictionary viewDataDictionary)
   at System.Web.Mvc.WebViewPage`1.SetViewData(ViewDataDictionary viewData)
   at System.Web.Mvc.WebViewPage.set_ViewData(ViewDataDictionary value)
   at System.Web.Mvc.RazorView.RenderView(ViewContext viewContext, TextWriter writer, Object instance)
   at System.Web.Mvc.BuildManagerCompiledView.Render(ViewContext viewContext, TextWriter writer)
   at System.Web.Mvc.HtmlHelper.RenderPartialInternal(String partialViewName, ViewDataDictionary viewData, Object model, TextWriter writer, ViewEngineCollection viewEngineCollection)
   at System.Web.Mvc.Html.RenderPartialExtensions.RenderPartial(HtmlHelper htmlHelper, String partialViewName, Object model)
   at ASP._Page_Areas_Property_Views_PropertyAllotment_PropertyDetails_cshtml.Execute() in d:\TFSProject\NoidaAuthority\Source\NA.PMS\NA.PMS.Web\Areas\Property\Views\PropertyAllotment\PropertyDetails.cshtml:line 280
   at System.Web.WebPages.WebPageBase.ExecutePageHierarchy()
   at System.Web.Mvc.WebViewPage.ExecutePageHierarchy()
   at System.Web.WebPages.WebPageBase.ExecutePageHierarchy(WebPageContext pageContext, TextWriter writer, WebPageRenderingBase startPage)
   at System.Web.Mvc.RazorView.RenderView(ViewContext viewContext, TextWriter writer, Object instance)
   at System.Web.Mvc.BuildManagerCompiledView.Render(ViewContext viewContext, TextWriter writer)
   at System.Web.Mvc.ViewResultBase.ExecuteResult(ControllerContext context)
   at System.Web.Mvc.ControllerActionInvoker.InvokeActionResult(ControllerContext controllerContext, ActionResult actionResult)
   at System.Web.Mvc.ControllerActionInvoker.InvokeActionResultFilterRecursive(IList`1 filters, Int32 filterIndex, ResultExecutingContext preContext, ControllerContext controllerContext, ActionResult actionResult)
   at System.Web.Mvc.ControllerActionInvoker.InvokeActionResultFilterRecursive(IList`1 filters, Int32 filterIndex, ResultExecutingContext preContext, ControllerContext controllerContext, ActionResult actionResult)
   at System.Web.Mvc.ControllerActionInvoker.InvokeActionResultFilterRecursive(IList`1 filters, Int32 filterIndex, ResultExecutingContext preContext, ControllerContext controllerContext, ActionResult actionResult)
   at System.Web.Mvc.ControllerActionInvoker.InvokeActionResultWithFilters(ControllerContext controllerContext, IList`1 filters, ActionResult actionResult)
   at System.Web.Mvc.Async.AsyncControllerActionInvoker.<>c__DisplayClass21.<>c__DisplayClass2b.<BeginInvokeAction>b__1c()
   at System.Web.Mvc.Async.AsyncControllerActionInvoker.<>c__DisplayClass21.<BeginInvokeAction>b__1e(IAsyncResult asyncResult)
   at System.Web.Mvc.Async.AsyncResultWrapper.WrappedAsyncResult`1.CallEndDelegate(IAsyncResult asyncResult)
   at System.Web.Mvc.Async.AsyncResultWrapper.WrappedAsyncResultBase`1.End()
   at System.Web.Mvc.Async.AsyncResultWrapper.End[TResult](IAsyncResult asyncResult, Object tag)
   at System.Web.Mvc.Async.AsyncControllerActionInvoker.EndInvokeAction(IAsyncResult asyncResult)
   at System.Web.Mvc.Controller.<BeginExecuteCore>b__1d(IAsyncResult asyncResult, ExecuteCoreState innerState)
   at System.Web.Mvc.Async.AsyncResultWrapper.WrappedAsyncVoid`1.CallEndDelegate(IAsyncResult asyncResult)
   at System.Web.Mvc.Async.AsyncResultWrapper.WrappedAsyncResultBase`1.End()
   at System.Web.Mvc.Async.AsyncResultWrapper.End[TResult](IAsyncResult asyncResult, Object tag)
   at System.Web.Mvc.Async.AsyncResultWrapper.End(IAsyncResult asyncResult, Object tag)
   at System.Web.Mvc.Controller.EndExecuteCore(IAsyncResult asyncResult)
   at System.Web.Mvc.Controller.<BeginExecute>b__15(IAsyncResult asyncResult, Controller controller)
   at System.Web.Mvc.Async.AsyncResultWrapper.WrappedAsyncVoid`1.CallEndDelegate(IAsyncResult asyncResult)
   at System.Web.Mvc.Async.AsyncResultWrapper.WrappedAsyncResultBase`1.End()
   at System.Web.Mvc.Async.AsyncResultWrapper.End[TResult](IAsyncResult asyncResult, Object tag)
   at System.Web.Mvc.Async.AsyncResultWrapper.End(IAsyncResult asyncResult, Object tag)
   at System.Web.Mvc.Controller.EndExecute(IAsyncResult asyncResult)
   at System.Web.Mvc.Controller.System.Web.Mvc.Async.IAsyncController.EndExecute(IAsyncResult asyncResult)
   at System.Web.Mvc.MvcHandler.<BeginProcessRequest>b__5(IAsyncResult asyncResult, ProcessRequestState innerState)
   at System.Web.Mvc.Async.AsyncResultWrapper.WrappedAsyncVoid`1.CallEndDelegate(IAsyncResult asyncResult)
   at System.Web.Mvc.Async.AsyncResultWrapper.WrappedAsyncResultBase`1.End()
   at System.Web.Mvc.Async.AsyncResultWrapper.End[TResult](IAsyncResult asyncResult, Object tag)
   at System.Web.Mvc.Async.AsyncResultWrapper.End(IAsyncResult asyncResult, Object tag)
   at System.Web.Mvc.MvcHandler.EndProcessRequest(IAsyncResult asyncResult)
   at System.Web.Mvc.MvcHandler.System.Web.IHttpAsyncHandler.EndProcessRequest(IAsyncResult result)
   at System.Web.HttpApplication.CallHandlerExecutionStep.System.Web.HttpApplication.IExecutionStep.Execute()
   at System.Web.HttpApplication.ExecuteStepImpl(IExecutionStep step)
   at System.Web.HttpApplication.ExecuteStep(IExecutionStep step, Boolean& completedSynchronously)
2021-03-12 15:17:33,036 => INFO  NA.PMS.Common.Logger.LogService.LogInformation():24 - Executing Action: GetPaymentSchedule on Controller: PropertyAllotment For User : skumar.
2021-03-12 15:17:33,191 => INFO  NA.PMS.Common.Logger.LogService.LogInformation():24 - Executed Action: GetPaymentSchedule on Controller: PropertyAllotment For User : skumar.
2021-03-12 15:17:48,427 => INFO  NA.PMS.Common.Logger.LogService.LogInformation():24 - Executing Action: PropertyDetail on Controller: PropertyAllotment  For User : skumar Given Route: 90108768.
2021-03-12 15:17:48,759 => INFO  NA.PMS.Common.Logger.LogService.LogInformation():24 - Executed Action: PropertyDetail on Controller: PropertyAllotment For User : skumar Given Route: 90108768.
2021-03-12 15:17:52,419 => INFO  NA.PMS.Common.Logger.LogService.LogInformation():24 - Executing Action: GetSubLeasedPropertyByIdAsDataSource on Controller: PropertyAllotment For User : skumar.
2021-03-12 15:17:52,653 => INFO  NA.PMS.Common.Logger.LogService.LogInformation():24 - Executed Action: GetSubLeasedPropertyByIdAsDataSource on Controller: PropertyAllotment For User : skumar.
2021-03-12 15:17:52,996 => INFO  NA.PMS.Common.Logger.LogService.LogInformation():24 - Executing Action: GetTransferHistoryByIdAsDataSource on Controller: PropertyAllotment For User : skumar.
2021-03-12 15:17:53,121 => INFO  NA.PMS.Common.Logger.LogService.LogInformation():24 - Executed Action: GetTransferHistoryByIdAsDataSource on Controller: PropertyAllotment For User : skumar.
2021-03-12 15:17:53,438 => INFO  NA.PMS.Common.Logger.LogService.LogInformation():24 - Executing Action: GetMortgageHistoryByIdAsDataSource on Controller: PropertyAllotment For User : skumar.
2021-03-12 15:17:53,657 => INFO  NA.PMS.Common.Logger.LogService.LogInformation():24 - Executed Action: GetMortgageHistoryByIdAsDataSource on Controller: PropertyAllotment For User : skumar.
2021-03-12 15:17:53,963 => INFO  NA.PMS.Common.Logger.LogService.LogInformation():24 - Executing Action: GetExtensionHistoryByIdAsDataSource on Controller: PropertyAllotment For User : skumar.
2021-03-12 15:17:54,154 => INFO  NA.PMS.Common.Logger.LogService.LogInformation():24 - Executed Action: GetExtensionHistoryByIdAsDataSource on Controller: PropertyAllotment For User : skumar.
2021-03-12 15:17:54,498 => INFO  NA.PMS.Common.Logger.LogService.LogInformation():24 - Executing Action: GetRentingHistoryByIdAsDataSource on Controller: PropertyAllotment For User : skumar.
2021-03-12 15:17:54,709 => INFO  NA.PMS.Common.Logger.LogService.LogInformation():24 - Executed Action: GetRentingHistoryByIdAsDataSource on Controller: PropertyAllotment For User : skumar.
2021-03-12 15:17:55,042 => INFO  NA.PMS.Common.Logger.LogService.LogInformation():24 - Executing Action: GetCICHistoryByIdAsDataSource on Controller: PropertyAllotment For User : skumar.
2021-03-12 15:17:55,228 => INFO  NA.PMS.Common.Logger.LogService.LogInformation():24 - Executed Action: GetCICHistoryByIdAsDataSource on Controller: PropertyAllotment For User : skumar.
2021-03-12 15:17:55,557 => INFO  NA.PMS.Common.Logger.LogService.LogInformation():24 - Executing Action: GetDocumentListByRegistrationId on Controller: PropertyAllotment For User : skumar.
2021-03-12 15:18:16,862 => INFO  NA.PMS.Common.Logger.LogService.LogInformation():24 - Executed Action: GetDocumentListByRegistrationId on Controller: PropertyAllotment For User : skumar.
2021-03-12 15:18:17,485 => INFO  NA.PMS.Common.Logger.LogService.LogInformation():24 - Executing Action: GetFunctionalHistoryByIdAsDataSource on Controller: PropertyAllotment For User : skumar.
2021-03-12 15:18:17,639 => INFO  NA.PMS.Common.Logger.LogService.LogInformation():24 - Executed Action: GetFunctionalHistoryByIdAsDataSource on Controller: PropertyAllotment For User : skumar.
2021-03-12 15:18:17,945 => INFO  NA.PMS.Common.Logger.LogService.LogInformation():24 - Executing Action: GetPaymentSchedule on Controller: PropertyAllotment For User : skumar.
2021-03-12 15:18:18,116 => INFO  NA.PMS.Common.Logger.LogService.LogInformation():24 - Executed Action: GetPaymentSchedule on Controller: PropertyAllotment For User : skumar.
2021-03-12 15:18:18,753 => INFO  NA.PMS.Common.Logger.LogService.LogInformation():24 - Executing Action: GetReceiptSchedule on Controller: PropertyAllotment For User : skumar.
2021-03-12 15:18:26,717 => INFO  NA.PMS.Common.Logger.LogService.LogInformation():24 - Executed Action: GetReceiptSchedule on Controller: PropertyAllotment For User : skumar.
2021-03-12 15:18:27,068 => INFO  NA.PMS.Common.Logger.LogService.LogInformation():24 - Executing Action: GetLeaseRentPaymentByIdAsDataSource on Controller: PropertyAllotment For User : skumar.
2021-03-12 15:18:27,415 => INFO  NA.PMS.Common.Logger.LogService.LogInformation():24 - Executed Action: GetLeaseRentPaymentByIdAsDataSource on Controller: PropertyAllotment For User : skumar.
2021-03-12 15:18:27,766 => INFO  NA.PMS.Common.Logger.LogService.LogInformation():24 - Executing Action: GetDuesPaymentStatusByRegistrationId on Controller: PropertyAllotment For User : skumar.
2021-03-12 15:18:27,886 => INFO  NA.PMS.Common.Logger.LogService.LogInformation():24 - Executed Action: GetDuesPaymentStatusByRegistrationId on Controller: PropertyAllotment For User : skumar.
2021-03-12 15:18:28,214 => INFO  NA.PMS.Common.Logger.LogService.LogInformation():24 - Executing Action: GetDuesPaymentStatusByRegistrationId on Controller: PropertyAllotment For User : skumar.
2021-03-12 15:18:28,306 => INFO  NA.PMS.Common.Logger.LogService.LogInformation():24 - Executed Action: GetDuesPaymentStatusByRegistrationId on Controller: PropertyAllotment For User : skumar.
2021-03-12 15:18:28,661 => INFO  NA.PMS.Common.Logger.LogService.LogInformation():24 - Executing Action: GetServiceRequestListByRegistrationId on Controller: PropertyAllotment For User : skumar.
2021-03-12 15:18:29,259 => INFO  NA.PMS.Common.Logger.LogService.LogInformation():24 - Executed Action: GetServiceRequestListByRegistrationId on Controller: PropertyAllotment For User : skumar.
2021-03-12 15:18:29,587 => INFO  NA.PMS.Common.Logger.LogService.LogInformation():24 - Executing Action: GetNotingFilesByIdAsDataSource on Controller: PropertyAllotment For User : skumar.
2021-03-12 15:18:29,759 => INFO  NA.PMS.Common.Logger.LogService.LogInformation():24 - Executed Action: GetNotingFilesByIdAsDataSource on Controller: PropertyAllotment For User : skumar.
2021-03-12 15:18:30,582 => INFO  NA.PMS.Common.Logger.LogService.LogInformation():24 - Executing Action: GetTransferHistoryByIdAsDataSource on Controller: PropertyAllotment For User : skumar.
2021-03-12 15:18:30,688 => INFO  NA.PMS.Common.Logger.LogService.LogInformation():24 - Executed Action: GetTransferHistoryByIdAsDataSource on Controller: PropertyAllotment For User : skumar.
2021-03-12 15:18:31,084 => INFO  NA.PMS.Common.Logger.LogService.LogInformation():24 - Executing Action: GetCICHistoryByIdAsDataSource on Controller: PropertyAllotment For User : skumar.
2021-03-12 15:18:31,262 => INFO  NA.PMS.Common.Logger.LogService.LogInformation():24 - Executed Action: GetCICHistoryByIdAsDataSource on Controller: PropertyAllotment For User : skumar.
2021-03-12 15:18:31,646 => INFO  NA.PMS.Common.Logger.LogService.LogInformation():24 - Executing Action: PropertyDetail on Controller: PropertyAllotment  For User : skumar Given Route: undefined.
2021-03-12 15:18:31,689 => INFO  NA.PMS.Common.Logger.LogService.LogInformation():24 - Executed Action: PropertyDetail on Controller: PropertyAllotment For User : skumar Given Route: undefined.
2021-03-12 15:18:31,758 => ERROR NA.PMS.Common.Logger.LogService.LogError():97 - Controller Exception
System.ArgumentException: The parameters dictionary contains a null entry for parameter 'id' of non-nullable type 'System.Int32' for method 'System.Web.Mvc.ActionResult PropertyDetail(Int32)' in 'NA.PMS.Web.Areas.Property.Controllers.PropertyAllotmentController'. An optional parameter must be a reference type, a nullable type, or be declared as an optional parameter.
Parameter name: parameters
   at System.Web.Mvc.ActionDescriptor.ExtractParameterFromDictionary(ParameterInfo parameterInfo, IDictionary`2 parameters, MethodInfo methodInfo)
   at System.Web.Mvc.ReflectedActionDescriptor.Execute(ControllerContext controllerContext, IDictionary`2 parameters)
   at System.Web.Mvc.ControllerActionInvoker.InvokeActionMethod(ControllerContext controllerContext, ActionDescriptor actionDescriptor, IDictionary`2 parameters)
   at System.Web.Mvc.Async.AsyncControllerActionInvoker.ActionInvocation.InvokeSynchronousActionMethod()
   at System.Web.Mvc.Async.AsyncControllerActionInvoker.<BeginInvokeSynchronousActionMethod>b__39(IAsyncResult asyncResult, ActionInvocation innerInvokeState)
   at System.Web.Mvc.Async.AsyncResultWrapper.WrappedAsyncResult`2.CallEndDelegate(IAsyncResult asyncResult)
   at System.Web.Mvc.Async.AsyncResultWrapper.WrappedAsyncResultBase`1.End()
   at System.Web.Mvc.Async.AsyncResultWrapper.End[TResult](IAsyncResult asyncResult, Object tag)
   at System.Web.Mvc.Async.AsyncControllerActionInvoker.EndInvokeActionMethod(IAsyncResult asyncResult)
   at System.Web.Mvc.Async.AsyncControllerActionInvoker.AsyncInvocationWithFilters.<InvokeActionMethodFilterAsynchronouslyRecursive>b__3d()
   at System.Web.Mvc.Async.AsyncControllerActionInvoker.AsyncInvocationWithFilters.<>c__DisplayClass46.<InvokeActionMethodFilterAsynchronouslyRecursive>b__3f()
   at System.Web.Mvc.Async.AsyncControllerActionInvoker.AsyncInvocationWithFilters.<>c__DisplayClass46.<InvokeActionMethodFilterAsynchronouslyRecursive>b__3f()
   at System.Web.Mvc.Async.AsyncControllerActionInvoker.<>c__DisplayClass33.<BeginInvokeActionMethodWithFilters>b__32(IAsyncResult asyncResult)
   at System.Web.Mvc.Async.AsyncResultWrapper.WrappedAsyncResult`1.CallEndDelegate(IAsyncResult asyncResult)
   at System.Web.Mvc.Async.AsyncResultWrapper.WrappedAsyncResultBase`1.End()
   at System.Web.Mvc.Async.AsyncResultWrapper.End[TResult](IAsyncResult asyncResult, Object tag)
   at System.Web.Mvc.Async.AsyncControllerActionInvoker.EndInvokeActionMethodWithFilters(IAsyncResult asyncResult)
   at System.Web.Mvc.Async.AsyncControllerActionInvoker.<>c__DisplayClass21.<>c__DisplayClass2b.<BeginInvokeAction>b__1c()
   at System.Web.Mvc.Async.AsyncControllerActionInvoker.<>c__DisplayClass21.<BeginInvokeAction>b__1e(IAsyncResult asyncResult)
2021-03-12 15:18:31,794 => ERROR NA.PMS.Common.Logger.LogService.LogError():97 - Global Exception
System.ArgumentException: The parameters dictionary contains a null entry for parameter 'id' of non-nullable type 'System.Int32' for method 'System.Web.Mvc.ActionResult PropertyDetail(Int32)' in 'NA.PMS.Web.Areas.Property.Controllers.PropertyAllotmentController'. An optional parameter must be a reference type, a nullable type, or be declared as an optional parameter.
Parameter name: parameters
   at System.Web.Mvc.ActionDescriptor.ExtractParameterFromDictionary(ParameterInfo parameterInfo, IDictionary`2 parameters, MethodInfo methodInfo)
   at System.Web.Mvc.ReflectedActionDescriptor.Execute(ControllerContext controllerContext, IDictionary`2 parameters)
   at System.Web.Mvc.ControllerActionInvoker.InvokeActionMethod(ControllerContext controllerContext, ActionDescriptor actionDescriptor, IDictionary`2 parameters)
   at System.Web.Mvc.Async.AsyncControllerActionInvoker.ActionInvocation.InvokeSynchronousActionMethod()
   at System.Web.Mvc.Async.AsyncControllerActionInvoker.<BeginInvokeSynchronousActionMethod>b__39(IAsyncResult asyncResult, ActionInvocation innerInvokeState)
   at System.Web.Mvc.Async.AsyncResultWrapper.WrappedAsyncResult`2.CallEndDelegate(IAsyncResult asyncResult)
   at System.Web.Mvc.Async.AsyncResultWrapper.WrappedAsyncResultBase`1.End()
   at System.Web.Mvc.Async.AsyncResultWrapper.End[TResult](IAsyncResult asyncResult, Object tag)
   at System.Web.Mvc.Async.AsyncControllerActionInvoker.EndInvokeActionMethod(IAsyncResult asyncResult)
   at System.Web.Mvc.Async.AsyncControllerActionInvoker.AsyncInvocationWithFilters.<InvokeActionMethodFilterAsynchronouslyRecursive>b__3d()
   at System.Web.Mvc.Async.AsyncControllerActionInvoker.AsyncInvocationWithFilters.<>c__DisplayClass46.<InvokeActionMethodFilterAsynchronouslyRecursive>b__3f()
   at System.Web.Mvc.Async.AsyncControllerActionInvoker.AsyncInvocationWithFilters.<>c__DisplayClass46.<InvokeActionMethodFilterAsynchronouslyRecursive>b__3f()
   at System.Web.Mvc.Async.AsyncControllerActionInvoker.<>c__DisplayClass33.<BeginInvokeActionMethodWithFilters>b__32(IAsyncResult asyncResult)
   at System.Web.Mvc.Async.AsyncResultWrapper.WrappedAsyncResult`1.CallEndDelegate(IAsyncResult asyncResult)
   at System.Web.Mvc.Async.AsyncResultWrapper.WrappedAsyncResultBase`1.End()
   at System.Web.Mvc.Async.AsyncResultWrapper.End[TResult](IAsyncResult asyncResult, Object tag)
   at System.Web.Mvc.Async.AsyncControllerActionInvoker.EndInvokeActionMethodWithFilters(IAsyncResult asyncResult)
   at System.Web.Mvc.Async.AsyncControllerActionInvoker.<>c__DisplayClass21.<>c__DisplayClass2b.<BeginInvokeAction>b__1c()
   at System.Web.Mvc.Async.AsyncControllerActionInvoker.<>c__DisplayClass21.<BeginInvokeAction>b__1e(IAsyncResult asyncResult)
   at System.Web.Mvc.Async.AsyncResultWrapper.WrappedAsyncResult`1.CallEndDelegate(IAsyncResult asyncResult)
   at System.Web.Mvc.Async.AsyncResultWrapper.WrappedAsyncResultBase`1.End()
   at System.Web.Mvc.Async.AsyncResultWrapper.End[TResult](IAsyncResult asyncResult, Object tag)
   at System.Web.Mvc.Async.AsyncControllerActionInvoker.EndInvokeAction(IAsyncResult asyncResult)
   at System.Web.Mvc.Controller.<BeginExecuteCore>b__1d(IAsyncResult asyncResult, ExecuteCoreState innerState)
   at System.Web.Mvc.Async.AsyncResultWrapper.WrappedAsyncVoid`1.CallEndDelegate(IAsyncResult asyncResult)
   at System.Web.Mvc.Async.AsyncResultWrapper.WrappedAsyncResultBase`1.End()
   at System.Web.Mvc.Async.AsyncResultWrapper.End[TResult](IAsyncResult asyncResult, Object tag)
   at System.Web.Mvc.Async.AsyncResultWrapper.End(IAsyncResult asyncResult, Object tag)
   at System.Web.Mvc.Controller.EndExecuteCore(IAsyncResult asyncResult)
   at System.Web.Mvc.Controller.<BeginExecute>b__15(IAsyncResult asyncResult, Controller controller)
   at System.Web.Mvc.Async.AsyncResultWrapper.WrappedAsyncVoid`1.CallEndDelegate(IAsyncResult asyncResult)
   at System.Web.Mvc.Async.AsyncResultWrapper.WrappedAsyncResultBase`1.End()
   at System.Web.Mvc.Async.AsyncResultWrapper.End[TResult](IAsyncResult asyncResult, Object tag)
   at System.Web.Mvc.Async.AsyncResultWrapper.End(IAsyncResult asyncResult, Object tag)
   at System.Web.Mvc.Controller.EndExecute(IAsyncResult asyncResult)
   at System.Web.Mvc.Controller.System.Web.Mvc.Async.IAsyncController.EndExecute(IAsyncResult asyncResult)
   at System.Web.Mvc.MvcHandler.<BeginProcessRequest>b__5(IAsyncResult asyncResult, ProcessRequestState innerState)
   at System.Web.Mvc.Async.AsyncResultWrapper.WrappedAsyncVoid`1.CallEndDelegate(IAsyncResult asyncResult)
   at System.Web.Mvc.Async.AsyncResultWrapper.WrappedAsyncResultBase`1.End()
   at System.Web.Mvc.Async.AsyncResultWrapper.End[TResult](IAsyncResult asyncResult, Object tag)
   at System.Web.Mvc.Async.AsyncResultWrapper.End(IAsyncResult asyncResult, Object tag)
   at System.Web.Mvc.MvcHandler.EndProcessRequest(IAsyncResult asyncResult)
   at System.Web.Mvc.MvcHandler.System.Web.IHttpAsyncHandler.EndProcessRequest(IAsyncResult result)
   at System.Web.HttpApplication.CallHandlerExecutionStep.System.Web.HttpApplication.IExecutionStep.Execute()
   at System.Web.HttpApplication.ExecuteStepImpl(IExecutionStep step)
   at System.Web.HttpApplication.ExecuteStep(IExecutionStep step, Boolean& completedSynchronously)
2021-03-12 15:18:32,592 => INFO  NA.PMS.Common.Logger.LogService.LogInformation():24 - Executing Action: GetTransferHistoryByIdAsDataSource on Controller: PropertyAllotment For User : skumar.
2021-03-12 15:18:32,707 => INFO  NA.PMS.Common.Logger.LogService.LogInformation():24 - Executed Action: GetTransferHistoryByIdAsDataSource on Controller: PropertyAllotment For User : skumar.
2021-03-12 15:18:33,077 => INFO  NA.PMS.Common.Logger.LogService.LogInformation():24 - Executing Action: GetGeneratedLetterByRegistrationId on Controller: PropertyAllotment For User : skumar.
2021-03-12 15:18:34,381 => INFO  NA.PMS.Common.Logger.LogService.LogInformation():24 - Executed Action: GetGeneratedLetterByRegistrationId on Controller: PropertyAllotment For User : skumar.
2021-03-12 15:19:19,355 => INFO  NA.PMS.Common.Logger.LogService.LogInformation():24 - Executing Action: PropertyDetails on Controller: PropertyAllotment  For User : skumar Given Route: 90108768.
2021-03-12 15:19:20,764 => INFO  NA.PMS.Common.Logger.LogService.LogInformation():24 - Executed Action: PropertyDetails on Controller: PropertyAllotment For User : skumar Given Route: 90108768.
2021-03-12 15:19:26,370 => INFO  NA.PMS.Common.Logger.LogService.LogInformation():24 - Executing Action: GetApplicantDetails on Controller: Allotment For User : skumar.
2021-03-12 15:19:26,492 => INFO  NA.PMS.Common.Logger.LogService.LogInformation():24 - Executed Action: GetApplicantDetails on Controller: Allotment For User : skumar.
2021-03-12 15:19:26,657 => INFO  NA.PMS.Common.Logger.LogService.LogInformation():24 - Executing Action: GetLeaseRentDetailsByIdAndProcedure on Controller: Payment For User : skumar.
2021-03-12 15:19:27,173 => INFO  NA.PMS.Common.Logger.LogService.LogInformation():24 - Executed Action: GetLeaseRentDetailsByIdAndProcedure on Controller: Payment For User : skumar.
2021-03-12 15:19:27,309 => INFO  NA.PMS.Common.Logger.LogService.LogInformation():24 - Executing Action: GetLeaseRentTransDetails on Controller: Payment For User : skumar.
2021-03-12 15:19:27,466 => INFO  NA.PMS.Common.Logger.LogService.LogInformation():24 - Executed Action: GetLeaseRentTransDetails on Controller: Payment For User : skumar.
2021-03-12 15:19:28,082 => INFO  NA.PMS.Common.Logger.LogService.LogInformation():24 - Executing Action: GetReceiptSchedule on Controller: PropertyAllotment For User : skumar.
2021-03-12 15:19:28,679 => INFO  NA.PMS.Common.Logger.LogService.LogInformation():24 - Executed Action: GetReceiptSchedule on Controller: PropertyAllotment For User : skumar.
2021-03-12 15:19:29,006 => INFO  NA.PMS.Common.Logger.LogService.LogInformation():24 - Executing Action: GetScheduleDetailsForAllottedProperty on Controller: PropertyAllotment For User : skumar.
2021-03-12 15:19:30,101 => INFO  NA.PMS.Common.Logger.LogService.LogInformation():24 - Executed Action: GetScheduleDetailsForAllottedProperty on Controller: PropertyAllotment For User : skumar.
2021-03-12 15:19:30,398 => INFO  NA.PMS.Common.Logger.LogService.LogInformation():24 - Executing Action: GetPaymentLedger on Controller: PropertyAllotment For User : skumar.
2021-03-12 15:19:43,568 => INFO  NA.PMS.Common.Logger.LogService.LogInformation():24 - Executed Action: GetPaymentLedger on Controller: PropertyAllotment For User : skumar.
2021-03-12 15:19:43,874 => INFO  NA.PMS.Common.Logger.LogService.LogInformation():24 - Executing Action: GetLetterHistory on Controller: PropertyAllotment For User : skumar.
2021-03-12 15:19:43,951 => INFO  NA.PMS.Common.Logger.LogService.LogInformation():24 - Executed Action: GetLetterHistory on Controller: PropertyAllotment For User : skumar.
2021-03-12 15:19:44,262 => INFO  NA.PMS.Common.Logger.LogService.LogInformation():24 - Executing Action: GetDigitalSingedLetterHistory on Controller: PropertyAllotment For User : skumar.
2021-03-12 15:19:44,366 => INFO  NA.PMS.Common.Logger.LogService.LogInformation():24 - Executed Action: GetDigitalSingedLetterHistory on Controller: PropertyAllotment For User : skumar.
2021-03-12 15:19:44,667 => INFO  NA.PMS.Common.Logger.LogService.LogInformation():24 - Executing Action: GetAssineTo on Controller: Allotment For User : skumar.
2021-03-12 15:19:44,810 => INFO  NA.PMS.Common.Logger.LogService.LogInformation():24 - Executed Action: GetAssineTo on Controller: Allotment For User : skumar.
2021-03-12 15:19:45,126 => INFO  NA.PMS.Common.Logger.LogService.LogInformation():24 - Executing Action: GetPropertyRentListByRid on Controller: PropertyRegistration For User : skumar.
2021-03-12 15:19:45,262 => INFO  NA.PMS.Common.Logger.LogService.LogInformation():24 - Executed Action: GetPropertyRentListByRid on Controller: PropertyRegistration For User : skumar.
2021-03-12 15:19:45,575 => INFO  NA.PMS.Common.Logger.LogService.LogInformation():24 - Executing Action: GetAllMortgageByRid on Controller: PropertyRegistration For User : skumar.
2021-03-12 15:19:45,972 => INFO  NA.PMS.Common.Logger.LogService.LogInformation():24 - Executed Action: GetAllMortgageByRid on Controller: PropertyRegistration For User : skumar.
2021-03-12 15:19:46,284 => INFO  NA.PMS.Common.Logger.LogService.LogInformation():24 - Executing Action: GetExtensionDetailsByRid on Controller: PropertyAllotment For User : skumar.
2021-03-12 15:19:46,619 => INFO  NA.PMS.Common.Logger.LogService.LogInformation():24 - Executed Action: GetExtensionDetailsByRid on Controller: PropertyAllotment For User : skumar.
2021-03-12 15:19:46,928 => INFO  NA.PMS.Common.Logger.LogService.LogInformation():24 - Executing Action: GetSubLeasedProperty on Controller: PropertyAllotment For User : skumar.
2021-03-12 15:19:47,175 => INFO  NA.PMS.Common.Logger.LogService.LogInformation():24 - Executed Action: GetSubLeasedProperty on Controller: PropertyAllotment For User : skumar.
2021-03-12 15:19:47,767 => INFO  NA.PMS.Common.Logger.LogService.LogInformation():24 - Executing Action: GetDocumentDetails on Controller: PropertyAllotment For User : skumar.
