2021-11-24 16:18:59,758 => INFO  NA.PMS.Common.Logger.LogService.LogInformation():24 - Executing Action: Login on Controller: Account For User : .
2021-11-24 16:19:00,688 => INFO  NA.PMS.Common.Logger.LogService.LogInformation():24 - Executed Action: Login on Controller: Account For User : .
2021-11-24 16:19:57,856 => INFO  NA.PMS.Common.Logger.LogService.LogInformation():24 - Executing Action: Login on Controller: Account For User : .
2021-11-24 16:20:11,266 => INFO  NA.PMS.Common.Logger.LogService.LogInformation():24 - Executed Action: Login on Controller: Account For User : .
2021-11-24 16:20:11,450 => INFO  NA.PMS.Common.Logger.LogService.LogInformation():24 - Executing Action: Login on Controller: Account For User : svamadmin.
2021-11-24 16:20:11,484 => INFO  NA.PMS.Common.Logger.LogService.LogInformation():24 - Executed Action: Login on Controller: Account For User : svamadmin.
2021-11-24 16:20:14,343 => INFO  NA.PMS.Common.Logger.LogService.LogInformation():24 - Executing Action: LoginAfterVerifyOTP on Controller: Account For User : svamadmin.
2021-11-24 16:20:19,169 => INFO  NA.PMS.Common.Logger.LogService.LogInformation():24 - Executed Action: LoginAfterVerifyOTP on Controller: Account For User : svamadmin.
2021-11-24 16:20:20,533 => INFO  NA.PMS.Common.Logger.LogService.LogInformation():24 - Executing Action: LoginAfterVerifyOTP on Controller: Account For User : svamadmin.
2021-11-24 16:20:25,160 => INFO  NA.PMS.Common.Logger.LogService.LogInformation():24 - Executed Action: LoginAfterVerifyOTP on Controller: Account For User : svamadmin.
2021-11-24 16:21:57,827 => INFO  NA.PMS.Common.Logger.LogService.LogInformation():24 - Executing Action: Logout on Controller: Account For User : svamadmin.
2021-11-24 16:21:57,843 => INFO  NA.PMS.Common.Logger.LogService.LogInformation():24 - Executed Action: Logout on Controller: Account For User : svamadmin.
2021-11-24 16:22:00,949 => INFO  NA.PMS.Common.Logger.LogService.LogInformation():24 - Executing Action: login on Controller: Account For User : svamadmin.
2021-11-24 16:22:00,964 => INFO  NA.PMS.Common.Logger.LogService.LogInformation():24 - Executed Action: login on Controller: Account For User : svamadmin.
2021-11-24 16:22:15,610 => INFO  NA.PMS.Common.Logger.LogService.LogInformation():24 - Executing Action: Login on Controller: Account For User : svamadmin.
2021-11-24 16:22:18,324 => INFO  NA.PMS.Common.Logger.LogService.LogInformation():24 - Executed Action: Login on Controller: Account For User : svamadmin.
2021-11-24 16:22:18,345 => INFO  NA.PMS.Common.Logger.LogService.LogInformation():24 - Executing Action: Login on Controller: Account For User : svamadmin.
2021-11-24 16:22:18,359 => INFO  NA.PMS.Common.Logger.LogService.LogInformation():24 - Executed Action: Login on Controller: Account For User : svamadmin.
2021-11-24 16:22:19,159 => INFO  NA.PMS.Common.Logger.LogService.LogInformation():24 - Executing Action: LoginAfterVerifyOTP on Controller: Account For User : svamadmin.
2021-11-24 16:22:23,221 => INFO  NA.PMS.Common.Logger.LogService.LogInformation():24 - Executed Action: LoginAfterVerifyOTP on Controller: Account For User : svamadmin.
2021-11-24 16:22:23,254 => INFO  NA.PMS.Common.Logger.LogService.LogInformation():24 - Executing Action: LoginAfterVerifyOTP on Controller: Account For User : svamadmin.
2021-11-24 16:22:27,306 => INFO  NA.PMS.Common.Logger.LogService.LogInformation():24 - Executed Action: LoginAfterVerifyOTP on Controller: Account For User : svamadmin.
2021-11-24 16:22:29,961 => INFO  NA.PMS.Common.Logger.LogService.LogInformation():24 - Executing Action: GetDepartmentForAdvanceSearch on Controller: PropertyAllotment For User : svamadmin.
2021-11-24 16:22:30,046 => INFO  NA.PMS.Common.Logger.LogService.LogInformation():24 - Executed Action: GetDepartmentForAdvanceSearch on Controller: PropertyAllotment For User : svamadmin.
2021-11-24 16:22:35,279 => INFO  NA.PMS.Common.Logger.LogService.LogInformation():24 - Executing Action: MergeProperties on Controller: MergeSplitProperties For User : svamadmin.
2021-11-24 16:22:35,291 => INFO  NA.PMS.Common.Logger.LogService.LogInformation():24 - Executed Action: MergeProperties on Controller: MergeSplitProperties For User : svamadmin.
2021-11-24 16:22:39,810 => INFO  NA.PMS.Common.Logger.LogService.LogInformation():24 - Executing Action: GetAllMergeProperties on Controller: MergeSplitProperties For User : svamadmin.
2021-11-24 16:22:40,122 => INFO  NA.PMS.Common.Logger.LogService.LogInformation():24 - Executed Action: GetAllMergeProperties on Controller: MergeSplitProperties For User : svamadmin.
2021-11-24 16:22:43,652 => INFO  NA.PMS.Common.Logger.LogService.LogInformation():24 - Executing Action: AddMergeRequest on Controller: MergeSplitProperties For User : svamadmin.
2021-11-24 16:22:43,748 => INFO  NA.PMS.Common.Logger.LogService.LogInformation():24 - Executed Action: AddMergeRequest on Controller: MergeSplitProperties For User : svamadmin.
2021-11-24 16:22:48,910 => INFO  NA.PMS.Common.Logger.LogService.LogInformation():24 - Executing Action: GetSectorsByDeptIdReq on Controller: MergeSplitProperties For User : svamadmin.
2021-11-24 16:22:49,119 => INFO  NA.PMS.Common.Logger.LogService.LogInformation():24 - Executed Action: GetSectorsByDeptIdReq on Controller: MergeSplitProperties For User : svamadmin.
2021-11-24 16:22:49,268 => INFO  NA.PMS.Common.Logger.LogService.LogInformation():24 - Executing Action: GetSectorsByDeptIdReq on Controller: MergeSplitProperties For User : svamadmin.
2021-11-24 16:22:49,422 => INFO  NA.PMS.Common.Logger.LogService.LogInformation():24 - Executed Action: GetSectorsByDeptIdReq on Controller: MergeSplitProperties For User : svamadmin.
2021-11-24 16:22:52,330 => INFO  NA.PMS.Common.Logger.LogService.LogInformation():24 - Executing Action: GetSectorsByDeptIdReq on Controller: MergeSplitProperties For User : svamadmin.
2021-11-24 16:22:52,496 => INFO  NA.PMS.Common.Logger.LogService.LogInformation():24 - Executed Action: GetSectorsByDeptIdReq on Controller: MergeSplitProperties For User : svamadmin.
2021-11-24 16:22:53,246 => INFO  NA.PMS.Common.Logger.LogService.LogInformation():24 - Executing Action: GetBlocksByDeptAndSectorIdReq on Controller: MergeSplitProperties For User : svamadmin.
2021-11-24 16:22:53,418 => INFO  NA.PMS.Common.Logger.LogService.LogInformation():24 - Executed Action: GetBlocksByDeptAndSectorIdReq on Controller: MergeSplitProperties For User : svamadmin.
2021-11-24 16:22:53,564 => INFO  NA.PMS.Common.Logger.LogService.LogInformation():24 - Executing Action: GetBlocksByDeptAndSectorIdReq on Controller: MergeSplitProperties For User : svamadmin.
2021-11-24 16:22:53,701 => INFO  NA.PMS.Common.Logger.LogService.LogInformation():24 - Executed Action: GetBlocksByDeptAndSectorIdReq on Controller: MergeSplitProperties For User : svamadmin.
2021-11-24 16:22:54,708 => INFO  NA.PMS.Common.Logger.LogService.LogInformation():24 - Executing Action: GetAllRIDsForSplitMergeReq on Controller: MergeSplitProperties For User : svamadmin.
2021-11-24 16:22:54,867 => INFO  NA.PMS.Common.Logger.LogService.LogInformation():24 - Executed Action: GetAllRIDsForSplitMergeReq on Controller: MergeSplitProperties For User : svamadmin.
2021-11-24 16:22:55,006 => INFO  NA.PMS.Common.Logger.LogService.LogInformation():24 - Executing Action: GetAllRIDsForSplitMergeReq on Controller: MergeSplitProperties For User : svamadmin.
2021-11-24 16:22:55,174 => INFO  NA.PMS.Common.Logger.LogService.LogInformation():24 - Executed Action: GetAllRIDsForSplitMergeReq on Controller: MergeSplitProperties For User : svamadmin.
2021-11-24 16:22:56,476 => INFO  NA.PMS.Common.Logger.LogService.LogInformation():24 - Executing Action: GetPropertyDetailsByRid on Controller: MergeSplitProperties For User : svamadmin.
2021-11-24 16:22:56,882 => INFO  NA.PMS.Common.Logger.LogService.LogInformation():24 - Executed Action: GetPropertyDetailsByRid on Controller: MergeSplitProperties For User : svamadmin.
2021-11-24 16:23:00,789 => INFO  NA.PMS.Common.Logger.LogService.LogInformation():24 - Executing Action: GetPropertyDetailsByRid on Controller: MergeSplitProperties For User : svamadmin.
2021-11-24 16:23:00,901 => INFO  NA.PMS.Common.Logger.LogService.LogInformation():24 - Executed Action: GetPropertyDetailsByRid on Controller: MergeSplitProperties For User : svamadmin.
2021-11-24 16:23:08,682 => INFO  NA.PMS.Common.Logger.LogService.LogInformation():24 - Executing Action: GetAssineToByDepttId on Controller: PropertyRegistration For User : svamadmin.
2021-11-24 16:23:08,769 => INFO  NA.PMS.Common.Logger.LogService.LogInformation():24 - Executed Action: GetAssineToByDepttId on Controller: PropertyRegistration For User : svamadmin.
2021-11-24 16:23:16,071 => INFO  NA.PMS.Common.Logger.LogService.LogInformation():24 - Executing Action: SubmitRequestForApproval on Controller: MergeSplitProperties For User : svamadmin.
2021-11-24 16:24:30,998 => INFO  NA.PMS.Common.Logger.LogService.LogInformation():24 - Executed Action: SubmitRequestForApproval on Controller: MergeSplitProperties For User : svamadmin.
2021-11-24 16:24:31,185 => ERROR NA.PMS.Common.Logger.LogService.LogError():97 - Controller Exception
System.Data.SqlClient.SqlException (0x80131904): Violation of UNIQUE KEY constraint 'UQ__SchemePr__9C0B8C7C12E11473'. Cannot insert duplicate key in object 'dbo.SchemePropTrans'. The duplicate key value is (<NULL>).
The statement has been terminated.
 
   at System.Data.SqlClient.SqlConnection.OnError(SqlException exception, Boolean breakConnection, Action`1 wrapCloseInAction)
   at System.Data.SqlClient.SqlInternalConnection.OnError(SqlException exception, Boolean breakConnection, Action`1 wrapCloseInAction)
   at System.Data.SqlClient.TdsParser.ThrowExceptionAndWarning(TdsParserStateObject stateObj, Boolean callerHasConnectionLock, Boolean asyncClose)
   at System.Data.SqlClient.TdsParser.TryRun(RunBehavior runBehavior, SqlCommand cmdHandler, SqlDataReader dataStream, BulkCopySimpleResultSet bulkCopyHandler, TdsParserStateObject stateObj, Boolean& dataReady)
   at System.Data.SqlClient.SqlDataReader.TryConsumeMetaData()
   at System.Data.SqlClient.SqlDataReader.get_MetaData()
   at System.Data.SqlClient.SqlCommand.FinishExecuteReader(SqlDataReader ds, RunBehavior runBehavior, String resetOptionsString, Boolean isInternal, Boolean forDescribeParameterEncryption, Boolean shouldCacheForAlwaysEncrypted)
   at System.Data.SqlClient.SqlCommand.RunExecuteReaderTds(CommandBehavior cmdBehavior, RunBehavior runBehavior, Boolean returnStream, Boolean async, Int32 timeout, Task& task, Boolean asyncWrite, Boolean inRetry, SqlDataReader ds, Boolean describeParameterEncryptionRequest)
   at System.Data.SqlClient.SqlCommand.RunExecuteReader(CommandBehavior cmdBehavior, RunBehavior runBehavior, Boolean returnStream, String method, TaskCompletionSource`1 completion, Int32 timeout, Task& task, Boolean& usedCache, Boolean asyncWrite, Boolean inRetry)
   at System.Data.SqlClient.SqlCommand.RunExecuteReader(CommandBehavior cmdBehavior, RunBehavior runBehavior, Boolean returnStream, String method)
   at System.Data.SqlClient.SqlCommand.ExecuteReader(CommandBehavior behavior, String method)
   at System.Data.SqlClient.SqlCommand.ExecuteDbDataReader(CommandBehavior behavior)
   at System.Data.Common.DbCommand.ExecuteReader(CommandBehavior behavior)
   at System.Data.Entity.Infrastructure.Interception.DbCommandDispatcher.<Reader>b__c(DbCommand t, DbCommandInterceptionContext`1 c)
   at System.Data.Entity.Infrastructure.Interception.InternalDispatcher`1.Dispatch[TTarget,TInterceptionContext,TResult](TTarget target, Func`3 operation, TInterceptionContext interceptionContext, Action`3 executing, Action`3 executed)
   at System.Data.Entity.Infrastructure.Interception.DbCommandDispatcher.Reader(DbCommand command, DbCommandInterceptionContext interceptionContext)
   at System.Data.Entity.Internal.InterceptableDbCommand.ExecuteDbDataReader(CommandBehavior behavior)
   at System.Data.Common.DbCommand.ExecuteReader(CommandBehavior behavior)
   at System.Data.Entity.Core.Objects.ObjectContext.ExecuteStoreQueryInternal[TElement](String commandText, String entitySetName, ExecutionOptions executionOptions, Object[] parameters)
   at System.Data.Entity.Core.Objects.ObjectContext.<>c__DisplayClass65`1.<ExecuteStoreQueryReliably>b__64()
   at System.Data.Entity.Core.Objects.ObjectContext.ExecuteInTransaction[T](Func`1 func, IDbExecutionStrategy executionStrategy, Boolean startLocalTransaction, Boolean releaseConnectionOnSuccess)
   at System.Data.Entity.Core.Objects.ObjectContext.<>c__DisplayClass65`1.<ExecuteStoreQueryReliably>b__63()
   at System.Data.Entity.SqlServer.DefaultSqlExecutionStrategy.Execute[TResult](Func`1 operation)
   at System.Data.Entity.Core.Objects.ObjectContext.ExecuteStoreQueryReliably[TElement](String commandText, String entitySetName, ExecutionOptions executionOptions, Object[] parameters)
   at System.Data.Entity.Core.Objects.ObjectContext.ExecuteStoreQuery[TElement](String commandText, ExecutionOptions executionOptions, Object[] parameters)
   at System.Data.Entity.Internal.InternalContext.<>c__DisplayClass14`1.<ExecuteSqlQuery>b__13()
   at System.Data.Entity.Internal.LazyEnumerator`1.MoveNext()
   at System.Linq.Enumerable.FirstOrDefault[TSource](IEnumerable`1 source)
   at NA.PMS.Repository.Property.MergeSplitPropertyRepository.MergeRequest(String rids, Int32 userId, Decimal charges, Int32 status, Int32 type, Nullable`1 requestNo, String comment) in d:\TFSProject\NoidaAuthority\Source\NA.PMS\NA.PMS.Repository\Property\MergeSplitPropertyRepository.cs:line 471
   at NA.PMS.Service.Property.MergeSplitPropertyService.MergeRequest(String rids, Int32 userId, Decimal charges, Int32 status, Int32 type, Nullable`1 requestNo, String comment) in d:\TFSProject\NoidaAuthority\Source\NA.PMS\NA.PMS.Service\Property\MergeSplitPropertyService.cs:line 110
   at NA.PMS.Web.Areas.Property.Controllers.MergeSplitPropertiesController.SubmitRequestForApproval(String allRids, Int32 userId, Decimal charge) in d:\TFSProject\NoidaAuthority\Source\NA.PMS\NA.PMS.Web\Areas\Property\Controllers\MergeSplitPropertiesController.cs:line 352
   at lambda_method(Closure , ControllerBase , Object[] )
   at System.Web.Mvc.ActionMethodDispatcher.Execute(ControllerBase controller, Object[] parameters)
   at System.Web.Mvc.ReflectedActionDescriptor.Execute(ControllerContext controllerContext, IDictionary`2 parameters)
   at System.Web.Mvc.ControllerActionInvoker.InvokeActionMethod(ControllerContext controllerContext, ActionDescriptor actionDescriptor, IDictionary`2 parameters)
   at System.Web.Mvc.Async.AsyncControllerActionInvoker.ActionInvocation.InvokeSynchronousActionMethod()
   at System.Web.Mvc.Async.AsyncControllerActionInvoker.<BeginInvokeSynchronousActionMethod>b__39(IAsyncResult asyncResult, ActionInvocation innerInvokeState)
   at System.Web.Mvc.Async.AsyncResultWrapper.WrappedAsyncResult`2.CallEndDelegate(IAsyncResult asyncResult)
   at System.Web.Mvc.Async.AsyncResultWrapper.WrappedAsyncResultBase`1.End()
   at System.Web.Mvc.Async.AsyncResultWrapper.End[TResult](IAsyncResult asyncResult, Object tag)
   at System.Web.Mvc.Async.AsyncControllerActionInvoker.EndInvokeActionMethod(IAsyncResult asyncResult)
   at System.Web.Mvc.Async.AsyncControllerActionInvoker.AsyncInvocationWithFilters.<InvokeActionMethodFilterAsynchronouslyRecursive>b__3d()
   at System.Web.Mvc.Async.AsyncControllerActionInvoker.AsyncInvocationWithFilters.<>c__DisplayClass46.<InvokeActionMethodFilterAsynchronouslyRecursive>b__3f()
   at System.Web.Mvc.Async.AsyncControllerActionInvoker.AsyncInvocationWithFilters.<>c__DisplayClass46.<InvokeActionMethodFilterAsynchronouslyRecursive>b__3f()
   at System.Web.Mvc.Async.AsyncControllerActionInvoker.<>c__DisplayClass33.<BeginInvokeActionMethodWithFilters>b__32(IAsyncResult asyncResult)
   at System.Web.Mvc.Async.AsyncResultWrapper.WrappedAsyncResult`1.CallEndDelegate(IAsyncResult asyncResult)
   at System.Web.Mvc.Async.AsyncResultWrapper.WrappedAsyncResultBase`1.End()
   at System.Web.Mvc.Async.AsyncResultWrapper.End[TResult](IAsyncResult asyncResult, Object tag)
   at System.Web.Mvc.Async.AsyncControllerActionInvoker.EndInvokeActionMethodWithFilters(IAsyncResult asyncResult)
   at System.Web.Mvc.Async.AsyncControllerActionInvoker.<>c__DisplayClass21.<>c__DisplayClass2b.<BeginInvokeAction>b__1c()
   at System.Web.Mvc.Async.AsyncControllerActionInvoker.<>c__DisplayClass21.<BeginInvokeAction>b__1e(IAsyncResult asyncResult)
ClientConnectionId:fd81f4b7-0b0a-4f7b-8dee-29f2e095cf52
Error Number:2627,State:1,Class:14
2021-11-24 16:24:31,235 => ERROR NA.PMS.Common.Logger.LogService.LogError():97 - Global Exception
System.Data.SqlClient.SqlException (0x80131904): Violation of UNIQUE KEY constraint 'UQ__SchemePr__9C0B8C7C12E11473'. Cannot insert duplicate key in object 'dbo.SchemePropTrans'. The duplicate key value is (<NULL>).
The statement has been terminated.
 
   at System.Data.SqlClient.SqlConnection.OnError(SqlException exception, Boolean breakConnection, Action`1 wrapCloseInAction)
   at System.Data.SqlClient.SqlInternalConnection.OnError(SqlException exception, Boolean breakConnection, Action`1 wrapCloseInAction)
   at System.Data.SqlClient.TdsParser.ThrowExceptionAndWarning(TdsParserStateObject stateObj, Boolean callerHasConnectionLock, Boolean asyncClose)
   at System.Data.SqlClient.TdsParser.TryRun(RunBehavior runBehavior, SqlCommand cmdHandler, SqlDataReader dataStream, BulkCopySimpleResultSet bulkCopyHandler, TdsParserStateObject stateObj, Boolean& dataReady)
   at System.Data.SqlClient.SqlDataReader.TryConsumeMetaData()
   at System.Data.SqlClient.SqlDataReader.get_MetaData()
   at System.Data.SqlClient.SqlCommand.FinishExecuteReader(SqlDataReader ds, RunBehavior runBehavior, String resetOptionsString, Boolean isInternal, Boolean forDescribeParameterEncryption, Boolean shouldCacheForAlwaysEncrypted)
   at System.Data.SqlClient.SqlCommand.RunExecuteReaderTds(CommandBehavior cmdBehavior, RunBehavior runBehavior, Boolean returnStream, Boolean async, Int32 timeout, Task& task, Boolean asyncWrite, Boolean inRetry, SqlDataReader ds, Boolean describeParameterEncryptionRequest)
   at System.Data.SqlClient.SqlCommand.RunExecuteReader(CommandBehavior cmdBehavior, RunBehavior runBehavior, Boolean returnStream, String method, TaskCompletionSource`1 completion, Int32 timeout, Task& task, Boolean& usedCache, Boolean asyncWrite, Boolean inRetry)
   at System.Data.SqlClient.SqlCommand.RunExecuteReader(CommandBehavior cmdBehavior, RunBehavior runBehavior, Boolean returnStream, String method)
   at System.Data.SqlClient.SqlCommand.ExecuteReader(CommandBehavior behavior, String method)
   at System.Data.SqlClient.SqlCommand.ExecuteDbDataReader(CommandBehavior behavior)
   at System.Data.Common.DbCommand.ExecuteReader(CommandBehavior behavior)
   at System.Data.Entity.Infrastructure.Interception.DbCommandDispatcher.<Reader>b__c(DbCommand t, DbCommandInterceptionContext`1 c)
   at System.Data.Entity.Infrastructure.Interception.InternalDispatcher`1.Dispatch[TTarget,TInterceptionContext,TResult](TTarget target, Func`3 operation, TInterceptionContext interceptionContext, Action`3 executing, Action`3 executed)
   at System.Data.Entity.Infrastructure.Interception.DbCommandDispatcher.Reader(DbCommand command, DbCommandInterceptionContext interceptionContext)
   at System.Data.Entity.Internal.InterceptableDbCommand.ExecuteDbDataReader(CommandBehavior behavior)
   at System.Data.Common.DbCommand.ExecuteReader(CommandBehavior behavior)
   at System.Data.Entity.Core.Objects.ObjectContext.ExecuteStoreQueryInternal[TElement](String commandText, String entitySetName, ExecutionOptions executionOptions, Object[] parameters)
   at System.Data.Entity.Core.Objects.ObjectContext.<>c__DisplayClass65`1.<ExecuteStoreQueryReliably>b__64()
   at System.Data.Entity.Core.Objects.ObjectContext.ExecuteInTransaction[T](Func`1 func, IDbExecutionStrategy executionStrategy, Boolean startLocalTransaction, Boolean releaseConnectionOnSuccess)
   at System.Data.Entity.Core.Objects.ObjectContext.<>c__DisplayClass65`1.<ExecuteStoreQueryReliably>b__63()
   at System.Data.Entity.SqlServer.DefaultSqlExecutionStrategy.Execute[TResult](Func`1 operation)
   at System.Data.Entity.Core.Objects.ObjectContext.ExecuteStoreQueryReliably[TElement](String commandText, String entitySetName, ExecutionOptions executionOptions, Object[] parameters)
   at System.Data.Entity.Core.Objects.ObjectContext.ExecuteStoreQuery[TElement](String commandText, ExecutionOptions executionOptions, Object[] parameters)
   at System.Data.Entity.Internal.InternalContext.<>c__DisplayClass14`1.<ExecuteSqlQuery>b__13()
   at System.Data.Entity.Internal.LazyEnumerator`1.MoveNext()
   at System.Linq.Enumerable.FirstOrDefault[TSource](IEnumerable`1 source)
   at NA.PMS.Repository.Property.MergeSplitPropertyRepository.MergeRequest(String rids, Int32 userId, Decimal charges, Int32 status, Int32 type, Nullable`1 requestNo, String comment) in d:\TFSProject\NoidaAuthority\Source\NA.PMS\NA.PMS.Repository\Property\MergeSplitPropertyRepository.cs:line 471
   at NA.PMS.Service.Property.MergeSplitPropertyService.MergeRequest(String rids, Int32 userId, Decimal charges, Int32 status, Int32 type, Nullable`1 requestNo, String comment) in d:\TFSProject\NoidaAuthority\Source\NA.PMS\NA.PMS.Service\Property\MergeSplitPropertyService.cs:line 110
   at NA.PMS.Web.Areas.Property.Controllers.MergeSplitPropertiesController.SubmitRequestForApproval(String allRids, Int32 userId, Decimal charge) in d:\TFSProject\NoidaAuthority\Source\NA.PMS\NA.PMS.Web\Areas\Property\Controllers\MergeSplitPropertiesController.cs:line 352
   at lambda_method(Closure , ControllerBase , Object[] )
   at System.Web.Mvc.ActionMethodDispatcher.Execute(ControllerBase controller, Object[] parameters)
   at System.Web.Mvc.ReflectedActionDescriptor.Execute(ControllerContext controllerContext, IDictionary`2 parameters)
   at System.Web.Mvc.ControllerActionInvoker.InvokeActionMethod(ControllerContext controllerContext, ActionDescriptor actionDescriptor, IDictionary`2 parameters)
   at System.Web.Mvc.Async.AsyncControllerActionInvoker.ActionInvocation.InvokeSynchronousActionMethod()
   at System.Web.Mvc.Async.AsyncControllerActionInvoker.<BeginInvokeSynchronousActionMethod>b__39(IAsyncResult asyncResult, ActionInvocation innerInvokeState)
   at System.Web.Mvc.Async.AsyncResultWrapper.WrappedAsyncResult`2.CallEndDelegate(IAsyncResult asyncResult)
   at System.Web.Mvc.Async.AsyncResultWrapper.WrappedAsyncResultBase`1.End()
   at System.Web.Mvc.Async.AsyncResultWrapper.End[TResult](IAsyncResult asyncResult, Object tag)
   at System.Web.Mvc.Async.AsyncControllerActionInvoker.EndInvokeActionMethod(IAsyncResult asyncResult)
   at System.Web.Mvc.Async.AsyncControllerActionInvoker.AsyncInvocationWithFilters.<InvokeActionMethodFilterAsynchronouslyRecursive>b__3d()
   at System.Web.Mvc.Async.AsyncControllerActionInvoker.AsyncInvocationWithFilters.<>c__DisplayClass46.<InvokeActionMethodFilterAsynchronouslyRecursive>b__3f()
   at System.Web.Mvc.Async.AsyncControllerActionInvoker.AsyncInvocationWithFilters.<>c__DisplayClass46.<InvokeActionMethodFilterAsynchronouslyRecursive>b__3f()
   at System.Web.Mvc.Async.AsyncControllerActionInvoker.<>c__DisplayClass33.<BeginInvokeActionMethodWithFilters>b__32(IAsyncResult asyncResult)
   at System.Web.Mvc.Async.AsyncResultWrapper.WrappedAsyncResult`1.CallEndDelegate(IAsyncResult asyncResult)
   at System.Web.Mvc.Async.AsyncResultWrapper.WrappedAsyncResultBase`1.End()
   at System.Web.Mvc.Async.AsyncResultWrapper.End[TResult](IAsyncResult asyncResult, Object tag)
   at System.Web.Mvc.Async.AsyncControllerActionInvoker.EndInvokeActionMethodWithFilters(IAsyncResult asyncResult)
   at System.Web.Mvc.Async.AsyncControllerActionInvoker.<>c__DisplayClass21.<>c__DisplayClass2b.<BeginInvokeAction>b__1c()
   at System.Web.Mvc.Async.AsyncControllerActionInvoker.<>c__DisplayClass21.<BeginInvokeAction>b__1e(IAsyncResult asyncResult)
   at System.Web.Mvc.Async.AsyncResultWrapper.WrappedAsyncResult`1.CallEndDelegate(IAsyncResult asyncResult)
   at System.Web.Mvc.Async.AsyncResultWrapper.WrappedAsyncResultBase`1.End()
   at System.Web.Mvc.Async.AsyncResultWrapper.End[TResult](IAsyncResult asyncResult, Object tag)
   at System.Web.Mvc.Async.AsyncControllerActionInvoker.EndInvokeAction(IAsyncResult asyncResult)
   at System.Web.Mvc.Controller.<BeginExecuteCore>b__1d(IAsyncResult asyncResult, ExecuteCoreState innerState)
   at System.Web.Mvc.Async.AsyncResultWrapper.WrappedAsyncVoid`1.CallEndDelegate(IAsyncResult asyncResult)
   at System.Web.Mvc.Async.AsyncResultWrapper.WrappedAsyncResultBase`1.End()
   at System.Web.Mvc.Async.AsyncResultWrapper.End[TResult](IAsyncResult asyncResult, Object tag)
   at System.Web.Mvc.Async.AsyncResultWrapper.End(IAsyncResult asyncResult, Object tag)
   at System.Web.Mvc.Controller.EndExecuteCore(IAsyncResult asyncResult)
   at System.Web.Mvc.Controller.<BeginExecute>b__15(IAsyncResult asyncResult, Controller controller)
   at System.Web.Mvc.Async.AsyncResultWrapper.WrappedAsyncVoid`1.CallEndDelegate(IAsyncResult asyncResult)
   at System.Web.Mvc.Async.AsyncResultWrapper.WrappedAsyncResultBase`1.End()
   at System.Web.Mvc.Async.AsyncResultWrapper.End[TResult](IAsyncResult asyncResult, Object tag)
   at System.Web.Mvc.Async.AsyncResultWrapper.End(IAsyncResult asyncResult, Object tag)
   at System.Web.Mvc.Controller.EndExecute(IAsyncResult asyncResult)
   at System.Web.Mvc.Controller.System.Web.Mvc.Async.IAsyncController.EndExecute(IAsyncResult asyncResult)
   at System.Web.Mvc.MvcHandler.<BeginProcessRequest>b__5(IAsyncResult asyncResult, ProcessRequestState innerState)
   at System.Web.Mvc.Async.AsyncResultWrapper.WrappedAsyncVoid`1.CallEndDelegate(IAsyncResult asyncResult)
   at System.Web.Mvc.Async.AsyncResultWrapper.WrappedAsyncResultBase`1.End()
   at System.Web.Mvc.Async.AsyncResultWrapper.End[TResult](IAsyncResult asyncResult, Object tag)
   at System.Web.Mvc.Async.AsyncResultWrapper.End(IAsyncResult asyncResult, Object tag)
   at System.Web.Mvc.MvcHandler.EndProcessRequest(IAsyncResult asyncResult)
   at System.Web.Mvc.MvcHandler.System.Web.IHttpAsyncHandler.EndProcessRequest(IAsyncResult result)
   at System.Web.HttpApplication.CallHandlerExecutionStep.System.Web.HttpApplication.IExecutionStep.Execute()
   at System.Web.HttpApplication.ExecuteStepImpl(IExecutionStep step)
   at System.Web.HttpApplication.ExecuteStep(IExecutionStep step, Boolean& completedSynchronously)
ClientConnectionId:fd81f4b7-0b0a-4f7b-8dee-29f2e095cf52
Error Number:2627,State:1,Class:14
2021-11-24 16:24:31,868 => INFO  NA.PMS.Common.Logger.LogService.LogInformation():24 - Executing Action: SubmitRequestForApproval on Controller: MergeSplitProperties For User : svamadmin.
2021-11-24 16:24:35,954 => INFO  NA.PMS.Common.Logger.LogService.LogInformation():24 - Executed Action: SubmitRequestForApproval on Controller: MergeSplitProperties For User : svamadmin.
2021-11-24 16:24:36,015 => ERROR NA.PMS.Common.Logger.LogService.LogError():97 - Controller Exception
System.Data.SqlClient.SqlException (0x80131904): Violation of UNIQUE KEY constraint 'UQ__SchemePr__9C0B8C7C12E11473'. Cannot insert duplicate key in object 'dbo.SchemePropTrans'. The duplicate key value is (<NULL>).
The statement has been terminated.
 
   at System.Data.SqlClient.SqlConnection.OnError(SqlException exception, Boolean breakConnection, Action`1 wrapCloseInAction)
   at System.Data.SqlClient.SqlInternalConnection.OnError(SqlException exception, Boolean breakConnection, Action`1 wrapCloseInAction)
   at System.Data.SqlClient.TdsParser.ThrowExceptionAndWarning(TdsParserStateObject stateObj, Boolean callerHasConnectionLock, Boolean asyncClose)
   at System.Data.SqlClient.TdsParser.TryRun(RunBehavior runBehavior, SqlCommand cmdHandler, SqlDataReader dataStream, BulkCopySimpleResultSet bulkCopyHandler, TdsParserStateObject stateObj, Boolean& dataReady)
   at System.Data.SqlClient.SqlDataReader.TryConsumeMetaData()
   at System.Data.SqlClient.SqlDataReader.get_MetaData()
   at System.Data.SqlClient.SqlCommand.FinishExecuteReader(SqlDataReader ds, RunBehavior runBehavior, String resetOptionsString, Boolean isInternal, Boolean forDescribeParameterEncryption, Boolean shouldCacheForAlwaysEncrypted)
   at System.Data.SqlClient.SqlCommand.RunExecuteReaderTds(CommandBehavior cmdBehavior, RunBehavior runBehavior, Boolean returnStream, Boolean async, Int32 timeout, Task& task, Boolean asyncWrite, Boolean inRetry, SqlDataReader ds, Boolean describeParameterEncryptionRequest)
   at System.Data.SqlClient.SqlCommand.RunExecuteReader(CommandBehavior cmdBehavior, RunBehavior runBehavior, Boolean returnStream, String method, TaskCompletionSource`1 completion, Int32 timeout, Task& task, Boolean& usedCache, Boolean asyncWrite, Boolean inRetry)
   at System.Data.SqlClient.SqlCommand.RunExecuteReader(CommandBehavior cmdBehavior, RunBehavior runBehavior, Boolean returnStream, String method)
   at System.Data.SqlClient.SqlCommand.ExecuteReader(CommandBehavior behavior, String method)
   at System.Data.SqlClient.SqlCommand.ExecuteDbDataReader(CommandBehavior behavior)
   at System.Data.Common.DbCommand.ExecuteReader(CommandBehavior behavior)
   at System.Data.Entity.Infrastructure.Interception.DbCommandDispatcher.<Reader>b__c(DbCommand t, DbCommandInterceptionContext`1 c)
   at System.Data.Entity.Infrastructure.Interception.InternalDispatcher`1.Dispatch[TTarget,TInterceptionContext,TResult](TTarget target, Func`3 operation, TInterceptionContext interceptionContext, Action`3 executing, Action`3 executed)
   at System.Data.Entity.Infrastructure.Interception.DbCommandDispatcher.Reader(DbCommand command, DbCommandInterceptionContext interceptionContext)
   at System.Data.Entity.Internal.InterceptableDbCommand.ExecuteDbDataReader(CommandBehavior behavior)
   at System.Data.Common.DbCommand.ExecuteReader(CommandBehavior behavior)
   at System.Data.Entity.Core.Objects.ObjectContext.ExecuteStoreQueryInternal[TElement](String commandText, String entitySetName, ExecutionOptions executionOptions, Object[] parameters)
   at System.Data.Entity.Core.Objects.ObjectContext.<>c__DisplayClass65`1.<ExecuteStoreQueryReliably>b__64()
   at System.Data.Entity.Core.Objects.ObjectContext.ExecuteInTransaction[T](Func`1 func, IDbExecutionStrategy executionStrategy, Boolean startLocalTransaction, Boolean releaseConnectionOnSuccess)
   at System.Data.Entity.Core.Objects.ObjectContext.<>c__DisplayClass65`1.<ExecuteStoreQueryReliably>b__63()
   at System.Data.Entity.SqlServer.DefaultSqlExecutionStrategy.Execute[TResult](Func`1 operation)
   at System.Data.Entity.Core.Objects.ObjectContext.ExecuteStoreQueryReliably[TElement](String commandText, String entitySetName, ExecutionOptions executionOptions, Object[] parameters)
   at System.Data.Entity.Core.Objects.ObjectContext.ExecuteStoreQuery[TElement](String commandText, ExecutionOptions executionOptions, Object[] parameters)
   at System.Data.Entity.Internal.InternalContext.<>c__DisplayClass14`1.<ExecuteSqlQuery>b__13()
   at System.Data.Entity.Internal.LazyEnumerator`1.MoveNext()
   at System.Linq.Enumerable.FirstOrDefault[TSource](IEnumerable`1 source)
   at NA.PMS.Repository.Property.MergeSplitPropertyRepository.MergeRequest(String rids, Int32 userId, Decimal charges, Int32 status, Int32 type, Nullable`1 requestNo, String comment) in d:\TFSProject\NoidaAuthority\Source\NA.PMS\NA.PMS.Repository\Property\MergeSplitPropertyRepository.cs:line 471
   at NA.PMS.Service.Property.MergeSplitPropertyService.MergeRequest(String rids, Int32 userId, Decimal charges, Int32 status, Int32 type, Nullable`1 requestNo, String comment) in d:\TFSProject\NoidaAuthority\Source\NA.PMS\NA.PMS.Service\Property\MergeSplitPropertyService.cs:line 110
   at NA.PMS.Web.Areas.Property.Controllers.MergeSplitPropertiesController.SubmitRequestForApproval(String allRids, Int32 userId, Decimal charge) in d:\TFSProject\NoidaAuthority\Source\NA.PMS\NA.PMS.Web\Areas\Property\Controllers\MergeSplitPropertiesController.cs:line 352
   at lambda_method(Closure , ControllerBase , Object[] )
   at System.Web.Mvc.ActionMethodDispatcher.Execute(ControllerBase controller, Object[] parameters)
   at System.Web.Mvc.ReflectedActionDescriptor.Execute(ControllerContext controllerContext, IDictionary`2 parameters)
   at System.Web.Mvc.ControllerActionInvoker.InvokeActionMethod(ControllerContext controllerContext, ActionDescriptor actionDescriptor, IDictionary`2 parameters)
   at System.Web.Mvc.Async.AsyncControllerActionInvoker.ActionInvocation.InvokeSynchronousActionMethod()
   at System.Web.Mvc.Async.AsyncControllerActionInvoker.<BeginInvokeSynchronousActionMethod>b__39(IAsyncResult asyncResult, ActionInvocation innerInvokeState)
   at System.Web.Mvc.Async.AsyncResultWrapper.WrappedAsyncResult`2.CallEndDelegate(IAsyncResult asyncResult)
   at System.Web.Mvc.Async.AsyncResultWrapper.WrappedAsyncResultBase`1.End()
   at System.Web.Mvc.Async.AsyncResultWrapper.End[TResult](IAsyncResult asyncResult, Object tag)
   at System.Web.Mvc.Async.AsyncControllerActionInvoker.EndInvokeActionMethod(IAsyncResult asyncResult)
   at System.Web.Mvc.Async.AsyncControllerActionInvoker.AsyncInvocationWithFilters.<InvokeActionMethodFilterAsynchronouslyRecursive>b__3d()
   at System.Web.Mvc.Async.AsyncControllerActionInvoker.AsyncInvocationWithFilters.<>c__DisplayClass46.<InvokeActionMethodFilterAsynchronouslyRecursive>b__3f()
   at System.Web.Mvc.Async.AsyncControllerActionInvoker.AsyncInvocationWithFilters.<>c__DisplayClass46.<InvokeActionMethodFilterAsynchronouslyRecursive>b__3f()
   at System.Web.Mvc.Async.AsyncControllerActionInvoker.<>c__DisplayClass33.<BeginInvokeActionMethodWithFilters>b__32(IAsyncResult asyncResult)
   at System.Web.Mvc.Async.AsyncResultWrapper.WrappedAsyncResult`1.CallEndDelegate(IAsyncResult asyncResult)
   at System.Web.Mvc.Async.AsyncResultWrapper.WrappedAsyncResultBase`1.End()
   at System.Web.Mvc.Async.AsyncResultWrapper.End[TResult](IAsyncResult asyncResult, Object tag)
   at System.Web.Mvc.Async.AsyncControllerActionInvoker.EndInvokeActionMethodWithFilters(IAsyncResult asyncResult)
   at System.Web.Mvc.Async.AsyncControllerActionInvoker.<>c__DisplayClass21.<>c__DisplayClass2b.<BeginInvokeAction>b__1c()
   at System.Web.Mvc.Async.AsyncControllerActionInvoker.<>c__DisplayClass21.<BeginInvokeAction>b__1e(IAsyncResult asyncResult)
ClientConnectionId:fd81f4b7-0b0a-4f7b-8dee-29f2e095cf52
Error Number:2627,State:1,Class:14
2021-11-24 16:24:36,052 => ERROR NA.PMS.Common.Logger.LogService.LogError():97 - Global Exception
System.Data.SqlClient.SqlException (0x80131904): Violation of UNIQUE KEY constraint 'UQ__SchemePr__9C0B8C7C12E11473'. Cannot insert duplicate key in object 'dbo.SchemePropTrans'. The duplicate key value is (<NULL>).
The statement has been terminated.
 
   at System.Data.SqlClient.SqlConnection.OnError(SqlException exception, Boolean breakConnection, Action`1 wrapCloseInAction)
   at System.Data.SqlClient.SqlInternalConnection.OnError(SqlException exception, Boolean breakConnection, Action`1 wrapCloseInAction)
   at System.Data.SqlClient.TdsParser.ThrowExceptionAndWarning(TdsParserStateObject stateObj, Boolean callerHasConnectionLock, Boolean asyncClose)
   at System.Data.SqlClient.TdsParser.TryRun(RunBehavior runBehavior, SqlCommand cmdHandler, SqlDataReader dataStream, BulkCopySimpleResultSet bulkCopyHandler, TdsParserStateObject stateObj, Boolean& dataReady)
   at System.Data.SqlClient.SqlDataReader.TryConsumeMetaData()
   at System.Data.SqlClient.SqlDataReader.get_MetaData()
   at System.Data.SqlClient.SqlCommand.FinishExecuteReader(SqlDataReader ds, RunBehavior runBehavior, String resetOptionsString, Boolean isInternal, Boolean forDescribeParameterEncryption, Boolean shouldCacheForAlwaysEncrypted)
   at System.Data.SqlClient.SqlCommand.RunExecuteReaderTds(CommandBehavior cmdBehavior, RunBehavior runBehavior, Boolean returnStream, Boolean async, Int32 timeout, Task& task, Boolean asyncWrite, Boolean inRetry, SqlDataReader ds, Boolean describeParameterEncryptionRequest)
   at System.Data.SqlClient.SqlCommand.RunExecuteReader(CommandBehavior cmdBehavior, RunBehavior runBehavior, Boolean returnStream, String method, TaskCompletionSource`1 completion, Int32 timeout, Task& task, Boolean& usedCache, Boolean asyncWrite, Boolean inRetry)
   at System.Data.SqlClient.SqlCommand.RunExecuteReader(CommandBehavior cmdBehavior, RunBehavior runBehavior, Boolean returnStream, String method)
   at System.Data.SqlClient.SqlCommand.ExecuteReader(CommandBehavior behavior, String method)
   at System.Data.SqlClient.SqlCommand.ExecuteDbDataReader(CommandBehavior behavior)
   at System.Data.Common.DbCommand.ExecuteReader(CommandBehavior behavior)
   at System.Data.Entity.Infrastructure.Interception.DbCommandDispatcher.<Reader>b__c(DbCommand t, DbCommandInterceptionContext`1 c)
   at System.Data.Entity.Infrastructure.Interception.InternalDispatcher`1.Dispatch[TTarget,TInterceptionContext,TResult](TTarget target, Func`3 operation, TInterceptionContext interceptionContext, Action`3 executing, Action`3 executed)
   at System.Data.Entity.Infrastructure.Interception.DbCommandDispatcher.Reader(DbCommand command, DbCommandInterceptionContext interceptionContext)
   at System.Data.Entity.Internal.InterceptableDbCommand.ExecuteDbDataReader(CommandBehavior behavior)
   at System.Data.Common.DbCommand.ExecuteReader(CommandBehavior behavior)
   at System.Data.Entity.Core.Objects.ObjectContext.ExecuteStoreQueryInternal[TElement](String commandText, String entitySetName, ExecutionOptions executionOptions, Object[] parameters)
   at System.Data.Entity.Core.Objects.ObjectContext.<>c__DisplayClass65`1.<ExecuteStoreQueryReliably>b__64()
   at System.Data.Entity.Core.Objects.ObjectContext.ExecuteInTransaction[T](Func`1 func, IDbExecutionStrategy executionStrategy, Boolean startLocalTransaction, Boolean releaseConnectionOnSuccess)
   at System.Data.Entity.Core.Objects.ObjectContext.<>c__DisplayClass65`1.<ExecuteStoreQueryReliably>b__63()
   at System.Data.Entity.SqlServer.DefaultSqlExecutionStrategy.Execute[TResult](Func`1 operation)
   at System.Data.Entity.Core.Objects.ObjectContext.ExecuteStoreQueryReliably[TElement](String commandText, String entitySetName, ExecutionOptions executionOptions, Object[] parameters)
   at System.Data.Entity.Core.Objects.ObjectContext.ExecuteStoreQuery[TElement](String commandText, ExecutionOptions executionOptions, Object[] parameters)
   at System.Data.Entity.Internal.InternalContext.<>c__DisplayClass14`1.<ExecuteSqlQuery>b__13()
   at System.Data.Entity.Internal.LazyEnumerator`1.MoveNext()
   at System.Linq.Enumerable.FirstOrDefault[TSource](IEnumerable`1 source)
   at NA.PMS.Repository.Property.MergeSplitPropertyRepository.MergeRequest(String rids, Int32 userId, Decimal charges, Int32 status, Int32 type, Nullable`1 requestNo, String comment) in d:\TFSProject\NoidaAuthority\Source\NA.PMS\NA.PMS.Repository\Property\MergeSplitPropertyRepository.cs:line 471
   at NA.PMS.Service.Property.MergeSplitPropertyService.MergeRequest(String rids, Int32 userId, Decimal charges, Int32 status, Int32 type, Nullable`1 requestNo, String comment) in d:\TFSProject\NoidaAuthority\Source\NA.PMS\NA.PMS.Service\Property\MergeSplitPropertyService.cs:line 110
   at NA.PMS.Web.Areas.Property.Controllers.MergeSplitPropertiesController.SubmitRequestForApproval(String allRids, Int32 userId, Decimal charge) in d:\TFSProject\NoidaAuthority\Source\NA.PMS\NA.PMS.Web\Areas\Property\Controllers\MergeSplitPropertiesController.cs:line 352
   at lambda_method(Closure , ControllerBase , Object[] )
   at System.Web.Mvc.ActionMethodDispatcher.Execute(ControllerBase controller, Object[] parameters)
   at System.Web.Mvc.ReflectedActionDescriptor.Execute(ControllerContext controllerContext, IDictionary`2 parameters)
   at System.Web.Mvc.ControllerActionInvoker.InvokeActionMethod(ControllerContext controllerContext, ActionDescriptor actionDescriptor, IDictionary`2 parameters)
   at System.Web.Mvc.Async.AsyncControllerActionInvoker.ActionInvocation.InvokeSynchronousActionMethod()
   at System.Web.Mvc.Async.AsyncControllerActionInvoker.<BeginInvokeSynchronousActionMethod>b__39(IAsyncResult asyncResult, ActionInvocation innerInvokeState)
   at System.Web.Mvc.Async.AsyncResultWrapper.WrappedAsyncResult`2.CallEndDelegate(IAsyncResult asyncResult)
   at System.Web.Mvc.Async.AsyncResultWrapper.WrappedAsyncResultBase`1.End()
   at System.Web.Mvc.Async.AsyncResultWrapper.End[TResult](IAsyncResult asyncResult, Object tag)
   at System.Web.Mvc.Async.AsyncControllerActionInvoker.EndInvokeActionMethod(IAsyncResult asyncResult)
   at System.Web.Mvc.Async.AsyncControllerActionInvoker.AsyncInvocationWithFilters.<InvokeActionMethodFilterAsynchronouslyRecursive>b__3d()
   at System.Web.Mvc.Async.AsyncControllerActionInvoker.AsyncInvocationWithFilters.<>c__DisplayClass46.<InvokeActionMethodFilterAsynchronouslyRecursive>b__3f()
   at System.Web.Mvc.Async.AsyncControllerActionInvoker.AsyncInvocationWithFilters.<>c__DisplayClass46.<InvokeActionMethodFilterAsynchronouslyRecursive>b__3f()
   at System.Web.Mvc.Async.AsyncControllerActionInvoker.<>c__DisplayClass33.<BeginInvokeActionMethodWithFilters>b__32(IAsyncResult asyncResult)
   at System.Web.Mvc.Async.AsyncResultWrapper.WrappedAsyncResult`1.CallEndDelegate(IAsyncResult asyncResult)
   at System.Web.Mvc.Async.AsyncResultWrapper.WrappedAsyncResultBase`1.End()
   at System.Web.Mvc.Async.AsyncResultWrapper.End[TResult](IAsyncResult asyncResult, Object tag)
   at System.Web.Mvc.Async.AsyncControllerActionInvoker.EndInvokeActionMethodWithFilters(IAsyncResult asyncResult)
   at System.Web.Mvc.Async.AsyncControllerActionInvoker.<>c__DisplayClass21.<>c__DisplayClass2b.<BeginInvokeAction>b__1c()
   at System.Web.Mvc.Async.AsyncControllerActionInvoker.<>c__DisplayClass21.<BeginInvokeAction>b__1e(IAsyncResult asyncResult)
   at System.Web.Mvc.Async.AsyncResultWrapper.WrappedAsyncResult`1.CallEndDelegate(IAsyncResult asyncResult)
   at System.Web.Mvc.Async.AsyncResultWrapper.WrappedAsyncResultBase`1.End()
   at System.Web.Mvc.Async.AsyncResultWrapper.End[TResult](IAsyncResult asyncResult, Object tag)
   at System.Web.Mvc.Async.AsyncControllerActionInvoker.EndInvokeAction(IAsyncResult asyncResult)
   at System.Web.Mvc.Controller.<BeginExecuteCore>b__1d(IAsyncResult asyncResult, ExecuteCoreState innerState)
   at System.Web.Mvc.Async.AsyncResultWrapper.WrappedAsyncVoid`1.CallEndDelegate(IAsyncResult asyncResult)
   at System.Web.Mvc.Async.AsyncResultWrapper.WrappedAsyncResultBase`1.End()
   at System.Web.Mvc.Async.AsyncResultWrapper.End[TResult](IAsyncResult asyncResult, Object tag)
   at System.Web.Mvc.Async.AsyncResultWrapper.End(IAsyncResult asyncResult, Object tag)
   at System.Web.Mvc.Controller.EndExecuteCore(IAsyncResult asyncResult)
   at System.Web.Mvc.Controller.<BeginExecute>b__15(IAsyncResult asyncResult, Controller controller)
   at System.Web.Mvc.Async.AsyncResultWrapper.WrappedAsyncVoid`1.CallEndDelegate(IAsyncResult asyncResult)
   at System.Web.Mvc.Async.AsyncResultWrapper.WrappedAsyncResultBase`1.End()
   at System.Web.Mvc.Async.AsyncResultWrapper.End[TResult](IAsyncResult asyncResult, Object tag)
   at System.Web.Mvc.Async.AsyncResultWrapper.End(IAsyncResult asyncResult, Object tag)
   at System.Web.Mvc.Controller.EndExecute(IAsyncResult asyncResult)
   at System.Web.Mvc.Controller.System.Web.Mvc.Async.IAsyncController.EndExecute(IAsyncResult asyncResult)
   at System.Web.Mvc.MvcHandler.<BeginProcessRequest>b__5(IAsyncResult asyncResult, ProcessRequestState innerState)
   at System.Web.Mvc.Async.AsyncResultWrapper.WrappedAsyncVoid`1.CallEndDelegate(IAsyncResult asyncResult)
   at System.Web.Mvc.Async.AsyncResultWrapper.WrappedAsyncResultBase`1.End()
   at System.Web.Mvc.Async.AsyncResultWrapper.End[TResult](IAsyncResult asyncResult, Object tag)
   at System.Web.Mvc.Async.AsyncResultWrapper.End(IAsyncResult asyncResult, Object tag)
   at System.Web.Mvc.MvcHandler.EndProcessRequest(IAsyncResult asyncResult)
   at System.Web.Mvc.MvcHandler.System.Web.IHttpAsyncHandler.EndProcessRequest(IAsyncResult result)
   at System.Web.HttpApplication.CallHandlerExecutionStep.System.Web.HttpApplication.IExecutionStep.Execute()
   at System.Web.HttpApplication.ExecuteStepImpl(IExecutionStep step)
   at System.Web.HttpApplication.ExecuteStep(IExecutionStep step, Boolean& completedSynchronously)
ClientConnectionId:fd81f4b7-0b0a-4f7b-8dee-29f2e095cf52
Error Number:2627,State:1,Class:14
2021-11-24 16:25:24,802 => INFO  NA.PMS.Common.Logger.LogService.LogInformation():24 - Executing Action: SubmitRequestForApproval on Controller: MergeSplitProperties For User : svamadmin.
2021-11-24 16:25:24,896 => INFO  NA.PMS.Common.Logger.LogService.LogInformation():24 - Executed Action: SubmitRequestForApproval on Controller: MergeSplitProperties For User : svamadmin.
2021-11-24 16:25:25,186 => INFO  NA.PMS.Common.Logger.LogService.LogInformation():24 - Executing Action: MergeProperties on Controller: MergeSplitProperties For User : svamadmin.
2021-11-24 16:25:25,210 => INFO  NA.PMS.Common.Logger.LogService.LogInformation():24 - Executed Action: MergeProperties on Controller: MergeSplitProperties For User : svamadmin.
2021-11-24 16:25:26,336 => INFO  NA.PMS.Common.Logger.LogService.LogInformation():24 - Executing Action: GetAllMergeProperties on Controller: MergeSplitProperties For User : svamadmin.
2021-11-24 16:25:26,497 => INFO  NA.PMS.Common.Logger.LogService.LogInformation():24 - Executed Action: GetAllMergeProperties on Controller: MergeSplitProperties For User : svamadmin.
2021-11-24 16:25:50,221 => INFO  NA.PMS.Common.Logger.LogService.LogInformation():24 - Executing Action: ManageMergeRequests on Controller: MergeSplitProperties For User : svamadmin.
2021-11-24 16:25:50,232 => INFO  NA.PMS.Common.Logger.LogService.LogInformation():24 - Executed Action: ManageMergeRequests on Controller: MergeSplitProperties For User : svamadmin.
2021-11-24 16:25:51,427 => INFO  NA.PMS.Common.Logger.LogService.LogInformation():24 - Executing Action: GetAllMergeRequests on Controller: MergeSplitProperties For User : svamadmin.
2021-11-24 16:25:51,605 => INFO  NA.PMS.Common.Logger.LogService.LogInformation():24 - Executed Action: GetAllMergeRequests on Controller: MergeSplitProperties For User : svamadmin.
2021-11-24 16:26:22,926 => INFO  NA.PMS.Common.Logger.LogService.LogInformation():24 - Executing Action: ManageMergeRequests on Controller: MergeSplitProperties For User : svamadmin.
2021-11-24 16:26:22,940 => INFO  NA.PMS.Common.Logger.LogService.LogInformation():24 - Executed Action: ManageMergeRequests on Controller: MergeSplitProperties For User : svamadmin.
2021-11-24 16:26:24,218 => INFO  NA.PMS.Common.Logger.LogService.LogInformation():24 - Executing Action: GetAllMergeRequests on Controller: MergeSplitProperties For User : svamadmin.
2021-11-24 16:26:24,382 => INFO  NA.PMS.Common.Logger.LogService.LogInformation():24 - Executed Action: GetAllMergeRequests on Controller: MergeSplitProperties For User : svamadmin.
2021-11-24 16:26:37,397 => INFO  NA.PMS.Common.Logger.LogService.LogInformation():24 - Executing Action: MergeProperties on Controller: MergeSplitProperties For User : svamadmin.
2021-11-24 16:26:37,412 => INFO  NA.PMS.Common.Logger.LogService.LogInformation():24 - Executed Action: MergeProperties on Controller: MergeSplitProperties For User : svamadmin.
2021-11-24 16:26:38,407 => INFO  NA.PMS.Common.Logger.LogService.LogInformation():24 - Executing Action: GetAllMergeProperties on Controller: MergeSplitProperties For User : svamadmin.
2021-11-24 16:26:38,547 => INFO  NA.PMS.Common.Logger.LogService.LogInformation():24 - Executed Action: GetAllMergeProperties on Controller: MergeSplitProperties For User : svamadmin.
2021-11-24 16:27:02,749 => INFO  NA.PMS.Common.Logger.LogService.LogInformation():24 - Executing Action: GetAllMergeProperties on Controller: MergeSplitProperties For User : svamadmin.
2021-11-24 16:27:02,892 => INFO  NA.PMS.Common.Logger.LogService.LogInformation():24 - Executed Action: GetAllMergeProperties on Controller: MergeSplitProperties For User : svamadmin.
2021-11-24 16:27:48,101 => INFO  NA.PMS.Common.Logger.LogService.LogInformation():24 - Executing Action: EditMergeRequest on Controller: MergeSplitProperties  For User : svamadmin Given Route: 153.
2021-11-24 16:27:48,581 => INFO  NA.PMS.Common.Logger.LogService.LogInformation():24 - Executed Action: EditMergeRequest on Controller: MergeSplitProperties For User : svamadmin Given Route: 153.
2021-11-24 16:27:51,099 => INFO  NA.PMS.Common.Logger.LogService.LogInformation():24 - Executing Action: GetSectorsByDeptId on Controller: MergeSplitProperties For User : svamadmin.
2021-11-24 16:27:51,250 => INFO  NA.PMS.Common.Logger.LogService.LogInformation():24 - Executed Action: GetSectorsByDeptId on Controller: MergeSplitProperties For User : svamadmin.
2021-11-24 16:27:51,625 => INFO  NA.PMS.Common.Logger.LogService.LogInformation():24 - Executing Action: GetBlocksByDeptAndSectorId on Controller: MergeSplitProperties For User : svamadmin.
2021-11-24 16:27:51,715 => INFO  NA.PMS.Common.Logger.LogService.LogInformation():24 - Executed Action: GetBlocksByDeptAndSectorId on Controller: MergeSplitProperties For User : svamadmin.
2021-11-24 16:27:51,895 => INFO  NA.PMS.Common.Logger.LogService.LogInformation():24 - Executing Action: GetAllRIDsForSplitMerge on Controller: MergeSplitProperties For User : svamadmin.
2021-11-24 16:27:51,988 => INFO  NA.PMS.Common.Logger.LogService.LogInformation():24 - Executed Action: GetAllRIDsForSplitMerge on Controller: MergeSplitProperties For User : svamadmin.
2021-11-24 16:27:52,682 => INFO  NA.PMS.Common.Logger.LogService.LogInformation():24 - Executing Action: GetPropertiesToMergeByRequestId on Controller: MergeSplitProperties For User : svamadmin.
2021-11-24 16:27:52,733 => INFO  NA.PMS.Common.Logger.LogService.LogInformation():24 - Executed Action: GetPropertiesToMergeByRequestId on Controller: MergeSplitProperties For User : svamadmin.
2021-11-24 16:27:52,880 => INFO  NA.PMS.Common.Logger.LogService.LogInformation():24 - Executing Action: GetPropertiesToMergeByRequestId on Controller: MergeSplitProperties For User : svamadmin.
2021-11-24 16:27:52,925 => INFO  NA.PMS.Common.Logger.LogService.LogInformation():24 - Executed Action: GetPropertiesToMergeByRequestId on Controller: MergeSplitProperties For User : svamadmin.
2021-11-24 16:28:18,599 => INFO  NA.PMS.Common.Logger.LogService.LogInformation():24 - Executing Action: MergeProperties on Controller: MergeSplitProperties For User : svamadmin.
2021-11-24 16:28:18,611 => INFO  NA.PMS.Common.Logger.LogService.LogInformation():24 - Executed Action: MergeProperties on Controller: MergeSplitProperties For User : svamadmin.
2021-11-24 16:28:20,222 => INFO  NA.PMS.Common.Logger.LogService.LogInformation():24 - Executing Action: GetAllMergeProperties on Controller: MergeSplitProperties For User : svamadmin.
2021-11-24 16:28:20,405 => INFO  NA.PMS.Common.Logger.LogService.LogInformation():24 - Executed Action: GetAllMergeProperties on Controller: MergeSplitProperties For User : svamadmin.
2021-11-24 16:28:26,133 => INFO  NA.PMS.Common.Logger.LogService.LogInformation():24 - Executing Action: GetAllMergeProperties on Controller: MergeSplitProperties For User : svamadmin.
2021-11-24 16:28:26,267 => INFO  NA.PMS.Common.Logger.LogService.LogInformation():24 - Executed Action: GetAllMergeProperties on Controller: MergeSplitProperties For User : svamadmin.
2021-11-24 16:28:33,949 => INFO  NA.PMS.Common.Logger.LogService.LogInformation():24 - Executing Action: GetAllMergeProperties on Controller: MergeSplitProperties For User : svamadmin.
2021-11-24 16:28:34,107 => INFO  NA.PMS.Common.Logger.LogService.LogInformation():24 - Executed Action: GetAllMergeProperties on Controller: MergeSplitProperties For User : svamadmin.
2021-11-24 16:29:14,823 => INFO  NA.PMS.Common.Logger.LogService.LogInformation():24 - Executing Action: GetAllMergeProperties on Controller: MergeSplitProperties For User : svamadmin.
2021-11-24 16:29:14,966 => INFO  NA.PMS.Common.Logger.LogService.LogInformation():24 - Executed Action: GetAllMergeProperties on Controller: MergeSplitProperties For User : svamadmin.
2021-11-24 16:29:31,909 => INFO  NA.PMS.Common.Logger.LogService.LogInformation():24 - Executing Action: EditMergeRequest on Controller: MergeSplitProperties  For User : svamadmin Given Route: 141.
2021-11-24 16:29:32,088 => INFO  NA.PMS.Common.Logger.LogService.LogInformation():24 - Executed Action: EditMergeRequest on Controller: MergeSplitProperties For User : svamadmin Given Route: 141.
2021-11-24 16:29:35,074 => INFO  NA.PMS.Common.Logger.LogService.LogInformation():24 - Executing Action: GetSectorsByDeptId on Controller: MergeSplitProperties For User : svamadmin.
2021-11-24 16:29:35,196 => INFO  NA.PMS.Common.Logger.LogService.LogInformation():24 - Executed Action: GetSectorsByDeptId on Controller: MergeSplitProperties For User : svamadmin.
2021-11-24 16:29:35,591 => INFO  NA.PMS.Common.Logger.LogService.LogInformation():24 - Executing Action: GetBlocksByDeptAndSectorId on Controller: MergeSplitProperties For User : svamadmin.
2021-11-24 16:29:35,662 => INFO  NA.PMS.Common.Logger.LogService.LogInformation():24 - Executed Action: GetBlocksByDeptAndSectorId on Controller: MergeSplitProperties For User : svamadmin.
2021-11-24 16:29:35,797 => INFO  NA.PMS.Common.Logger.LogService.LogInformation():24 - Executing Action: GetAllRIDsForSplitMerge on Controller: MergeSplitProperties For User : svamadmin.
2021-11-24 16:29:35,861 => INFO  NA.PMS.Common.Logger.LogService.LogInformation():24 - Executed Action: GetAllRIDsForSplitMerge on Controller: MergeSplitProperties For User : svamadmin.
2021-11-24 16:29:36,142 => INFO  NA.PMS.Common.Logger.LogService.LogInformation():24 - Executing Action: GetPropertiesToMergeByRequestId on Controller: MergeSplitProperties For User : svamadmin.
2021-11-24 16:29:36,192 => INFO  NA.PMS.Common.Logger.LogService.LogInformation():24 - Executed Action: GetPropertiesToMergeByRequestId on Controller: MergeSplitProperties For User : svamadmin.
2021-11-24 16:29:36,344 => INFO  NA.PMS.Common.Logger.LogService.LogInformation():24 - Executing Action: GetPropertiesToMergeByRequestId on Controller: MergeSplitProperties For User : svamadmin.
2021-11-24 16:29:36,409 => INFO  NA.PMS.Common.Logger.LogService.LogInformation():24 - Executed Action: GetPropertiesToMergeByRequestId on Controller: MergeSplitProperties For User : svamadmin.
2021-11-24 16:31:48,685 => INFO  NA.PMS.Common.Logger.LogService.LogInformation():24 - Executing Action: Logout on Controller: Account For User : svamadmin.
2021-11-24 16:31:48,705 => INFO  NA.PMS.Common.Logger.LogService.LogInformation():24 - Executed Action: Logout on Controller: Account For User : svamadmin.
2021-11-24 16:31:51,668 => INFO  NA.PMS.Common.Logger.LogService.LogInformation():24 - Executing Action: login on Controller: Account For User : svamadmin.
2021-11-24 16:31:51,680 => INFO  NA.PMS.Common.Logger.LogService.LogInformation():24 - Executed Action: login on Controller: Account For User : svamadmin.
2021-11-24 17:02:58,483 => INFO  NA.PMS.Common.Logger.LogService.LogInformation():24 - Executing Action: Login on Controller: Account For User : svamadmin.
2021-11-24 17:02:59,050 => INFO  NA.PMS.Common.Logger.LogService.LogInformation():24 - Executed Action: Login on Controller: Account For User : svamadmin.
2021-11-24 17:10:21,313 => INFO  NA.PMS.Common.Logger.LogService.LogInformation():24 - Executing Action: Login on Controller: Account For User : svamadmin.
2021-11-24 17:10:30,069 => INFO  NA.PMS.Common.Logger.LogService.LogInformation():24 - Executed Action: Login on Controller: Account For User : svamadmin.
2021-11-24 17:10:30,110 => INFO  NA.PMS.Common.Logger.LogService.LogInformation():24 - Executing Action: Login on Controller: Account For User : svamadmin.
2021-11-24 17:10:30,128 => INFO  NA.PMS.Common.Logger.LogService.LogInformation():24 - Executed Action: Login on Controller: Account For User : svamadmin.
2021-11-24 17:10:31,675 => INFO  NA.PMS.Common.Logger.LogService.LogInformation():24 - Executing Action: LoginAfterVerifyOTP on Controller: Account For User : svamadmin.
2021-11-24 17:10:36,059 => INFO  NA.PMS.Common.Logger.LogService.LogInformation():24 - Executed Action: LoginAfterVerifyOTP on Controller: Account For User : svamadmin.
2021-11-24 17:10:36,909 => INFO  NA.PMS.Common.Logger.LogService.LogInformation():24 - Executing Action: LoginAfterVerifyOTP on Controller: Account For User : svamadmin.
2021-11-24 17:10:41,484 => INFO  NA.PMS.Common.Logger.LogService.LogInformation():24 - Executed Action: LoginAfterVerifyOTP on Controller: Account For User : svamadmin.
2021-11-24 17:10:41,913 => INFO  NA.PMS.Common.Logger.LogService.LogInformation():24 - Executing Action: GetDepartmentForAdvanceSearch on Controller: PropertyAllotment For User : svamadmin.
2021-11-24 17:10:41,980 => INFO  NA.PMS.Common.Logger.LogService.LogInformation():24 - Executed Action: GetDepartmentForAdvanceSearch on Controller: PropertyAllotment For User : svamadmin.
2021-11-24 17:10:54,263 => INFO  NA.PMS.Common.Logger.LogService.LogInformation():24 - Executing Action: MergeProperties on Controller: MergeSplitProperties For User : svamadmin.
2021-11-24 17:10:54,274 => INFO  NA.PMS.Common.Logger.LogService.LogInformation():24 - Executed Action: MergeProperties on Controller: MergeSplitProperties For User : svamadmin.
2021-11-24 17:10:55,642 => INFO  NA.PMS.Common.Logger.LogService.LogInformation():24 - Executing Action: GetAllMergeProperties on Controller: MergeSplitProperties For User : svamadmin.
2021-11-24 17:10:55,898 => INFO  NA.PMS.Common.Logger.LogService.LogInformation():24 - Executed Action: GetAllMergeProperties on Controller: MergeSplitProperties For User : svamadmin.
2021-11-24 17:10:58,505 => INFO  NA.PMS.Common.Logger.LogService.LogInformation():24 - Executing Action: GetAllMergeProperties on Controller: MergeSplitProperties For User : svamadmin.
2021-11-24 17:10:58,617 => INFO  NA.PMS.Common.Logger.LogService.LogInformation():24 - Executed Action: GetAllMergeProperties on Controller: MergeSplitProperties For User : svamadmin.
2021-11-24 17:11:17,524 => INFO  NA.PMS.Common.Logger.LogService.LogInformation():24 - Executing Action: GetAllMergeProperties on Controller: MergeSplitProperties For User : svamadmin.
2021-11-24 17:11:17,680 => INFO  NA.PMS.Common.Logger.LogService.LogInformation():24 - Executed Action: GetAllMergeProperties on Controller: MergeSplitProperties For User : svamadmin.
2021-11-24 17:11:24,180 => INFO  NA.PMS.Common.Logger.LogService.LogInformation():24 - Executing Action: GetAllMergeProperties on Controller: MergeSplitProperties For User : svamadmin.
2021-11-24 17:11:24,283 => INFO  NA.PMS.Common.Logger.LogService.LogInformation():24 - Executed Action: GetAllMergeProperties on Controller: MergeSplitProperties For User : svamadmin.
2021-11-24 17:17:25,223 => INFO  NA.PMS.Common.Logger.LogService.LogInformation():24 - Executing Action: GetDepartmentForAdvanceSearch on Controller: PropertyAllotment For User : svamadmin.
2021-11-24 17:17:25,272 => INFO  NA.PMS.Common.Logger.LogService.LogInformation():24 - Executed Action: GetDepartmentForAdvanceSearch on Controller: PropertyAllotment For User : svamadmin.
2021-11-24 17:17:41,793 => INFO  NA.PMS.Common.Logger.LogService.LogInformation():24 - Executing Action: CheckDataForAdvanceSearch on Controller: PropertyAllotment For User : svamadmin.
2021-11-24 17:17:43,332 => INFO  NA.PMS.Common.Logger.LogService.LogInformation():24 - Executed Action: CheckDataForAdvanceSearch on Controller: PropertyAllotment For User : svamadmin.
2021-11-24 17:17:43,685 => INFO  NA.PMS.Common.Logger.LogService.LogInformation():24 - Executing Action: AllotmentMaster on Controller: PropertyAllotment For User : svamadmin.
2021-11-24 17:17:43,701 => INFO  NA.PMS.Common.Logger.LogService.LogInformation():24 - Executed Action: AllotmentMaster on Controller: PropertyAllotment For User : svamadmin.
2021-11-24 17:17:53,330 => INFO  NA.PMS.Common.Logger.LogService.LogInformation():24 - Executing Action: GetDepartmentForAdvanceSearch on Controller: PropertyAllotment For User : svamadmin.
2021-11-24 17:17:53,391 => INFO  NA.PMS.Common.Logger.LogService.LogInformation():24 - Executed Action: GetDepartmentForAdvanceSearch on Controller: PropertyAllotment For User : svamadmin.
2021-11-24 17:17:53,943 => INFO  NA.PMS.Common.Logger.LogService.LogInformation():24 - Executing Action: AdvanceSearchForAllottedProperty on Controller: PropertyAllotment For User : svamadmin.
2021-11-24 17:18:17,765 => INFO  NA.PMS.Common.Logger.LogService.LogInformation():24 - Executed Action: AdvanceSearchForAllottedProperty on Controller: PropertyAllotment For User : svamadmin.
2021-11-24 17:18:23,779 => INFO  NA.PMS.Common.Logger.LogService.LogInformation():24 - Executing Action: PropertyDetails on Controller: PropertyAllotment  For User : svamadmin Given Route: 90121632.
2021-11-24 17:18:25,179 => INFO  NA.PMS.Common.Logger.LogService.LogInformation():24 - Executed Action: PropertyDetails on Controller: PropertyAllotment For User : svamadmin Given Route: 90121632.
2021-11-24 17:18:52,672 => INFO  NA.PMS.Common.Logger.LogService.LogInformation():24 - Executing Action: GetApplicantDetails on Controller: Allotment For User : svamadmin.
2021-11-24 17:18:52,881 => INFO  NA.PMS.Common.Logger.LogService.LogInformation():24 - Executed Action: GetApplicantDetails on Controller: Allotment For User : svamadmin.
2021-11-24 17:18:53,114 => INFO  NA.PMS.Common.Logger.LogService.LogInformation():24 - Executing Action: GetPaymentReschedule on Controller: PropertyAllotment For User : svamadmin.
2021-11-24 17:18:53,307 => INFO  NA.PMS.Common.Logger.LogService.LogInformation():24 - Executed Action: GetPaymentReschedule on Controller: PropertyAllotment For User : svamadmin.
2021-11-24 17:18:53,530 => INFO  NA.PMS.Common.Logger.LogService.LogInformation():24 - Executing Action: GetMultiplePaymentStatusList on Controller: Payment For User : svamadmin.
2021-11-24 17:18:54,773 => INFO  NA.PMS.Common.Logger.LogService.LogInformation():24 - Executed Action: GetMultiplePaymentStatusList on Controller: Payment For User : svamadmin.
2021-11-24 17:18:55,195 => INFO  NA.PMS.Common.Logger.LogService.LogInformation():24 - Executing Action: PropertyDetails on Controller: PropertyAllotment  For User : svamadmin Given Route: undefined.
2021-11-24 17:18:55,266 => INFO  NA.PMS.Common.Logger.LogService.LogInformation():24 - Executed Action: PropertyDetails on Controller: PropertyAllotment For User : svamadmin Given Route: undefined.
2021-11-24 17:18:55,354 => ERROR NA.PMS.Common.Logger.LogService.LogError():97 - Controller Exception
System.ArgumentException: The parameters dictionary contains a null entry for parameter 'Id' of non-nullable type 'System.Int32' for method 'System.Web.Mvc.ActionResult PropertyDetails(Int32)' in 'NA.PMS.Web.Areas.Property.Controllers.PropertyAllotmentController'. An optional parameter must be a reference type, a nullable type, or be declared as an optional parameter.
Parameter name: parameters
   at System.Web.Mvc.ActionDescriptor.ExtractParameterFromDictionary(ParameterInfo parameterInfo, IDictionary`2 parameters, MethodInfo methodInfo)
   at System.Web.Mvc.ReflectedActionDescriptor.Execute(ControllerContext controllerContext, IDictionary`2 parameters)
   at System.Web.Mvc.ControllerActionInvoker.InvokeActionMethod(ControllerContext controllerContext, ActionDescriptor actionDescriptor, IDictionary`2 parameters)
   at System.Web.Mvc.Async.AsyncControllerActionInvoker.ActionInvocation.InvokeSynchronousActionMethod()
   at System.Web.Mvc.Async.AsyncControllerActionInvoker.<BeginInvokeSynchronousActionMethod>b__39(IAsyncResult asyncResult, ActionInvocation innerInvokeState)
   at System.Web.Mvc.Async.AsyncResultWrapper.WrappedAsyncResult`2.CallEndDelegate(IAsyncResult asyncResult)
   at System.Web.Mvc.Async.AsyncResultWrapper.WrappedAsyncResultBase`1.End()
   at System.Web.Mvc.Async.AsyncResultWrapper.End[TResult](IAsyncResult asyncResult, Object tag)
   at System.Web.Mvc.Async.AsyncControllerActionInvoker.EndInvokeActionMethod(IAsyncResult asyncResult)
   at System.Web.Mvc.Async.AsyncControllerActionInvoker.AsyncInvocationWithFilters.<InvokeActionMethodFilterAsynchronouslyRecursive>b__3d()
   at System.Web.Mvc.Async.AsyncControllerActionInvoker.AsyncInvocationWithFilters.<>c__DisplayClass46.<InvokeActionMethodFilterAsynchronouslyRecursive>b__3f()
   at System.Web.Mvc.Async.AsyncControllerActionInvoker.AsyncInvocationWithFilters.<>c__DisplayClass46.<InvokeActionMethodFilterAsynchronouslyRecursive>b__3f()
   at System.Web.Mvc.Async.AsyncControllerActionInvoker.<>c__DisplayClass33.<BeginInvokeActionMethodWithFilters>b__32(IAsyncResult asyncResult)
   at System.Web.Mvc.Async.AsyncResultWrapper.WrappedAsyncResult`1.CallEndDelegate(IAsyncResult asyncResult)
   at System.Web.Mvc.Async.AsyncResultWrapper.WrappedAsyncResultBase`1.End()
   at System.Web.Mvc.Async.AsyncResultWrapper.End[TResult](IAsyncResult asyncResult, Object tag)
   at System.Web.Mvc.Async.AsyncControllerActionInvoker.EndInvokeActionMethodWithFilters(IAsyncResult asyncResult)
   at System.Web.Mvc.Async.AsyncControllerActionInvoker.<>c__DisplayClass21.<>c__DisplayClass2b.<BeginInvokeAction>b__1c()
   at System.Web.Mvc.Async.AsyncControllerActionInvoker.<>c__DisplayClass21.<BeginInvokeAction>b__1e(IAsyncResult asyncResult)
2021-11-24 17:18:55,409 => ERROR NA.PMS.Common.Logger.LogService.LogError():97 - Global Exception
System.ArgumentException: The parameters dictionary contains a null entry for parameter 'Id' of non-nullable type 'System.Int32' for method 'System.Web.Mvc.ActionResult PropertyDetails(Int32)' in 'NA.PMS.Web.Areas.Property.Controllers.PropertyAllotmentController'. An optional parameter must be a reference type, a nullable type, or be declared as an optional parameter.
Parameter name: parameters
   at System.Web.Mvc.ActionDescriptor.ExtractParameterFromDictionary(ParameterInfo parameterInfo, IDictionary`2 parameters, MethodInfo methodInfo)
   at System.Web.Mvc.ReflectedActionDescriptor.Execute(ControllerContext controllerContext, IDictionary`2 parameters)
   at System.Web.Mvc.ControllerActionInvoker.InvokeActionMethod(ControllerContext controllerContext, ActionDescriptor actionDescriptor, IDictionary`2 parameters)
   at System.Web.Mvc.Async.AsyncControllerActionInvoker.ActionInvocation.InvokeSynchronousActionMethod()
   at System.Web.Mvc.Async.AsyncControllerActionInvoker.<BeginInvokeSynchronousActionMethod>b__39(IAsyncResult asyncResult, ActionInvocation innerInvokeState)
   at System.Web.Mvc.Async.AsyncResultWrapper.WrappedAsyncResult`2.CallEndDelegate(IAsyncResult asyncResult)
   at System.Web.Mvc.Async.AsyncResultWrapper.WrappedAsyncResultBase`1.End()
   at System.Web.Mvc.Async.AsyncResultWrapper.End[TResult](IAsyncResult asyncResult, Object tag)
   at System.Web.Mvc.Async.AsyncControllerActionInvoker.EndInvokeActionMethod(IAsyncResult asyncResult)
   at System.Web.Mvc.Async.AsyncControllerActionInvoker.AsyncInvocationWithFilters.<InvokeActionMethodFilterAsynchronouslyRecursive>b__3d()
   at System.Web.Mvc.Async.AsyncControllerActionInvoker.AsyncInvocationWithFilters.<>c__DisplayClass46.<InvokeActionMethodFilterAsynchronouslyRecursive>b__3f()
   at System.Web.Mvc.Async.AsyncControllerActionInvoker.AsyncInvocationWithFilters.<>c__DisplayClass46.<InvokeActionMethodFilterAsynchronouslyRecursive>b__3f()
   at System.Web.Mvc.Async.AsyncControllerActionInvoker.<>c__DisplayClass33.<BeginInvokeActionMethodWithFilters>b__32(IAsyncResult asyncResult)
   at System.Web.Mvc.Async.AsyncResultWrapper.WrappedAsyncResult`1.CallEndDelegate(IAsyncResult asyncResult)
   at System.Web.Mvc.Async.AsyncResultWrapper.WrappedAsyncResultBase`1.End()
   at System.Web.Mvc.Async.AsyncResultWrapper.End[TResult](IAsyncResult asyncResult, Object tag)
   at System.Web.Mvc.Async.AsyncControllerActionInvoker.EndInvokeActionMethodWithFilters(IAsyncResult asyncResult)
   at System.Web.Mvc.Async.AsyncControllerActionInvoker.<>c__DisplayClass21.<>c__DisplayClass2b.<BeginInvokeAction>b__1c()
   at System.Web.Mvc.Async.AsyncControllerActionInvoker.<>c__DisplayClass21.<BeginInvokeAction>b__1e(IAsyncResult asyncResult)
   at System.Web.Mvc.Async.AsyncResultWrapper.WrappedAsyncResult`1.CallEndDelegate(IAsyncResult asyncResult)
   at System.Web.Mvc.Async.AsyncResultWrapper.WrappedAsyncResultBase`1.End()
   at System.Web.Mvc.Async.AsyncResultWrapper.End[TResult](IAsyncResult asyncResult, Object tag)
   at System.Web.Mvc.Async.AsyncControllerActionInvoker.EndInvokeAction(IAsyncResult asyncResult)
   at System.Web.Mvc.Controller.<BeginExecuteCore>b__1d(IAsyncResult asyncResult, ExecuteCoreState innerState)
   at System.Web.Mvc.Async.AsyncResultWrapper.WrappedAsyncVoid`1.CallEndDelegate(IAsyncResult asyncResult)
   at System.Web.Mvc.Async.AsyncResultWrapper.WrappedAsyncResultBase`1.End()
   at System.Web.Mvc.Async.AsyncResultWrapper.End[TResult](IAsyncResult asyncResult, Object tag)
   at System.Web.Mvc.Async.AsyncResultWrapper.End(IAsyncResult asyncResult, Object tag)
   at System.Web.Mvc.Controller.EndExecuteCore(IAsyncResult asyncResult)
   at System.Web.Mvc.Controller.<BeginExecute>b__15(IAsyncResult asyncResult, Controller controller)
   at System.Web.Mvc.Async.AsyncResultWrapper.WrappedAsyncVoid`1.CallEndDelegate(IAsyncResult asyncResult)
   at System.Web.Mvc.Async.AsyncResultWrapper.WrappedAsyncResultBase`1.End()
   at System.Web.Mvc.Async.AsyncResultWrapper.End[TResult](IAsyncResult asyncResult, Object tag)
   at System.Web.Mvc.Async.AsyncResultWrapper.End(IAsyncResult asyncResult, Object tag)
   at System.Web.Mvc.Controller.EndExecute(IAsyncResult asyncResult)
   at System.Web.Mvc.Controller.System.Web.Mvc.Async.IAsyncController.EndExecute(IAsyncResult asyncResult)
   at System.Web.Mvc.MvcHandler.<BeginProcessRequest>b__5(IAsyncResult asyncResult, ProcessRequestState innerState)
   at System.Web.Mvc.Async.AsyncResultWrapper.WrappedAsyncVoid`1.CallEndDelegate(IAsyncResult asyncResult)
   at System.Web.Mvc.Async.AsyncResultWrapper.WrappedAsyncResultBase`1.End()
   at System.Web.Mvc.Async.AsyncResultWrapper.End[TResult](IAsyncResult asyncResult, Object tag)
   at System.Web.Mvc.Async.AsyncResultWrapper.End(IAsyncResult asyncResult, Object tag)
   at System.Web.Mvc.MvcHandler.EndProcessRequest(IAsyncResult asyncResult)
   at System.Web.Mvc.MvcHandler.System.Web.IHttpAsyncHandler.EndProcessRequest(IAsyncResult result)
   at System.Web.HttpApplication.CallHandlerExecutionStep.System.Web.HttpApplication.IExecutionStep.Execute()
   at System.Web.HttpApplication.ExecuteStepImpl(IExecutionStep step)
   at System.Web.HttpApplication.ExecuteStep(IExecutionStep step, Boolean& completedSynchronously)
2021-11-24 17:18:55,633 => INFO  NA.PMS.Common.Logger.LogService.LogInformation():24 - Executing Action: GetLeaseRentDetailsByIdAndProcedure on Controller: Payment For User : svamadmin.
2021-11-24 17:20:05,702 => INFO  NA.PMS.Common.Logger.LogService.LogInformation():24 - Executed Action: GetLeaseRentDetailsByIdAndProcedure on Controller: Payment For User : svamadmin.
2021-11-24 17:20:05,779 => ERROR NA.PMS.Common.Logger.LogService.LogError():97 - Controller Exception
System.Data.Entity.Core.EntityCommandExecutionException: An error occurred while executing the command definition. See the inner exception for details. ---> System.Data.SqlClient.SqlException: Cannot insert the value NULL into column 'leaserent', table 'tempdb.dbo.#calSheet___________________________________________________________________________________________________________0000001020EA'; column does not allow nulls. UPDATE fails.
The statement has been terminated.
   at System.Data.SqlClient.SqlConnection.OnError(SqlException exception, Boolean breakConnection, Action`1 wrapCloseInAction)
   at System.Data.SqlClient.SqlInternalConnection.OnError(SqlException exception, Boolean breakConnection, Action`1 wrapCloseInAction)
   at System.Data.SqlClient.TdsParser.ThrowExceptionAndWarning(TdsParserStateObject stateObj, Boolean callerHasConnectionLock, Boolean asyncClose)
   at System.Data.SqlClient.TdsParser.TryRun(RunBehavior runBehavior, SqlCommand cmdHandler, SqlDataReader dataStream, BulkCopySimpleResultSet bulkCopyHandler, TdsParserStateObject stateObj, Boolean& dataReady)
   at System.Data.SqlClient.SqlDataReader.TryConsumeMetaData()
   at System.Data.SqlClient.SqlDataReader.get_MetaData()
   at System.Data.SqlClient.SqlCommand.FinishExecuteReader(SqlDataReader ds, RunBehavior runBehavior, String resetOptionsString, Boolean isInternal, Boolean forDescribeParameterEncryption, Boolean shouldCacheForAlwaysEncrypted)
   at System.Data.SqlClient.SqlCommand.RunExecuteReaderTds(CommandBehavior cmdBehavior, RunBehavior runBehavior, Boolean returnStream, Boolean async, Int32 timeout, Task& task, Boolean asyncWrite, Boolean inRetry, SqlDataReader ds, Boolean describeParameterEncryptionRequest)
   at System.Data.SqlClient.SqlCommand.RunExecuteReader(CommandBehavior cmdBehavior, RunBehavior runBehavior, Boolean returnStream, String method, TaskCompletionSource`1 completion, Int32 timeout, Task& task, Boolean& usedCache, Boolean asyncWrite, Boolean inRetry)
   at System.Data.SqlClient.SqlCommand.RunExecuteReader(CommandBehavior cmdBehavior, RunBehavior runBehavior, Boolean returnStream, String method)
   at System.Data.SqlClient.SqlCommand.ExecuteReader(CommandBehavior behavior, String method)
   at System.Data.SqlClient.SqlCommand.ExecuteDbDataReader(CommandBehavior behavior)
   at System.Data.Common.DbCommand.ExecuteReader(CommandBehavior behavior)
   at System.Data.Entity.Infrastructure.Interception.DbCommandDispatcher.<Reader>b__c(DbCommand t, DbCommandInterceptionContext`1 c)
   at System.Data.Entity.Infrastructure.Interception.InternalDispatcher`1.Dispatch[TTarget,TInterceptionContext,TResult](TTarget target, Func`3 operation, TInterceptionContext interceptionContext, Action`3 executing, Action`3 executed)
   at System.Data.Entity.Infrastructure.Interception.DbCommandDispatcher.Reader(DbCommand command, DbCommandInterceptionContext interceptionContext)
   at System.Data.Entity.Internal.InterceptableDbCommand.ExecuteDbDataReader(CommandBehavior behavior)
   at System.Data.Common.DbCommand.ExecuteReader(CommandBehavior behavior)
   at System.Data.Entity.Core.EntityClient.Internal.EntityCommandDefinition.ExecuteStoreCommands(EntityCommand entityCommand, CommandBehavior behavior)
   --- End of inner exception stack trace ---
   at System.Data.Entity.Core.EntityClient.Internal.EntityCommandDefinition.ExecuteStoreCommands(EntityCommand entityCommand, CommandBehavior behavior)
   at System.Data.Entity.Core.Objects.ObjectContext.CreateFunctionObjectResult[TElement](EntityCommand entityCommand, ReadOnlyCollection`1 entitySets, EdmType[] edmTypes, ExecutionOptions executionOptions)
   at System.Data.Entity.Core.Objects.ObjectContext.<>c__DisplayClass47`1.<ExecuteFunction>b__46()
   at System.Data.Entity.Core.Objects.ObjectContext.ExecuteInTransaction[T](Func`1 func, IDbExecutionStrategy executionStrategy, Boolean startLocalTransaction, Boolean releaseConnectionOnSuccess)
   at System.Data.Entity.Core.Objects.ObjectContext.<>c__DisplayClass47`1.<ExecuteFunction>b__45()
   at System.Data.Entity.SqlServer.DefaultSqlExecutionStrategy.Execute[TResult](Func`1 operation)
   at System.Data.Entity.Core.Objects.ObjectContext.ExecuteFunction[TElement](String functionName, ExecutionOptions executionOptions, ObjectParameter[] parameters)
   at System.Data.Entity.Core.Objects.ObjectContext.ExecuteFunction[TElement](String functionName, MergeOption mergeOption, ObjectParameter[] parameters)
   at System.Data.Entity.Core.Objects.ObjectContext.ExecuteFunction[TElement](String functionName, ObjectParameter[] parameters)
   at NA.PMS.Model.NoidaPMSEntities.Sp_LeaseRentDuesCalculationTillDate(String rID, Nullable`1 c, Nullable`1 landusetype) in d:\TFSProject\NoidaAuthority\Source\NA.PMS\NA.PMS.Dal\Context\NAPMS.Context.cs:line 641
   at NA.PMS.Repository.RevenueRepository.GetLeaseRentDetailsByIdAndProcedure(DataSourceRequest request, LeaseRentViewModel model) in d:\TFSProject\NoidaAuthority\Source\NA.PMS\NA.PMS.Repository\Revenue\RevenueRepository.cs:line 6451
   at NA.PMS.Service.RevenueService.GetLeaseRentDetailsByIdAndProcedure(DataSourceRequest request, LeaseRentViewModel model) in d:\TFSProject\NoidaAuthority\Source\NA.PMS\NA.PMS.Service\Revenue\RevenueService.cs:line 396
   at NA.PMS.Web.Areas.Revenue.Controllers.PaymentController.GetLeaseRentDetailsByIdAndProcedure(DataSourceRequest request, LeaseRentViewModel model) in d:\TFSProject\NoidaAuthority\Source\NA.PMS\NA.PMS.Web\Areas\Revenue\Controllers\PaymentController.cs:line 464
   at lambda_method(Closure , ControllerBase , Object[] )
   at System.Web.Mvc.ActionMethodDispatcher.Execute(ControllerBase controller, Object[] parameters)
   at System.Web.Mvc.ReflectedActionDescriptor.Execute(ControllerContext controllerContext, IDictionary`2 parameters)
   at System.Web.Mvc.ControllerActionInvoker.InvokeActionMethod(ControllerContext controllerContext, ActionDescriptor actionDescriptor, IDictionary`2 parameters)
   at System.Web.Mvc.Async.AsyncControllerActionInvoker.ActionInvocation.InvokeSynchronousActionMethod()
   at System.Web.Mvc.Async.AsyncControllerActionInvoker.<BeginInvokeSynchronousActionMethod>b__39(IAsyncResult asyncResult, ActionInvocation innerInvokeState)
   at System.Web.Mvc.Async.AsyncResultWrapper.WrappedAsyncResult`2.CallEndDelegate(IAsyncResult asyncResult)
   at System.Web.Mvc.Async.AsyncResultWrapper.WrappedAsyncResultBase`1.End()
   at System.Web.Mvc.Async.AsyncResultWrapper.End[TResult](IAsyncResult asyncResult, Object tag)
   at System.Web.Mvc.Async.AsyncControllerActionInvoker.EndInvokeActionMethod(IAsyncResult asyncResult)
   at System.Web.Mvc.Async.AsyncControllerActionInvoker.AsyncInvocationWithFilters.<InvokeActionMethodFilterAsynchronouslyRecursive>b__3d()
   at System.Web.Mvc.Async.AsyncControllerActionInvoker.AsyncInvocationWithFilters.<>c__DisplayClass46.<InvokeActionMethodFilterAsynchronouslyRecursive>b__3f()
   at System.Web.Mvc.Async.AsyncControllerActionInvoker.AsyncInvocationWithFilters.<>c__DisplayClass46.<InvokeActionMethodFilterAsynchronouslyRecursive>b__3f()
   at System.Web.Mvc.Async.AsyncControllerActionInvoker.<>c__DisplayClass33.<BeginInvokeActionMethodWithFilters>b__32(IAsyncResult asyncResult)
   at System.Web.Mvc.Async.AsyncResultWrapper.WrappedAsyncResult`1.CallEndDelegate(IAsyncResult asyncResult)
   at System.Web.Mvc.Async.AsyncResultWrapper.WrappedAsyncResultBase`1.End()
   at System.Web.Mvc.Async.AsyncResultWrapper.End[TResult](IAsyncResult asyncResult, Object tag)
   at System.Web.Mvc.Async.AsyncControllerActionInvoker.EndInvokeActionMethodWithFilters(IAsyncResult asyncResult)
   at System.Web.Mvc.Async.AsyncControllerActionInvoker.<>c__DisplayClass21.<>c__DisplayClass2b.<BeginInvokeAction>b__1c()
   at System.Web.Mvc.Async.AsyncControllerActionInvoker.<>c__DisplayClass21.<BeginInvokeAction>b__1e(IAsyncResult asyncResult)
2021-11-24 17:20:05,817 => ERROR NA.PMS.Common.Logger.LogService.LogError():97 - Global Exception
System.Data.Entity.Core.EntityCommandExecutionException: An error occurred while executing the command definition. See the inner exception for details. ---> System.Data.SqlClient.SqlException: Cannot insert the value NULL into column 'leaserent', table 'tempdb.dbo.#calSheet___________________________________________________________________________________________________________0000001020EA'; column does not allow nulls. UPDATE fails.
The statement has been terminated.
   at System.Data.SqlClient.SqlConnection.OnError(SqlException exception, Boolean breakConnection, Action`1 wrapCloseInAction)
   at System.Data.SqlClient.SqlInternalConnection.OnError(SqlException exception, Boolean breakConnection, Action`1 wrapCloseInAction)
   at System.Data.SqlClient.TdsParser.ThrowExceptionAndWarning(TdsParserStateObject stateObj, Boolean callerHasConnectionLock, Boolean asyncClose)
   at System.Data.SqlClient.TdsParser.TryRun(RunBehavior runBehavior, SqlCommand cmdHandler, SqlDataReader dataStream, BulkCopySimpleResultSet bulkCopyHandler, TdsParserStateObject stateObj, Boolean& dataReady)
   at System.Data.SqlClient.SqlDataReader.TryConsumeMetaData()
   at System.Data.SqlClient.SqlDataReader.get_MetaData()
   at System.Data.SqlClient.SqlCommand.FinishExecuteReader(SqlDataReader ds, RunBehavior runBehavior, String resetOptionsString, Boolean isInternal, Boolean forDescribeParameterEncryption, Boolean shouldCacheForAlwaysEncrypted)
   at System.Data.SqlClient.SqlCommand.RunExecuteReaderTds(CommandBehavior cmdBehavior, RunBehavior runBehavior, Boolean returnStream, Boolean async, Int32 timeout, Task& task, Boolean asyncWrite, Boolean inRetry, SqlDataReader ds, Boolean describeParameterEncryptionRequest)
   at System.Data.SqlClient.SqlCommand.RunExecuteReader(CommandBehavior cmdBehavior, RunBehavior runBehavior, Boolean returnStream, String method, TaskCompletionSource`1 completion, Int32 timeout, Task& task, Boolean& usedCache, Boolean asyncWrite, Boolean inRetry)
   at System.Data.SqlClient.SqlCommand.RunExecuteReader(CommandBehavior cmdBehavior, RunBehavior runBehavior, Boolean returnStream, String method)
   at System.Data.SqlClient.SqlCommand.ExecuteReader(CommandBehavior behavior, String method)
   at System.Data.SqlClient.SqlCommand.ExecuteDbDataReader(CommandBehavior behavior)
   at System.Data.Common.DbCommand.ExecuteReader(CommandBehavior behavior)
   at System.Data.Entity.Infrastructure.Interception.DbCommandDispatcher.<Reader>b__c(DbCommand t, DbCommandInterceptionContext`1 c)
   at System.Data.Entity.Infrastructure.Interception.InternalDispatcher`1.Dispatch[TTarget,TInterceptionContext,TResult](TTarget target, Func`3 operation, TInterceptionContext interceptionContext, Action`3 executing, Action`3 executed)
   at System.Data.Entity.Infrastructure.Interception.DbCommandDispatcher.Reader(DbCommand command, DbCommandInterceptionContext interceptionContext)
   at System.Data.Entity.Internal.InterceptableDbCommand.ExecuteDbDataReader(CommandBehavior behavior)
   at System.Data.Common.DbCommand.ExecuteReader(CommandBehavior behavior)
   at System.Data.Entity.Core.EntityClient.Internal.EntityCommandDefinition.ExecuteStoreCommands(EntityCommand entityCommand, CommandBehavior behavior)
   --- End of inner exception stack trace ---
   at System.Data.Entity.Core.EntityClient.Internal.EntityCommandDefinition.ExecuteStoreCommands(EntityCommand entityCommand, CommandBehavior behavior)
   at System.Data.Entity.Core.Objects.ObjectContext.CreateFunctionObjectResult[TElement](EntityCommand entityCommand, ReadOnlyCollection`1 entitySets, EdmType[] edmTypes, ExecutionOptions executionOptions)
   at System.Data.Entity.Core.Objects.ObjectContext.<>c__DisplayClass47`1.<ExecuteFunction>b__46()
   at System.Data.Entity.Core.Objects.ObjectContext.ExecuteInTransaction[T](Func`1 func, IDbExecutionStrategy executionStrategy, Boolean startLocalTransaction, Boolean releaseConnectionOnSuccess)
   at System.Data.Entity.Core.Objects.ObjectContext.<>c__DisplayClass47`1.<ExecuteFunction>b__45()
   at System.Data.Entity.SqlServer.DefaultSqlExecutionStrategy.Execute[TResult](Func`1 operation)
   at System.Data.Entity.Core.Objects.ObjectContext.ExecuteFunction[TElement](String functionName, ExecutionOptions executionOptions, ObjectParameter[] parameters)
   at System.Data.Entity.Core.Objects.ObjectContext.ExecuteFunction[TElement](String functionName, MergeOption mergeOption, ObjectParameter[] parameters)
   at System.Data.Entity.Core.Objects.ObjectContext.ExecuteFunction[TElement](String functionName, ObjectParameter[] parameters)
   at NA.PMS.Model.NoidaPMSEntities.Sp_LeaseRentDuesCalculationTillDate(String rID, Nullable`1 c, Nullable`1 landusetype) in d:\TFSProject\NoidaAuthority\Source\NA.PMS\NA.PMS.Dal\Context\NAPMS.Context.cs:line 641
   at NA.PMS.Repository.RevenueRepository.GetLeaseRentDetailsByIdAndProcedure(DataSourceRequest request, LeaseRentViewModel model) in d:\TFSProject\NoidaAuthority\Source\NA.PMS\NA.PMS.Repository\Revenue\RevenueRepository.cs:line 6451
   at NA.PMS.Service.RevenueService.GetLeaseRentDetailsByIdAndProcedure(DataSourceRequest request, LeaseRentViewModel model) in d:\TFSProject\NoidaAuthority\Source\NA.PMS\NA.PMS.Service\Revenue\RevenueService.cs:line 396
   at NA.PMS.Web.Areas.Revenue.Controllers.PaymentController.GetLeaseRentDetailsByIdAndProcedure(DataSourceRequest request, LeaseRentViewModel model) in d:\TFSProject\NoidaAuthority\Source\NA.PMS\NA.PMS.Web\Areas\Revenue\Controllers\PaymentController.cs:line 464
   at lambda_method(Closure , ControllerBase , Object[] )
   at System.Web.Mvc.ActionMethodDispatcher.Execute(ControllerBase controller, Object[] parameters)
   at System.Web.Mvc.ReflectedActionDescriptor.Execute(ControllerContext controllerContext, IDictionary`2 parameters)
   at System.Web.Mvc.ControllerActionInvoker.InvokeActionMethod(ControllerContext controllerContext, ActionDescriptor actionDescriptor, IDictionary`2 parameters)
   at System.Web.Mvc.Async.AsyncControllerActionInvoker.ActionInvocation.InvokeSynchronousActionMethod()
   at System.Web.Mvc.Async.AsyncControllerActionInvoker.<BeginInvokeSynchronousActionMethod>b__39(IAsyncResult asyncResult, ActionInvocation innerInvokeState)
   at System.Web.Mvc.Async.AsyncResultWrapper.WrappedAsyncResult`2.CallEndDelegate(IAsyncResult asyncResult)
   at System.Web.Mvc.Async.AsyncResultWrapper.WrappedAsyncResultBase`1.End()
   at System.Web.Mvc.Async.AsyncResultWrapper.End[TResult](IAsyncResult asyncResult, Object tag)
   at System.Web.Mvc.Async.AsyncControllerActionInvoker.EndInvokeActionMethod(IAsyncResult asyncResult)
   at System.Web.Mvc.Async.AsyncControllerActionInvoker.AsyncInvocationWithFilters.<InvokeActionMethodFilterAsynchronouslyRecursive>b__3d()
   at System.Web.Mvc.Async.AsyncControllerActionInvoker.AsyncInvocationWithFilters.<>c__DisplayClass46.<InvokeActionMethodFilterAsynchronouslyRecursive>b__3f()
   at System.Web.Mvc.Async.AsyncControllerActionInvoker.AsyncInvocationWithFilters.<>c__DisplayClass46.<InvokeActionMethodFilterAsynchronouslyRecursive>b__3f()
   at System.Web.Mvc.Async.AsyncControllerActionInvoker.<>c__DisplayClass33.<BeginInvokeActionMethodWithFilters>b__32(IAsyncResult asyncResult)
   at System.Web.Mvc.Async.AsyncResultWrapper.WrappedAsyncResult`1.CallEndDelegate(IAsyncResult asyncResult)
   at System.Web.Mvc.Async.AsyncResultWrapper.WrappedAsyncResultBase`1.End()
   at System.Web.Mvc.Async.AsyncResultWrapper.End[TResult](IAsyncResult asyncResult, Object tag)
   at System.Web.Mvc.Async.AsyncControllerActionInvoker.EndInvokeActionMethodWithFilters(IAsyncResult asyncResult)
   at System.Web.Mvc.Async.AsyncControllerActionInvoker.<>c__DisplayClass21.<>c__DisplayClass2b.<BeginInvokeAction>b__1c()
   at System.Web.Mvc.Async.AsyncControllerActionInvoker.<>c__DisplayClass21.<BeginInvokeAction>b__1e(IAsyncResult asyncResult)
   at System.Web.Mvc.Async.AsyncResultWrapper.WrappedAsyncResult`1.CallEndDelegate(IAsyncResult asyncResult)
   at System.Web.Mvc.Async.AsyncResultWrapper.WrappedAsyncResultBase`1.End()
   at System.Web.Mvc.Async.AsyncResultWrapper.End[TResult](IAsyncResult asyncResult, Object tag)
   at System.Web.Mvc.Async.AsyncControllerActionInvoker.EndInvokeAction(IAsyncResult asyncResult)
   at System.Web.Mvc.Controller.<BeginExecuteCore>b__1d(IAsyncResult asyncResult, ExecuteCoreState innerState)
   at System.Web.Mvc.Async.AsyncResultWrapper.WrappedAsyncVoid`1.CallEndDelegate(IAsyncResult asyncResult)
   at System.Web.Mvc.Async.AsyncResultWrapper.WrappedAsyncResultBase`1.End()
   at System.Web.Mvc.Async.AsyncResultWrapper.End[TResult](IAsyncResult asyncResult, Object tag)
   at System.Web.Mvc.Async.AsyncResultWrapper.End(IAsyncResult asyncResult, Object tag)
   at System.Web.Mvc.Controller.EndExecuteCore(IAsyncResult asyncResult)
   at System.Web.Mvc.Controller.<BeginExecute>b__15(IAsyncResult asyncResult, Controller controller)
   at System.Web.Mvc.Async.AsyncResultWrapper.WrappedAsyncVoid`1.CallEndDelegate(IAsyncResult asyncResult)
   at System.Web.Mvc.Async.AsyncResultWrapper.WrappedAsyncResultBase`1.End()
   at System.Web.Mvc.Async.AsyncResultWrapper.End[TResult](IAsyncResult asyncResult, Object tag)
   at System.Web.Mvc.Async.AsyncResultWrapper.End(IAsyncResult asyncResult, Object tag)
   at System.Web.Mvc.Controller.EndExecute(IAsyncResult asyncResult)
   at System.Web.Mvc.Controller.System.Web.Mvc.Async.IAsyncController.EndExecute(IAsyncResult asyncResult)
   at System.Web.Mvc.MvcHandler.<BeginProcessRequest>b__5(IAsyncResult asyncResult, ProcessRequestState innerState)
   at System.Web.Mvc.Async.AsyncResultWrapper.WrappedAsyncVoid`1.CallEndDelegate(IAsyncResult asyncResult)
   at System.Web.Mvc.Async.AsyncResultWrapper.WrappedAsyncResultBase`1.End()
   at System.Web.Mvc.Async.AsyncResultWrapper.End[TResult](IAsyncResult asyncResult, Object tag)
   at System.Web.Mvc.Async.AsyncResultWrapper.End(IAsyncResult asyncResult, Object tag)
   at System.Web.Mvc.MvcHandler.EndProcessRequest(IAsyncResult asyncResult)
   at System.Web.Mvc.MvcHandler.System.Web.IHttpAsyncHandler.EndProcessRequest(IAsyncResult result)
   at System.Web.HttpApplication.CallHandlerExecutionStep.System.Web.HttpApplication.IExecutionStep.Execute()
   at System.Web.HttpApplication.ExecuteStepImpl(IExecutionStep step)
   at System.Web.HttpApplication.ExecuteStep(IExecutionStep step, Boolean& completedSynchronously)
2021-11-24 17:20:05,913 => INFO  NA.PMS.Common.Logger.LogService.LogInformation():24 - Executing Action: GetLeaseRentTransDetails on Controller: Payment For User : svamadmin.
2021-11-24 17:20:06,073 => INFO  NA.PMS.Common.Logger.LogService.LogInformation():24 - Executed Action: GetLeaseRentTransDetails on Controller: Payment For User : svamadmin.
2021-11-24 17:20:06,243 => INFO  NA.PMS.Common.Logger.LogService.LogInformation():24 - Executing Action: GetScheduleDetailsForAllottedProperty on Controller: PropertyAllotment For User : svamadmin.
2021-11-24 17:20:07,701 => INFO  NA.PMS.Common.Logger.LogService.LogInformation():24 - Executed Action: GetScheduleDetailsForAllottedProperty on Controller: PropertyAllotment For User : svamadmin.
2021-11-24 17:20:07,907 => INFO  NA.PMS.Common.Logger.LogService.LogInformation():24 - Executing Action: GetPaymentLedger on Controller: PropertyAllotment For User : svamadmin.
2021-11-24 17:20:13,266 => INFO  NA.PMS.Common.Logger.LogService.LogInformation():24 - Executed Action: GetPaymentLedger on Controller: PropertyAllotment For User : svamadmin.
2021-11-24 17:20:13,505 => INFO  NA.PMS.Common.Logger.LogService.LogInformation():24 - Executing Action: GetLetterHistory on Controller: PropertyAllotment For User : svamadmin.
2021-11-24 17:20:13,598 => INFO  NA.PMS.Common.Logger.LogService.LogInformation():24 - Executed Action: GetLetterHistory on Controller: PropertyAllotment For User : svamadmin.
2021-11-24 17:20:13,811 => INFO  NA.PMS.Common.Logger.LogService.LogInformation():24 - Executing Action: GetDigitalSingedLetterHistory on Controller: PropertyAllotment For User : svamadmin.
2021-11-24 17:20:13,965 => INFO  NA.PMS.Common.Logger.LogService.LogInformation():24 - Executed Action: GetDigitalSingedLetterHistory on Controller: PropertyAllotment For User : svamadmin.
2021-11-24 17:20:14,178 => INFO  NA.PMS.Common.Logger.LogService.LogInformation():24 - Executing Action: GetPropertyRentListByRid on Controller: PropertyRegistration For User : svamadmin.
2021-11-24 17:20:14,303 => INFO  NA.PMS.Common.Logger.LogService.LogInformation():24 - Executed Action: GetPropertyRentListByRid on Controller: PropertyRegistration For User : svamadmin.
2021-11-24 17:20:14,473 => INFO  NA.PMS.Common.Logger.LogService.LogInformation():24 - Executing Action: GetAllMortgageByRid on Controller: PropertyRegistration For User : svamadmin.
2021-11-24 17:20:14,749 => INFO  NA.PMS.Common.Logger.LogService.LogInformation():24 - Executed Action: GetAllMortgageByRid on Controller: PropertyRegistration For User : svamadmin.
2021-11-24 17:20:14,930 => INFO  NA.PMS.Common.Logger.LogService.LogInformation():24 - Executing Action: GetExtensionDetailsByRid on Controller: PropertyAllotment For User : svamadmin.
2021-11-24 17:20:15,112 => INFO  NA.PMS.Common.Logger.LogService.LogInformation():24 - Executed Action: GetExtensionDetailsByRid on Controller: PropertyAllotment For User : svamadmin.
2021-11-24 17:20:15,291 => INFO  NA.PMS.Common.Logger.LogService.LogInformation():24 - Executing Action: GetSubLeasedProperty on Controller: PropertyAllotment For User : svamadmin.
2021-11-24 17:20:15,511 => INFO  NA.PMS.Common.Logger.LogService.LogInformation():24 - Executed Action: GetSubLeasedProperty on Controller: PropertyAllotment For User : svamadmin.
2021-11-24 17:20:15,693 => INFO  NA.PMS.Common.Logger.LogService.LogInformation():24 - Executing Action: GetKYADetails on Controller: PropertyAllotment For User : svamadmin.
2021-11-24 17:20:15,994 => INFO  NA.PMS.Common.Logger.LogService.LogInformation():24 - Executed Action: GetKYADetails on Controller: PropertyAllotment For User : svamadmin.
2021-11-24 17:20:16,122 => INFO  NA.PMS.Common.Logger.LogService.LogInformation():24 - Executing Action: GetCustomerServiceRequestListByRid on Controller: ServiceRequest For User : svamadmin.
2021-11-24 17:20:16,587 => INFO  NA.PMS.Common.Logger.LogService.LogInformation():24 - Executed Action: GetCustomerServiceRequestListByRid on Controller: ServiceRequest For User : svamadmin.
2021-11-24 17:20:16,773 => INFO  NA.PMS.Common.Logger.LogService.LogInformation():24 - Executing Action: GetAssineTo on Controller: Allotment For User : svamadmin.
2021-11-24 17:20:16,903 => INFO  NA.PMS.Common.Logger.LogService.LogInformation():24 - Executed Action: GetAssineTo on Controller: Allotment For User : svamadmin.
2021-11-24 17:20:17,172 => INFO  NA.PMS.Common.Logger.LogService.LogInformation():24 - Executing Action: GetReceiptSchedule on Controller: PropertyAllotment For User : svamadmin.
2021-11-24 17:20:17,977 => INFO  NA.PMS.Common.Logger.LogService.LogInformation():24 - Executed Action: GetReceiptSchedule on Controller: PropertyAllotment For User : svamadmin.
2021-11-24 17:20:18,160 => INFO  NA.PMS.Common.Logger.LogService.LogInformation():24 - Executing Action: GetPaymentSchedule on Controller: PropertyAllotment For User : svamadmin.
2021-11-24 17:20:18,270 => INFO  NA.PMS.Common.Logger.LogService.LogInformation():24 - Executed Action: GetPaymentSchedule on Controller: PropertyAllotment For User : svamadmin.
2021-11-24 17:20:18,695 => INFO  NA.PMS.Common.Logger.LogService.LogInformation():24 - Executing Action: GetTransferHistoryDetail on Controller: PropertyRegistration For User : svamadmin.
2021-11-24 17:20:18,956 => INFO  NA.PMS.Common.Logger.LogService.LogInformation():24 - Executed Action: GetTransferHistoryDetail on Controller: PropertyRegistration For User : svamadmin.
2021-11-24 17:20:19,197 => INFO  NA.PMS.Common.Logger.LogService.LogInformation():24 - Executing Action: GetPropertyDetails on Controller: Allotment For User : svamadmin.
2021-11-24 17:20:19,553 => INFO  NA.PMS.Common.Logger.LogService.LogInformation():24 - Executed Action: GetPropertyDetails on Controller: Allotment For User : svamadmin.
2021-11-24 17:20:20,198 => INFO  NA.PMS.Common.Logger.LogService.LogInformation():24 - Executing Action: GetDocumentDetails on Controller: PropertyAllotment For User : svamadmin.
2021-11-24 17:21:02,664 => INFO  NA.PMS.Common.Logger.LogService.LogInformation():24 - Executed Action: GetDocumentDetails on Controller: PropertyAllotment For User : svamadmin.
2021-11-24 17:22:29,587 => INFO  NA.PMS.Common.Logger.LogService.LogInformation():24 - Executing Action: PropertyDetails on Controller: PropertyAllotment  For User : svamadmin Given Route: 90121632.
2021-11-24 17:22:30,342 => INFO  NA.PMS.Common.Logger.LogService.LogInformation():24 - Executed Action: PropertyDetails on Controller: PropertyAllotment For User : svamadmin Given Route: 90121632.
2021-11-24 17:22:37,752 => INFO  NA.PMS.Common.Logger.LogService.LogInformation():24 - Executing Action: GetApplicantDetails on Controller: Allotment For User : svamadmin.
2021-11-24 17:22:38,043 => INFO  NA.PMS.Common.Logger.LogService.LogInformation():24 - Executed Action: GetApplicantDetails on Controller: Allotment For User : svamadmin.
2021-11-24 17:22:38,534 => INFO  NA.PMS.Common.Logger.LogService.LogInformation():24 - Executing Action: GetTransferHistoryDetail on Controller: PropertyRegistration For User : svamadmin.
2021-11-24 17:22:38,775 => INFO  NA.PMS.Common.Logger.LogService.LogInformation():24 - Executed Action: GetTransferHistoryDetail on Controller: PropertyRegistration For User : svamadmin.
2021-11-24 17:22:39,141 => INFO  NA.PMS.Common.Logger.LogService.LogInformation():24 - Executing Action: GetReceiptSchedule on Controller: PropertyAllotment For User : svamadmin.
2021-11-24 17:22:40,067 => INFO  NA.PMS.Common.Logger.LogService.LogInformation():24 - Executed Action: GetReceiptSchedule on Controller: PropertyAllotment For User : svamadmin.
2021-11-24 17:22:40,154 => INFO  NA.PMS.Common.Logger.LogService.LogInformation():24 - Executing Action: GetMultiplePaymentStatusList on Controller: Payment For User : svamadmin.
2021-11-24 17:22:40,665 => INFO  NA.PMS.Common.Logger.LogService.LogInformation():24 - Executed Action: GetMultiplePaymentStatusList on Controller: Payment For User : svamadmin.
2021-11-24 17:22:40,812 => INFO  NA.PMS.Common.Logger.LogService.LogInformation():24 - Executing Action: GetLeaseRentDetailsByIdAndProcedure on Controller: Payment For User : svamadmin.
2021-11-24 17:22:46,345 => INFO  NA.PMS.Common.Logger.LogService.LogInformation():24 - Executed Action: GetLeaseRentDetailsByIdAndProcedure on Controller: Payment For User : svamadmin.
2021-11-24 17:22:46,547 => ERROR NA.PMS.Common.Logger.LogService.LogError():97 - Controller Exception
System.Data.Entity.Core.EntityCommandExecutionException: An error occurred while executing the command definition. See the inner exception for details. ---> System.Data.SqlClient.SqlException: Cannot insert the value NULL into column 'leaserent', table 'tempdb.dbo.#calSheet___________________________________________________________________________________________________________0000001020EA'; column does not allow nulls. UPDATE fails.
The statement has been terminated.
   at System.Data.SqlClient.SqlConnection.OnError(SqlException exception, Boolean breakConnection, Action`1 wrapCloseInAction)
   at System.Data.SqlClient.SqlInternalConnection.OnError(SqlException exception, Boolean breakConnection, Action`1 wrapCloseInAction)
   at System.Data.SqlClient.TdsParser.ThrowExceptionAndWarning(TdsParserStateObject stateObj, Boolean callerHasConnectionLock, Boolean asyncClose)
   at System.Data.SqlClient.TdsParser.TryRun(RunBehavior runBehavior, SqlCommand cmdHandler, SqlDataReader dataStream, BulkCopySimpleResultSet bulkCopyHandler, TdsParserStateObject stateObj, Boolean& dataReady)
   at System.Data.SqlClient.SqlDataReader.TryConsumeMetaData()
   at System.Data.SqlClient.SqlDataReader.get_MetaData()
   at System.Data.SqlClient.SqlCommand.FinishExecuteReader(SqlDataReader ds, RunBehavior runBehavior, String resetOptionsString, Boolean isInternal, Boolean forDescribeParameterEncryption, Boolean shouldCacheForAlwaysEncrypted)
   at System.Data.SqlClient.SqlCommand.RunExecuteReaderTds(CommandBehavior cmdBehavior, RunBehavior runBehavior, Boolean returnStream, Boolean async, Int32 timeout, Task& task, Boolean asyncWrite, Boolean inRetry, SqlDataReader ds, Boolean describeParameterEncryptionRequest)
   at System.Data.SqlClient.SqlCommand.RunExecuteReader(CommandBehavior cmdBehavior, RunBehavior runBehavior, Boolean returnStream, String method, TaskCompletionSource`1 completion, Int32 timeout, Task& task, Boolean& usedCache, Boolean asyncWrite, Boolean inRetry)
   at System.Data.SqlClient.SqlCommand.RunExecuteReader(CommandBehavior cmdBehavior, RunBehavior runBehavior, Boolean returnStream, String method)
   at System.Data.SqlClient.SqlCommand.ExecuteReader(CommandBehavior behavior, String method)
   at System.Data.SqlClient.SqlCommand.ExecuteDbDataReader(CommandBehavior behavior)
   at System.Data.Common.DbCommand.ExecuteReader(CommandBehavior behavior)
   at System.Data.Entity.Infrastructure.Interception.DbCommandDispatcher.<Reader>b__c(DbCommand t, DbCommandInterceptionContext`1 c)
   at System.Data.Entity.Infrastructure.Interception.InternalDispatcher`1.Dispatch[TTarget,TInterceptionContext,TResult](TTarget target, Func`3 operation, TInterceptionContext interceptionContext, Action`3 executing, Action`3 executed)
   at System.Data.Entity.Infrastructure.Interception.DbCommandDispatcher.Reader(DbCommand command, DbCommandInterceptionContext interceptionContext)
   at System.Data.Entity.Internal.InterceptableDbCommand.ExecuteDbDataReader(CommandBehavior behavior)
   at System.Data.Common.DbCommand.ExecuteReader(CommandBehavior behavior)
   at System.Data.Entity.Core.EntityClient.Internal.EntityCommandDefinition.ExecuteStoreCommands(EntityCommand entityCommand, CommandBehavior behavior)
   --- End of inner exception stack trace ---
   at System.Data.Entity.Core.EntityClient.Internal.EntityCommandDefinition.ExecuteStoreCommands(EntityCommand entityCommand, CommandBehavior behavior)
   at System.Data.Entity.Core.Objects.ObjectContext.CreateFunctionObjectResult[TElement](EntityCommand entityCommand, ReadOnlyCollection`1 entitySets, EdmType[] edmTypes, ExecutionOptions executionOptions)
   at System.Data.Entity.Core.Objects.ObjectContext.<>c__DisplayClass47`1.<ExecuteFunction>b__46()
   at System.Data.Entity.Core.Objects.ObjectContext.ExecuteInTransaction[T](Func`1 func, IDbExecutionStrategy executionStrategy, Boolean startLocalTransaction, Boolean releaseConnectionOnSuccess)
   at System.Data.Entity.Core.Objects.ObjectContext.<>c__DisplayClass47`1.<ExecuteFunction>b__45()
   at System.Data.Entity.SqlServer.DefaultSqlExecutionStrategy.Execute[TResult](Func`1 operation)
   at System.Data.Entity.Core.Objects.ObjectContext.ExecuteFunction[TElement](String functionName, ExecutionOptions executionOptions, ObjectParameter[] parameters)
   at System.Data.Entity.Core.Objects.ObjectContext.ExecuteFunction[TElement](String functionName, MergeOption mergeOption, ObjectParameter[] parameters)
   at System.Data.Entity.Core.Objects.ObjectContext.ExecuteFunction[TElement](String functionName, ObjectParameter[] parameters)
   at NA.PMS.Model.NoidaPMSEntities.Sp_LeaseRentDuesCalculationTillDate(String rID, Nullable`1 c, Nullable`1 landusetype) in d:\TFSProject\NoidaAuthority\Source\NA.PMS\NA.PMS.Dal\Context\NAPMS.Context.cs:line 641
   at NA.PMS.Repository.RevenueRepository.GetLeaseRentDetailsByIdAndProcedure(DataSourceRequest request, LeaseRentViewModel model) in d:\TFSProject\NoidaAuthority\Source\NA.PMS\NA.PMS.Repository\Revenue\RevenueRepository.cs:line 6451
   at NA.PMS.Service.RevenueService.GetLeaseRentDetailsByIdAndProcedure(DataSourceRequest request, LeaseRentViewModel model) in d:\TFSProject\NoidaAuthority\Source\NA.PMS\NA.PMS.Service\Revenue\RevenueService.cs:line 396
   at NA.PMS.Web.Areas.Revenue.Controllers.PaymentController.GetLeaseRentDetailsByIdAndProcedure(DataSourceRequest request, LeaseRentViewModel model) in d:\TFSProject\NoidaAuthority\Source\NA.PMS\NA.PMS.Web\Areas\Revenue\Controllers\PaymentController.cs:line 464
   at lambda_method(Closure , ControllerBase , Object[] )
   at System.Web.Mvc.ActionMethodDispatcher.Execute(ControllerBase controller, Object[] parameters)
   at System.Web.Mvc.ReflectedActionDescriptor.Execute(ControllerContext controllerContext, IDictionary`2 parameters)
   at System.Web.Mvc.ControllerActionInvoker.InvokeActionMethod(ControllerContext controllerContext, ActionDescriptor actionDescriptor, IDictionary`2 parameters)
   at System.Web.Mvc.Async.AsyncControllerActionInvoker.ActionInvocation.InvokeSynchronousActionMethod()
   at System.Web.Mvc.Async.AsyncControllerActionInvoker.<BeginInvokeSynchronousActionMethod>b__39(IAsyncResult asyncResult, ActionInvocation innerInvokeState)
   at System.Web.Mvc.Async.AsyncResultWrapper.WrappedAsyncResult`2.CallEndDelegate(IAsyncResult asyncResult)
   at System.Web.Mvc.Async.AsyncResultWrapper.WrappedAsyncResultBase`1.End()
   at System.Web.Mvc.Async.AsyncResultWrapper.End[TResult](IAsyncResult asyncResult, Object tag)
   at System.Web.Mvc.Async.AsyncControllerActionInvoker.EndInvokeActionMethod(IAsyncResult asyncResult)
   at System.Web.Mvc.Async.AsyncControllerActionInvoker.AsyncInvocationWithFilters.<InvokeActionMethodFilterAsynchronouslyRecursive>b__3d()
   at System.Web.Mvc.Async.AsyncControllerActionInvoker.AsyncInvocationWithFilters.<>c__DisplayClass46.<InvokeActionMethodFilterAsynchronouslyRecursive>b__3f()
   at System.Web.Mvc.Async.AsyncControllerActionInvoker.AsyncInvocationWithFilters.<>c__DisplayClass46.<InvokeActionMethodFilterAsynchronouslyRecursive>b__3f()
   at System.Web.Mvc.Async.AsyncControllerActionInvoker.<>c__DisplayClass33.<BeginInvokeActionMethodWithFilters>b__32(IAsyncResult asyncResult)
   at System.Web.Mvc.Async.AsyncResultWrapper.WrappedAsyncResult`1.CallEndDelegate(IAsyncResult asyncResult)
   at System.Web.Mvc.Async.AsyncResultWrapper.WrappedAsyncResultBase`1.End()
   at System.Web.Mvc.Async.AsyncResultWrapper.End[TResult](IAsyncResult asyncResult, Object tag)
   at System.Web.Mvc.Async.AsyncControllerActionInvoker.EndInvokeActionMethodWithFilters(IAsyncResult asyncResult)
   at System.Web.Mvc.Async.AsyncControllerActionInvoker.<>c__DisplayClass21.<>c__DisplayClass2b.<BeginInvokeAction>b__1c()
   at System.Web.Mvc.Async.AsyncControllerActionInvoker.<>c__DisplayClass21.<BeginInvokeAction>b__1e(IAsyncResult asyncResult)
2021-11-24 17:22:46,589 => ERROR NA.PMS.Common.Logger.LogService.LogError():97 - Global Exception
System.Data.Entity.Core.EntityCommandExecutionException: An error occurred while executing the command definition. See the inner exception for details. ---> System.Data.SqlClient.SqlException: Cannot insert the value NULL into column 'leaserent', table 'tempdb.dbo.#calSheet___________________________________________________________________________________________________________0000001020EA'; column does not allow nulls. UPDATE fails.
The statement has been terminated.
   at System.Data.SqlClient.SqlConnection.OnError(SqlException exception, Boolean breakConnection, Action`1 wrapCloseInAction)
   at System.Data.SqlClient.SqlInternalConnection.OnError(SqlException exception, Boolean breakConnection, Action`1 wrapCloseInAction)
   at System.Data.SqlClient.TdsParser.ThrowExceptionAndWarning(TdsParserStateObject stateObj, Boolean callerHasConnectionLock, Boolean asyncClose)
   at System.Data.SqlClient.TdsParser.TryRun(RunBehavior runBehavior, SqlCommand cmdHandler, SqlDataReader dataStream, BulkCopySimpleResultSet bulkCopyHandler, TdsParserStateObject stateObj, Boolean& dataReady)
   at System.Data.SqlClient.SqlDataReader.TryConsumeMetaData()
   at System.Data.SqlClient.SqlDataReader.get_MetaData()
   at System.Data.SqlClient.SqlCommand.FinishExecuteReader(SqlDataReader ds, RunBehavior runBehavior, String resetOptionsString, Boolean isInternal, Boolean forDescribeParameterEncryption, Boolean shouldCacheForAlwaysEncrypted)
   at System.Data.SqlClient.SqlCommand.RunExecuteReaderTds(CommandBehavior cmdBehavior, RunBehavior runBehavior, Boolean returnStream, Boolean async, Int32 timeout, Task& task, Boolean asyncWrite, Boolean inRetry, SqlDataReader ds, Boolean describeParameterEncryptionRequest)
   at System.Data.SqlClient.SqlCommand.RunExecuteReader(CommandBehavior cmdBehavior, RunBehavior runBehavior, Boolean returnStream, String method, TaskCompletionSource`1 completion, Int32 timeout, Task& task, Boolean& usedCache, Boolean asyncWrite, Boolean inRetry)
   at System.Data.SqlClient.SqlCommand.RunExecuteReader(CommandBehavior cmdBehavior, RunBehavior runBehavior, Boolean returnStream, String method)
   at System.Data.SqlClient.SqlCommand.ExecuteReader(CommandBehavior behavior, String method)
   at System.Data.SqlClient.SqlCommand.ExecuteDbDataReader(CommandBehavior behavior)
   at System.Data.Common.DbCommand.ExecuteReader(CommandBehavior behavior)
   at System.Data.Entity.Infrastructure.Interception.DbCommandDispatcher.<Reader>b__c(DbCommand t, DbCommandInterceptionContext`1 c)
   at System.Data.Entity.Infrastructure.Interception.InternalDispatcher`1.Dispatch[TTarget,TInterceptionContext,TResult](TTarget target, Func`3 operation, TInterceptionContext interceptionContext, Action`3 executing, Action`3 executed)
   at System.Data.Entity.Infrastructure.Interception.DbCommandDispatcher.Reader(DbCommand command, DbCommandInterceptionContext interceptionContext)
   at System.Data.Entity.Internal.InterceptableDbCommand.ExecuteDbDataReader(CommandBehavior behavior)
   at System.Data.Common.DbCommand.ExecuteReader(CommandBehavior behavior)
   at System.Data.Entity.Core.EntityClient.Internal.EntityCommandDefinition.ExecuteStoreCommands(EntityCommand entityCommand, CommandBehavior behavior)
   --- End of inner exception stack trace ---
   at System.Data.Entity.Core.EntityClient.Internal.EntityCommandDefinition.ExecuteStoreCommands(EntityCommand entityCommand, CommandBehavior behavior)
   at System.Data.Entity.Core.Objects.ObjectContext.CreateFunctionObjectResult[TElement](EntityCommand entityCommand, ReadOnlyCollection`1 entitySets, EdmType[] edmTypes, ExecutionOptions executionOptions)
   at System.Data.Entity.Core.Objects.ObjectContext.<>c__DisplayClass47`1.<ExecuteFunction>b__46()
   at System.Data.Entity.Core.Objects.ObjectContext.ExecuteInTransaction[T](Func`1 func, IDbExecutionStrategy executionStrategy, Boolean startLocalTransaction, Boolean releaseConnectionOnSuccess)
   at System.Data.Entity.Core.Objects.ObjectContext.<>c__DisplayClass47`1.<ExecuteFunction>b__45()
   at System.Data.Entity.SqlServer.DefaultSqlExecutionStrategy.Execute[TResult](Func`1 operation)
   at System.Data.Entity.Core.Objects.ObjectContext.ExecuteFunction[TElement](String functionName, ExecutionOptions executionOptions, ObjectParameter[] parameters)
   at System.Data.Entity.Core.Objects.ObjectContext.ExecuteFunction[TElement](String functionName, MergeOption mergeOption, ObjectParameter[] parameters)
   at System.Data.Entity.Core.Objects.ObjectContext.ExecuteFunction[TElement](String functionName, ObjectParameter[] parameters)
   at NA.PMS.Model.NoidaPMSEntities.Sp_LeaseRentDuesCalculationTillDate(String rID, Nullable`1 c, Nullable`1 landusetype) in d:\TFSProject\NoidaAuthority\Source\NA.PMS\NA.PMS.Dal\Context\NAPMS.Context.cs:line 641
   at NA.PMS.Repository.RevenueRepository.GetLeaseRentDetailsByIdAndProcedure(DataSourceRequest request, LeaseRentViewModel model) in d:\TFSProject\NoidaAuthority\Source\NA.PMS\NA.PMS.Repository\Revenue\RevenueRepository.cs:line 6451
   at NA.PMS.Service.RevenueService.GetLeaseRentDetailsByIdAndProcedure(DataSourceRequest request, LeaseRentViewModel model) in d:\TFSProject\NoidaAuthority\Source\NA.PMS\NA.PMS.Service\Revenue\RevenueService.cs:line 396
   at NA.PMS.Web.Areas.Revenue.Controllers.PaymentController.GetLeaseRentDetailsByIdAndProcedure(DataSourceRequest request, LeaseRentViewModel model) in d:\TFSProject\NoidaAuthority\Source\NA.PMS\NA.PMS.Web\Areas\Revenue\Controllers\PaymentController.cs:line 464
   at lambda_method(Closure , ControllerBase , Object[] )
   at System.Web.Mvc.ActionMethodDispatcher.Execute(ControllerBase controller, Object[] parameters)
   at System.Web.Mvc.ReflectedActionDescriptor.Execute(ControllerContext controllerContext, IDictionary`2 parameters)
   at System.Web.Mvc.ControllerActionInvoker.InvokeActionMethod(ControllerContext controllerContext, ActionDescriptor actionDescriptor, IDictionary`2 parameters)
   at System.Web.Mvc.Async.AsyncControllerActionInvoker.ActionInvocation.InvokeSynchronousActionMethod()
   at System.Web.Mvc.Async.AsyncControllerActionInvoker.<BeginInvokeSynchronousActionMethod>b__39(IAsyncResult asyncResult, ActionInvocation innerInvokeState)
   at System.Web.Mvc.Async.AsyncResultWrapper.WrappedAsyncResult`2.CallEndDelegate(IAsyncResult asyncResult)
   at System.Web.Mvc.Async.AsyncResultWrapper.WrappedAsyncResultBase`1.End()
   at System.Web.Mvc.Async.AsyncResultWrapper.End[TResult](IAsyncResult asyncResult, Object tag)
   at System.Web.Mvc.Async.AsyncControllerActionInvoker.EndInvokeActionMethod(IAsyncResult asyncResult)
   at System.Web.Mvc.Async.AsyncControllerActionInvoker.AsyncInvocationWithFilters.<InvokeActionMethodFilterAsynchronouslyRecursive>b__3d()
   at System.Web.Mvc.Async.AsyncControllerActionInvoker.AsyncInvocationWithFilters.<>c__DisplayClass46.<InvokeActionMethodFilterAsynchronouslyRecursive>b__3f()
   at System.Web.Mvc.Async.AsyncControllerActionInvoker.AsyncInvocationWithFilters.<>c__DisplayClass46.<InvokeActionMethodFilterAsynchronouslyRecursive>b__3f()
   at System.Web.Mvc.Async.AsyncControllerActionInvoker.<>c__DisplayClass33.<BeginInvokeActionMethodWithFilters>b__32(IAsyncResult asyncResult)
   at System.Web.Mvc.Async.AsyncResultWrapper.WrappedAsyncResult`1.CallEndDelegate(IAsyncResult asyncResult)
   at System.Web.Mvc.Async.AsyncResultWrapper.WrappedAsyncResultBase`1.End()
   at System.Web.Mvc.Async.AsyncResultWrapper.End[TResult](IAsyncResult asyncResult, Object tag)
   at System.Web.Mvc.Async.AsyncControllerActionInvoker.EndInvokeActionMethodWithFilters(IAsyncResult asyncResult)
   at System.Web.Mvc.Async.AsyncControllerActionInvoker.<>c__DisplayClass21.<>c__DisplayClass2b.<BeginInvokeAction>b__1c()
   at System.Web.Mvc.Async.AsyncControllerActionInvoker.<>c__DisplayClass21.<BeginInvokeAction>b__1e(IAsyncResult asyncResult)
   at System.Web.Mvc.Async.AsyncResultWrapper.WrappedAsyncResult`1.CallEndDelegate(IAsyncResult asyncResult)
   at System.Web.Mvc.Async.AsyncResultWrapper.WrappedAsyncResultBase`1.End()
   at System.Web.Mvc.Async.AsyncResultWrapper.End[TResult](IAsyncResult asyncResult, Object tag)
   at System.Web.Mvc.Async.AsyncControllerActionInvoker.EndInvokeAction(IAsyncResult asyncResult)
   at System.Web.Mvc.Controller.<BeginExecuteCore>b__1d(IAsyncResult asyncResult, ExecuteCoreState innerState)
   at System.Web.Mvc.Async.AsyncResultWrapper.WrappedAsyncVoid`1.CallEndDelegate(IAsyncResult asyncResult)
   at System.Web.Mvc.Async.AsyncResultWrapper.WrappedAsyncResultBase`1.End()
   at System.Web.Mvc.Async.AsyncResultWrapper.End[TResult](IAsyncResult asyncResult, Object tag)
   at System.Web.Mvc.Async.AsyncResultWrapper.End(IAsyncResult asyncResult, Object tag)
   at System.Web.Mvc.Controller.EndExecuteCore(IAsyncResult asyncResult)
   at System.Web.Mvc.Controller.<BeginExecute>b__15(IAsyncResult asyncResult, Controller controller)
   at System.Web.Mvc.Async.AsyncResultWrapper.WrappedAsyncVoid`1.CallEndDelegate(IAsyncResult asyncResult)
   at System.Web.Mvc.Async.AsyncResultWrapper.WrappedAsyncResultBase`1.End()
   at System.Web.Mvc.Async.AsyncResultWrapper.End[TResult](IAsyncResult asyncResult, Object tag)
   at System.Web.Mvc.Async.AsyncResultWrapper.End(IAsyncResult asyncResult, Object tag)
   at System.Web.Mvc.Controller.EndExecute(IAsyncResult asyncResult)
   at System.Web.Mvc.Controller.System.Web.Mvc.Async.IAsyncController.EndExecute(IAsyncResult asyncResult)
   at System.Web.Mvc.MvcHandler.<BeginProcessRequest>b__5(IAsyncResult asyncResult, ProcessRequestState innerState)
   at System.Web.Mvc.Async.AsyncResultWrapper.WrappedAsyncVoid`1.CallEndDelegate(IAsyncResult asyncResult)
   at System.Web.Mvc.Async.AsyncResultWrapper.WrappedAsyncResultBase`1.End()
   at System.Web.Mvc.Async.AsyncResultWrapper.End[TResult](IAsyncResult asyncResult, Object tag)
   at System.Web.Mvc.Async.AsyncResultWrapper.End(IAsyncResult asyncResult, Object tag)
   at System.Web.Mvc.MvcHandler.EndProcessRequest(IAsyncResult asyncResult)
   at System.Web.Mvc.MvcHandler.System.Web.IHttpAsyncHandler.EndProcessRequest(IAsyncResult result)
   at System.Web.HttpApplication.CallHandlerExecutionStep.System.Web.HttpApplication.IExecutionStep.Execute()
   at System.Web.HttpApplication.ExecuteStepImpl(IExecutionStep step)
   at System.Web.HttpApplication.ExecuteStep(IExecutionStep step, Boolean& completedSynchronously)
2021-11-24 17:22:46,738 => INFO  NA.PMS.Common.Logger.LogService.LogInformation():24 - Executing Action: GetLeaseRentTransDetails on Controller: Payment For User : svamadmin.
2021-11-24 17:22:46,904 => INFO  NA.PMS.Common.Logger.LogService.LogInformation():24 - Executed Action: GetLeaseRentTransDetails on Controller: Payment For User : svamadmin.
2021-11-24 17:22:47,144 => INFO  NA.PMS.Common.Logger.LogService.LogInformation():24 - Executing Action: GetScheduleDetailsForAllottedProperty on Controller: PropertyAllotment For User : svamadmin.
2021-11-24 17:22:48,411 => INFO  NA.PMS.Common.Logger.LogService.LogInformation():24 - Executed Action: GetScheduleDetailsForAllottedProperty on Controller: PropertyAllotment For User : svamadmin.
2021-11-24 17:22:48,598 => INFO  NA.PMS.Common.Logger.LogService.LogInformation():24 - Executing Action: GetPaymentLedger on Controller: PropertyAllotment For User : svamadmin.
2021-11-24 17:22:53,844 => INFO  NA.PMS.Common.Logger.LogService.LogInformation():24 - Executed Action: GetPaymentLedger on Controller: PropertyAllotment For User : svamadmin.
2021-11-24 17:22:54,080 => INFO  NA.PMS.Common.Logger.LogService.LogInformation():24 - Executing Action: GetLetterHistory on Controller: PropertyAllotment For User : svamadmin.
2021-11-24 17:22:54,131 => INFO  NA.PMS.Common.Logger.LogService.LogInformation():24 - Executed Action: GetLetterHistory on Controller: PropertyAllotment For User : svamadmin.
2021-11-24 17:22:54,325 => INFO  NA.PMS.Common.Logger.LogService.LogInformation():24 - Executing Action: GetDigitalSingedLetterHistory on Controller: PropertyAllotment For User : svamadmin.
2021-11-24 17:22:54,805 => INFO  NA.PMS.Common.Logger.LogService.LogInformation():24 - Executed Action: GetDigitalSingedLetterHistory on Controller: PropertyAllotment For User : svamadmin.
2021-11-24 17:22:55,031 => INFO  NA.PMS.Common.Logger.LogService.LogInformation():24 - Executing Action: GetAssineTo on Controller: Allotment For User : svamadmin.
2021-11-24 17:22:55,132 => INFO  NA.PMS.Common.Logger.LogService.LogInformation():24 - Executed Action: GetAssineTo on Controller: Allotment For User : svamadmin.
2021-11-24 17:22:55,313 => INFO  NA.PMS.Common.Logger.LogService.LogInformation():24 - Executing Action: GetPropertyRentListByRid on Controller: PropertyRegistration For User : svamadmin.
2021-11-24 17:22:55,391 => INFO  NA.PMS.Common.Logger.LogService.LogInformation():24 - Executed Action: GetPropertyRentListByRid on Controller: PropertyRegistration For User : svamadmin.
2021-11-24 17:22:55,590 => INFO  NA.PMS.Common.Logger.LogService.LogInformation():24 - Executing Action: GetAllMortgageByRid on Controller: PropertyRegistration For User : svamadmin.
2021-11-24 17:22:55,980 => INFO  NA.PMS.Common.Logger.LogService.LogInformation():24 - Executed Action: GetAllMortgageByRid on Controller: PropertyRegistration For User : svamadmin.
2021-11-24 17:22:56,190 => INFO  NA.PMS.Common.Logger.LogService.LogInformation():24 - Executing Action: GetExtensionDetailsByRid on Controller: PropertyAllotment For User : svamadmin.
2021-11-24 17:22:56,401 => INFO  NA.PMS.Common.Logger.LogService.LogInformation():24 - Executed Action: GetExtensionDetailsByRid on Controller: PropertyAllotment For User : svamadmin.
2021-11-24 17:22:56,590 => INFO  NA.PMS.Common.Logger.LogService.LogInformation():24 - Executing Action: GetSubLeasedProperty on Controller: PropertyAllotment For User : svamadmin.
2021-11-24 17:22:57,070 => INFO  NA.PMS.Common.Logger.LogService.LogInformation():24 - Executed Action: GetSubLeasedProperty on Controller: PropertyAllotment For User : svamadmin.
2021-11-24 17:22:57,296 => INFO  NA.PMS.Common.Logger.LogService.LogInformation():24 - Executing Action: GetPaymentReschedule on Controller: PropertyAllotment For User : svamadmin.
2021-11-24 17:22:57,370 => INFO  NA.PMS.Common.Logger.LogService.LogInformation():24 - Executed Action: GetPaymentReschedule on Controller: PropertyAllotment For User : svamadmin.
2021-11-24 17:22:57,485 => INFO  NA.PMS.Common.Logger.LogService.LogInformation():24 - Executing Action: GetCustomerServiceRequestListByRid on Controller: ServiceRequest For User : svamadmin.
2021-11-24 17:22:58,919 => INFO  NA.PMS.Common.Logger.LogService.LogInformation():24 - Executed Action: GetCustomerServiceRequestListByRid on Controller: ServiceRequest For User : svamadmin.
2021-11-24 17:22:59,392 => INFO  NA.PMS.Common.Logger.LogService.LogInformation():24 - Executing Action: PropertyDetails on Controller: PropertyAllotment  For User : svamadmin Given Route: undefined.
2021-11-24 17:22:59,441 => INFO  NA.PMS.Common.Logger.LogService.LogInformation():24 - Executed Action: PropertyDetails on Controller: PropertyAllotment For User : svamadmin Given Route: undefined.
2021-11-24 17:22:59,510 => ERROR NA.PMS.Common.Logger.LogService.LogError():97 - Controller Exception
System.ArgumentException: The parameters dictionary contains a null entry for parameter 'Id' of non-nullable type 'System.Int32' for method 'System.Web.Mvc.ActionResult PropertyDetails(Int32)' in 'NA.PMS.Web.Areas.Property.Controllers.PropertyAllotmentController'. An optional parameter must be a reference type, a nullable type, or be declared as an optional parameter.
Parameter name: parameters
   at System.Web.Mvc.ActionDescriptor.ExtractParameterFromDictionary(ParameterInfo parameterInfo, IDictionary`2 parameters, MethodInfo methodInfo)
   at System.Web.Mvc.ReflectedActionDescriptor.Execute(ControllerContext controllerContext, IDictionary`2 parameters)
   at System.Web.Mvc.ControllerActionInvoker.InvokeActionMethod(ControllerContext controllerContext, ActionDescriptor actionDescriptor, IDictionary`2 parameters)
   at System.Web.Mvc.Async.AsyncControllerActionInvoker.ActionInvocation.InvokeSynchronousActionMethod()
   at System.Web.Mvc.Async.AsyncControllerActionInvoker.<BeginInvokeSynchronousActionMethod>b__39(IAsyncResult asyncResult, ActionInvocation innerInvokeState)
   at System.Web.Mvc.Async.AsyncResultWrapper.WrappedAsyncResult`2.CallEndDelegate(IAsyncResult asyncResult)
   at System.Web.Mvc.Async.AsyncResultWrapper.WrappedAsyncResultBase`1.End()
   at System.Web.Mvc.Async.AsyncResultWrapper.End[TResult](IAsyncResult asyncResult, Object tag)
   at System.Web.Mvc.Async.AsyncControllerActionInvoker.EndInvokeActionMethod(IAsyncResult asyncResult)
   at System.Web.Mvc.Async.AsyncControllerActionInvoker.AsyncInvocationWithFilters.<InvokeActionMethodFilterAsynchronouslyRecursive>b__3d()
   at System.Web.Mvc.Async.AsyncControllerActionInvoker.AsyncInvocationWithFilters.<>c__DisplayClass46.<InvokeActionMethodFilterAsynchronouslyRecursive>b__3f()
   at System.Web.Mvc.Async.AsyncControllerActionInvoker.AsyncInvocationWithFilters.<>c__DisplayClass46.<InvokeActionMethodFilterAsynchronouslyRecursive>b__3f()
   at System.Web.Mvc.Async.AsyncControllerActionInvoker.<>c__DisplayClass33.<BeginInvokeActionMethodWithFilters>b__32(IAsyncResult asyncResult)
   at System.Web.Mvc.Async.AsyncResultWrapper.WrappedAsyncResult`1.CallEndDelegate(IAsyncResult asyncResult)
   at System.Web.Mvc.Async.AsyncResultWrapper.WrappedAsyncResultBase`1.End()
   at System.Web.Mvc.Async.AsyncResultWrapper.End[TResult](IAsyncResult asyncResult, Object tag)
   at System.Web.Mvc.Async.AsyncControllerActionInvoker.EndInvokeActionMethodWithFilters(IAsyncResult asyncResult)
   at System.Web.Mvc.Async.AsyncControllerActionInvoker.<>c__DisplayClass21.<>c__DisplayClass2b.<BeginInvokeAction>b__1c()
   at System.Web.Mvc.Async.AsyncControllerActionInvoker.<>c__DisplayClass21.<BeginInvokeAction>b__1e(IAsyncResult asyncResult)
2021-11-24 17:22:59,541 => ERROR NA.PMS.Common.Logger.LogService.LogError():97 - Global Exception
System.ArgumentException: The parameters dictionary contains a null entry for parameter 'Id' of non-nullable type 'System.Int32' for method 'System.Web.Mvc.ActionResult PropertyDetails(Int32)' in 'NA.PMS.Web.Areas.Property.Controllers.PropertyAllotmentController'. An optional parameter must be a reference type, a nullable type, or be declared as an optional parameter.
Parameter name: parameters
   at System.Web.Mvc.ActionDescriptor.ExtractParameterFromDictionary(ParameterInfo parameterInfo, IDictionary`2 parameters, MethodInfo methodInfo)
   at System.Web.Mvc.ReflectedActionDescriptor.Execute(ControllerContext controllerContext, IDictionary`2 parameters)
   at System.Web.Mvc.ControllerActionInvoker.InvokeActionMethod(ControllerContext controllerContext, ActionDescriptor actionDescriptor, IDictionary`2 parameters)
   at System.Web.Mvc.Async.AsyncControllerActionInvoker.ActionInvocation.InvokeSynchronousActionMethod()
   at System.Web.Mvc.Async.AsyncControllerActionInvoker.<BeginInvokeSynchronousActionMethod>b__39(IAsyncResult asyncResult, ActionInvocation innerInvokeState)
   at System.Web.Mvc.Async.AsyncResultWrapper.WrappedAsyncResult`2.CallEndDelegate(IAsyncResult asyncResult)
   at System.Web.Mvc.Async.AsyncResultWrapper.WrappedAsyncResultBase`1.End()
   at System.Web.Mvc.Async.AsyncResultWrapper.End[TResult](IAsyncResult asyncResult, Object tag)
   at System.Web.Mvc.Async.AsyncControllerActionInvoker.EndInvokeActionMethod(IAsyncResult asyncResult)
   at System.Web.Mvc.Async.AsyncControllerActionInvoker.AsyncInvocationWithFilters.<InvokeActionMethodFilterAsynchronouslyRecursive>b__3d()
   at System.Web.Mvc.Async.AsyncControllerActionInvoker.AsyncInvocationWithFilters.<>c__DisplayClass46.<InvokeActionMethodFilterAsynchronouslyRecursive>b__3f()
   at System.Web.Mvc.Async.AsyncControllerActionInvoker.AsyncInvocationWithFilters.<>c__DisplayClass46.<InvokeActionMethodFilterAsynchronouslyRecursive>b__3f()
   at System.Web.Mvc.Async.AsyncControllerActionInvoker.<>c__DisplayClass33.<BeginInvokeActionMethodWithFilters>b__32(IAsyncResult asyncResult)
   at System.Web.Mvc.Async.AsyncResultWrapper.WrappedAsyncResult`1.CallEndDelegate(IAsyncResult asyncResult)
   at System.Web.Mvc.Async.AsyncResultWrapper.WrappedAsyncResultBase`1.End()
   at System.Web.Mvc.Async.AsyncResultWrapper.End[TResult](IAsyncResult asyncResult, Object tag)
   at System.Web.Mvc.Async.AsyncControllerActionInvoker.EndInvokeActionMethodWithFilters(IAsyncResult asyncResult)
   at System.Web.Mvc.Async.AsyncControllerActionInvoker.<>c__DisplayClass21.<>c__DisplayClass2b.<BeginInvokeAction>b__1c()
   at System.Web.Mvc.Async.AsyncControllerActionInvoker.<>c__DisplayClass21.<BeginInvokeAction>b__1e(IAsyncResult asyncResult)
   at System.Web.Mvc.Async.AsyncResultWrapper.WrappedAsyncResult`1.CallEndDelegate(IAsyncResult asyncResult)
   at System.Web.Mvc.Async.AsyncResultWrapper.WrappedAsyncResultBase`1.End()
   at System.Web.Mvc.Async.AsyncResultWrapper.End[TResult](IAsyncResult asyncResult, Object tag)
   at System.Web.Mvc.Async.AsyncControllerActionInvoker.EndInvokeAction(IAsyncResult asyncResult)
   at System.Web.Mvc.Controller.<BeginExecuteCore>b__1d(IAsyncResult asyncResult, ExecuteCoreState innerState)
   at System.Web.Mvc.Async.AsyncResultWrapper.WrappedAsyncVoid`1.CallEndDelegate(IAsyncResult asyncResult)
   at System.Web.Mvc.Async.AsyncResultWrapper.WrappedAsyncResultBase`1.End()
   at System.Web.Mvc.Async.AsyncResultWrapper.End[TResult](IAsyncResult asyncResult, Object tag)
   at System.Web.Mvc.Async.AsyncResultWrapper.End(IAsyncResult asyncResult, Object tag)
   at System.Web.Mvc.Controller.EndExecuteCore(IAsyncResult asyncResult)
   at System.Web.Mvc.Controller.<BeginExecute>b__15(IAsyncResult asyncResult, Controller controller)
   at System.Web.Mvc.Async.AsyncResultWrapper.WrappedAsyncVoid`1.CallEndDelegate(IAsyncResult asyncResult)
   at System.Web.Mvc.Async.AsyncResultWrapper.WrappedAsyncResultBase`1.End()
   at System.Web.Mvc.Async.AsyncResultWrapper.End[TResult](IAsyncResult asyncResult, Object tag)
   at System.Web.Mvc.Async.AsyncResultWrapper.End(IAsyncResult asyncResult, Object tag)
   at System.Web.Mvc.Controller.EndExecute(IAsyncResult asyncResult)
   at System.Web.Mvc.Controller.System.Web.Mvc.Async.IAsyncController.EndExecute(IAsyncResult asyncResult)
   at System.Web.Mvc.MvcHandler.<BeginProcessRequest>b__5(IAsyncResult asyncResult, ProcessRequestState innerState)
   at System.Web.Mvc.Async.AsyncResultWrapper.WrappedAsyncVoid`1.CallEndDelegate(IAsyncResult asyncResult)
   at System.Web.Mvc.Async.AsyncResultWrapper.WrappedAsyncResultBase`1.End()
   at System.Web.Mvc.Async.AsyncResultWrapper.End[TResult](IAsyncResult asyncResult, Object tag)
   at System.Web.Mvc.Async.AsyncResultWrapper.End(IAsyncResult asyncResult, Object tag)
   at System.Web.Mvc.MvcHandler.EndProcessRequest(IAsyncResult asyncResult)
   at System.Web.Mvc.MvcHandler.System.Web.IHttpAsyncHandler.EndProcessRequest(IAsyncResult result)
   at System.Web.HttpApplication.CallHandlerExecutionStep.System.Web.HttpApplication.IExecutionStep.Execute()
   at System.Web.HttpApplication.ExecuteStepImpl(IExecutionStep step)
   at System.Web.HttpApplication.ExecuteStep(IExecutionStep step, Boolean& completedSynchronously)
2021-11-24 17:22:59,814 => INFO  NA.PMS.Common.Logger.LogService.LogInformation():24 - Executing Action: GetKYADetails on Controller: PropertyAllotment For User : svamadmin.
2021-11-24 17:23:00,024 => INFO  NA.PMS.Common.Logger.LogService.LogInformation():24 - Executed Action: GetKYADetails on Controller: PropertyAllotment For User : svamadmin.
2021-11-24 17:23:00,327 => INFO  NA.PMS.Common.Logger.LogService.LogInformation():24 - Executing Action: GetDocumentDetails on Controller: PropertyAllotment For User : svamadmin.
2021-11-24 17:23:42,815 => INFO  NA.PMS.Common.Logger.LogService.LogInformation():24 - Executed Action: GetDocumentDetails on Controller: PropertyAllotment For User : svamadmin.
2021-11-24 17:23:43,258 => INFO  NA.PMS.Common.Logger.LogService.LogInformation():24 - Executing Action: GetPropertyDetails on Controller: Allotment For User : svamadmin.
2021-11-24 17:23:43,426 => INFO  NA.PMS.Common.Logger.LogService.LogInformation():24 - Executed Action: GetPropertyDetails on Controller: Allotment For User : svamadmin.
2021-11-24 17:23:43,829 => INFO  NA.PMS.Common.Logger.LogService.LogInformation():24 - Executing Action: GetPaymentSchedule on Controller: PropertyAllotment For User : svamadmin.
2021-11-24 17:23:43,937 => INFO  NA.PMS.Common.Logger.LogService.LogInformation():24 - Executed Action: GetPaymentSchedule on Controller: PropertyAllotment For User : svamadmin.
