2021-01-18 00:17:49,518 => ERROR NA.PMS.Common.Logger.LogService.LogError():97 - Global Exception
System.NullReferenceException: Object reference not set to an instance of an object.
   at ASP._Page_Areas_Online_Views_Institutional_SchemeDocument_cshtml.Execute() in d:\TFSProject\NoidaAuthority\Source\NA.PMS\NA.PMS.Web\Areas\Online\Views\Institutional\SchemeDocument.cshtml:line 189
   at System.Web.WebPages.WebPageBase.ExecutePageHierarchy()
   at System.Web.Mvc.WebViewPage.ExecutePageHierarchy()
   at System.Web.WebPages.WebPageBase.ExecutePageHierarchy(WebPageContext pageContext, TextWriter writer, WebPageRenderingBase startPage)
   at System.Web.Mvc.RazorView.RenderView(ViewContext viewContext, TextWriter writer, Object instance)
   at System.Web.Mvc.BuildManagerCompiledView.Render(ViewContext viewContext, TextWriter writer)
   at System.Web.Mvc.ViewResultBase.ExecuteResult(ControllerContext context)
   at System.Web.Mvc.ControllerActionInvoker.InvokeActionResult(ControllerContext controllerContext, ActionResult actionResult)
   at System.Web.Mvc.ControllerActionInvoker.InvokeActionResultFilterRecursive(IList`1 filters, Int32 filterIndex, ResultExecutingContext preContext, ControllerContext controllerContext, ActionResult actionResult)
   at System.Web.Mvc.ControllerActionInvoker.InvokeActionResultFilterRecursive(IList`1 filters, Int32 filterIndex, ResultExecutingContext preContext, ControllerContext controllerContext, ActionResult actionResult)
   at System.Web.Mvc.ControllerActionInvoker.InvokeActionResultWithFilters(ControllerContext controllerContext, IList`1 filters, ActionResult actionResult)
   at System.Web.Mvc.Async.AsyncControllerActionInvoker.<>c__DisplayClass21.<>c__DisplayClass2b.<BeginInvokeAction>b__1c()
   at System.Web.Mvc.Async.AsyncControllerActionInvoker.<>c__DisplayClass21.<BeginInvokeAction>b__1e(IAsyncResult asyncResult)
   at System.Web.Mvc.Async.AsyncResultWrapper.WrappedAsyncResult`1.CallEndDelegate(IAsyncResult asyncResult)
   at System.Web.Mvc.Async.AsyncResultWrapper.WrappedAsyncResultBase`1.End()
   at System.Web.Mvc.Async.AsyncResultWrapper.End[TResult](IAsyncResult asyncResult, Object tag)
   at System.Web.Mvc.Async.AsyncControllerActionInvoker.EndInvokeAction(IAsyncResult asyncResult)
   at System.Web.Mvc.Controller.<BeginExecuteCore>b__1d(IAsyncResult asyncResult, ExecuteCoreState innerState)
   at System.Web.Mvc.Async.AsyncResultWrapper.WrappedAsyncVoid`1.CallEndDelegate(IAsyncResult asyncResult)
   at System.Web.Mvc.Async.AsyncResultWrapper.WrappedAsyncResultBase`1.End()
   at System.Web.Mvc.Async.AsyncResultWrapper.End[TResult](IAsyncResult asyncResult, Object tag)
   at System.Web.Mvc.Async.AsyncResultWrapper.End(IAsyncResult asyncResult, Object tag)
   at System.Web.Mvc.Controller.EndExecuteCore(IAsyncResult asyncResult)
   at System.Web.Mvc.Controller.<BeginExecute>b__15(IAsyncResult asyncResult, Controller controller)
   at System.Web.Mvc.Async.AsyncResultWrapper.WrappedAsyncVoid`1.CallEndDelegate(IAsyncResult asyncResult)
   at System.Web.Mvc.Async.AsyncResultWrapper.WrappedAsyncResultBase`1.End()
   at System.Web.Mvc.Async.AsyncResultWrapper.End[TResult](IAsyncResult asyncResult, Object tag)
   at System.Web.Mvc.Async.AsyncResultWrapper.End(IAsyncResult asyncResult, Object tag)
   at System.Web.Mvc.Controller.EndExecute(IAsyncResult asyncResult)
   at System.Web.Mvc.Controller.System.Web.Mvc.Async.IAsyncController.EndExecute(IAsyncResult asyncResult)
   at System.Web.Mvc.MvcHandler.<BeginProcessRequest>b__5(IAsyncResult asyncResult, ProcessRequestState innerState)
   at System.Web.Mvc.Async.AsyncResultWrapper.WrappedAsyncVoid`1.CallEndDelegate(IAsyncResult asyncResult)
   at System.Web.Mvc.Async.AsyncResultWrapper.WrappedAsyncResultBase`1.End()
   at System.Web.Mvc.Async.AsyncResultWrapper.End[TResult](IAsyncResult asyncResult, Object tag)
   at System.Web.Mvc.Async.AsyncResultWrapper.End(IAsyncResult asyncResult, Object tag)
   at System.Web.Mvc.MvcHandler.EndProcessRequest(IAsyncResult asyncResult)
   at System.Web.Mvc.MvcHandler.System.Web.IHttpAsyncHandler.EndProcessRequest(IAsyncResult result)
   at System.Web.HttpApplication.CallHandlerExecutionStep.System.Web.HttpApplication.IExecutionStep.Execute()
   at System.Web.HttpApplication.ExecuteStepImpl(IExecutionStep step)
   at System.Web.HttpApplication.ExecuteStep(IExecutionStep step, Boolean& completedSynchronously)
2021-01-18 00:18:23,669 => ERROR NA.PMS.Common.Logger.LogService.LogError():97 - Global Exception
System.InvalidOperationException: The view 'SchemeInformation' or its master was not found or no view engine supports the searched locations. The following locations were searched:
~/Areas/Online/Views/Institutional/SchemeInformation.cshtml
~/Areas/Online/Views/Institutional/SchemeInformation.vbhtml
~/Areas/Online/Views/Shared/SchemeInformation.cshtml
~/Areas/Online/Views/Shared/SchemeInformation.vbhtml
~/Views/Institutional/SchemeInformation.cshtml
~/Views/Institutional/SchemeInformation.vbhtml
~/Views/Shared/SchemeInformation.cshtml
~/Views/Shared/SchemeInformation.vbhtml
~/__MVCSITEMAPPROVIDER/SchemeInformation.ascx
   at System.Web.Mvc.ViewResult.FindView(ControllerContext context)
   at System.Web.Mvc.ViewResultBase.ExecuteResult(ControllerContext context)
   at System.Web.Mvc.ControllerActionInvoker.InvokeActionResult(ControllerContext controllerContext, ActionResult actionResult)
   at System.Web.Mvc.ControllerActionInvoker.InvokeActionResultFilterRecursive(IList`1 filters, Int32 filterIndex, ResultExecutingContext preContext, ControllerContext controllerContext, ActionResult actionResult)
   at System.Web.Mvc.ControllerActionInvoker.InvokeActionResultFilterRecursive(IList`1 filters, Int32 filterIndex, ResultExecutingContext preContext, ControllerContext controllerContext, ActionResult actionResult)
   at System.Web.Mvc.ControllerActionInvoker.InvokeActionResultWithFilters(ControllerContext controllerContext, IList`1 filters, ActionResult actionResult)
   at System.Web.Mvc.Async.AsyncControllerActionInvoker.<>c__DisplayClass21.<>c__DisplayClass2b.<BeginInvokeAction>b__1c()
   at System.Web.Mvc.Async.AsyncControllerActionInvoker.<>c__DisplayClass21.<BeginInvokeAction>b__1e(IAsyncResult asyncResult)
   at System.Web.Mvc.Async.AsyncResultWrapper.WrappedAsyncResult`1.CallEndDelegate(IAsyncResult asyncResult)
   at System.Web.Mvc.Async.AsyncResultWrapper.WrappedAsyncResultBase`1.End()
   at System.Web.Mvc.Async.AsyncResultWrapper.End[TResult](IAsyncResult asyncResult, Object tag)
   at System.Web.Mvc.Async.AsyncControllerActionInvoker.EndInvokeAction(IAsyncResult asyncResult)
   at System.Web.Mvc.Controller.<BeginExecuteCore>b__1d(IAsyncResult asyncResult, ExecuteCoreState innerState)
   at System.Web.Mvc.Async.AsyncResultWrapper.WrappedAsyncVoid`1.CallEndDelegate(IAsyncResult asyncResult)
   at System.Web.Mvc.Async.AsyncResultWrapper.WrappedAsyncResultBase`1.End()
   at System.Web.Mvc.Async.AsyncResultWrapper.End[TResult](IAsyncResult asyncResult, Object tag)
   at System.Web.Mvc.Async.AsyncResultWrapper.End(IAsyncResult asyncResult, Object tag)
   at System.Web.Mvc.Controller.EndExecuteCore(IAsyncResult asyncResult)
   at System.Web.Mvc.Controller.<BeginExecute>b__15(IAsyncResult asyncResult, Controller controller)
   at System.Web.Mvc.Async.AsyncResultWrapper.WrappedAsyncVoid`1.CallEndDelegate(IAsyncResult asyncResult)
   at System.Web.Mvc.Async.AsyncResultWrapper.WrappedAsyncResultBase`1.End()
   at System.Web.Mvc.Async.AsyncResultWrapper.End[TResult](IAsyncResult asyncResult, Object tag)
   at System.Web.Mvc.Async.AsyncResultWrapper.End(IAsyncResult asyncResult, Object tag)
   at System.Web.Mvc.Controller.EndExecute(IAsyncResult asyncResult)
   at System.Web.Mvc.Controller.System.Web.Mvc.Async.IAsyncController.EndExecute(IAsyncResult asyncResult)
   at System.Web.Mvc.MvcHandler.<BeginProcessRequest>b__5(IAsyncResult asyncResult, ProcessRequestState innerState)
   at System.Web.Mvc.Async.AsyncResultWrapper.WrappedAsyncVoid`1.CallEndDelegate(IAsyncResult asyncResult)
   at System.Web.Mvc.Async.AsyncResultWrapper.WrappedAsyncResultBase`1.End()
   at System.Web.Mvc.Async.AsyncResultWrapper.End[TResult](IAsyncResult asyncResult, Object tag)
   at System.Web.Mvc.Async.AsyncResultWrapper.End(IAsyncResult asyncResult, Object tag)
   at System.Web.Mvc.MvcHandler.EndProcessRequest(IAsyncResult asyncResult)
   at System.Web.Mvc.MvcHandler.System.Web.IHttpAsyncHandler.EndProcessRequest(IAsyncResult result)
   at System.Web.HttpApplication.CallHandlerExecutionStep.System.Web.HttpApplication.IExecutionStep.Execute()
   at System.Web.HttpApplication.ExecuteStepImpl(IExecutionStep step)
   at System.Web.HttpApplication.ExecuteStep(IExecutionStep step, Boolean& completedSynchronously)
2021-01-18 00:19:53,042 => ERROR NA.PMS.Common.Logger.LogService.LogError():97 - Global Exception
System.InvalidOperationException: The view 'SchemeInformation' or its master was not found or no view engine supports the searched locations. The following locations were searched:
~/Areas/Online/Views/Institutional/SchemeInformation.cshtml
~/Areas/Online/Views/Institutional/SchemeInformation.vbhtml
~/Areas/Online/Views/Shared/SchemeInformation.cshtml
~/Areas/Online/Views/Shared/SchemeInformation.vbhtml
~/Views/Institutional/SchemeInformation.cshtml
~/Views/Institutional/SchemeInformation.vbhtml
~/Views/Shared/SchemeInformation.cshtml
~/Views/Shared/SchemeInformation.vbhtml
~/__MVCSITEMAPPROVIDER/SchemeInformation.ascx
   at System.Web.Mvc.ViewResult.FindView(ControllerContext context)
   at System.Web.Mvc.ViewResultBase.ExecuteResult(ControllerContext context)
   at System.Web.Mvc.ControllerActionInvoker.InvokeActionResult(ControllerContext controllerContext, ActionResult actionResult)
   at System.Web.Mvc.ControllerActionInvoker.InvokeActionResultFilterRecursive(IList`1 filters, Int32 filterIndex, ResultExecutingContext preContext, ControllerContext controllerContext, ActionResult actionResult)
   at System.Web.Mvc.ControllerActionInvoker.InvokeActionResultFilterRecursive(IList`1 filters, Int32 filterIndex, ResultExecutingContext preContext, ControllerContext controllerContext, ActionResult actionResult)
   at System.Web.Mvc.ControllerActionInvoker.InvokeActionResultWithFilters(ControllerContext controllerContext, IList`1 filters, ActionResult actionResult)
   at System.Web.Mvc.Async.AsyncControllerActionInvoker.<>c__DisplayClass21.<>c__DisplayClass2b.<BeginInvokeAction>b__1c()
   at System.Web.Mvc.Async.AsyncControllerActionInvoker.<>c__DisplayClass21.<BeginInvokeAction>b__1e(IAsyncResult asyncResult)
   at System.Web.Mvc.Async.AsyncResultWrapper.WrappedAsyncResult`1.CallEndDelegate(IAsyncResult asyncResult)
   at System.Web.Mvc.Async.AsyncResultWrapper.WrappedAsyncResultBase`1.End()
   at System.Web.Mvc.Async.AsyncResultWrapper.End[TResult](IAsyncResult asyncResult, Object tag)
   at System.Web.Mvc.Async.AsyncControllerActionInvoker.EndInvokeAction(IAsyncResult asyncResult)
   at System.Web.Mvc.Controller.<BeginExecuteCore>b__1d(IAsyncResult asyncResult, ExecuteCoreState innerState)
   at System.Web.Mvc.Async.AsyncResultWrapper.WrappedAsyncVoid`1.CallEndDelegate(IAsyncResult asyncResult)
   at System.Web.Mvc.Async.AsyncResultWrapper.WrappedAsyncResultBase`1.End()
   at System.Web.Mvc.Async.AsyncResultWrapper.End[TResult](IAsyncResult asyncResult, Object tag)
   at System.Web.Mvc.Async.AsyncResultWrapper.End(IAsyncResult asyncResult, Object tag)
   at System.Web.Mvc.Controller.EndExecuteCore(IAsyncResult asyncResult)
   at System.Web.Mvc.Controller.<BeginExecute>b__15(IAsyncResult asyncResult, Controller controller)
   at System.Web.Mvc.Async.AsyncResultWrapper.WrappedAsyncVoid`1.CallEndDelegate(IAsyncResult asyncResult)
   at System.Web.Mvc.Async.AsyncResultWrapper.WrappedAsyncResultBase`1.End()
   at System.Web.Mvc.Async.AsyncResultWrapper.End[TResult](IAsyncResult asyncResult, Object tag)
   at System.Web.Mvc.Async.AsyncResultWrapper.End(IAsyncResult asyncResult, Object tag)
   at System.Web.Mvc.Controller.EndExecute(IAsyncResult asyncResult)
   at System.Web.Mvc.Controller.System.Web.Mvc.Async.IAsyncController.EndExecute(IAsyncResult asyncResult)
   at System.Web.Mvc.MvcHandler.<BeginProcessRequest>b__5(IAsyncResult asyncResult, ProcessRequestState innerState)
   at System.Web.Mvc.Async.AsyncResultWrapper.WrappedAsyncVoid`1.CallEndDelegate(IAsyncResult asyncResult)
   at System.Web.Mvc.Async.AsyncResultWrapper.WrappedAsyncResultBase`1.End()
   at System.Web.Mvc.Async.AsyncResultWrapper.End[TResult](IAsyncResult asyncResult, Object tag)
   at System.Web.Mvc.Async.AsyncResultWrapper.End(IAsyncResult asyncResult, Object tag)
   at System.Web.Mvc.MvcHandler.EndProcessRequest(IAsyncResult asyncResult)
   at System.Web.Mvc.MvcHandler.System.Web.IHttpAsyncHandler.EndProcessRequest(IAsyncResult result)
   at System.Web.HttpApplication.CallHandlerExecutionStep.System.Web.HttpApplication.IExecutionStep.Execute()
   at System.Web.HttpApplication.ExecuteStepImpl(IExecutionStep step)
   at System.Web.HttpApplication.ExecuteStep(IExecutionStep step, Boolean& completedSynchronously)
2021-01-18 00:21:36,301 => ERROR NA.PMS.Common.Logger.LogService.LogError():97 - Global Exception
System.Web.HttpCompileException (0x80004005): d:\TFSProject\NoidaAuthority\Source\NA.PMS\NA.PMS.Web\Areas\Online\Views\Institutional\PreviewSchemeForm.cshtml(7): error CS0103: The name 'iLayout' does not exist in the current context
   at System.Web.Compilation.AssemblyBuilder.Compile()
   at System.Web.Compilation.BuildProvidersCompiler.PerformBuild()
   at System.Web.Compilation.BuildManager.CompileWebFile(VirtualPath virtualPath)
   at System.Web.Compilation.BuildManager.GetVPathBuildResultInternal(VirtualPath virtualPath, Boolean noBuild, Boolean allowCrossApp, Boolean allowBuildInPrecompile, Boolean throwIfNotFound, Boolean ensureIsUpToDate)
   at System.Web.Compilation.BuildManager.GetVPathBuildResultWithNoAssert(HttpContext context, VirtualPath virtualPath, Boolean noBuild, Boolean allowCrossApp, Boolean allowBuildInPrecompile, Boolean throwIfNotFound, Boolean ensureIsUpToDate)
   at System.Web.Compilation.BuildManager.GetVirtualPathObjectFactory(VirtualPath virtualPath, HttpContext context, Boolean allowCrossApp, Boolean throwIfNotFound)
   at System.Web.Compilation.BuildManager.GetCompiledType(VirtualPath virtualPath)
   at System.Web.Compilation.BuildManager.GetCompiledType(String virtualPath)
   at System.Web.Mvc.BuildManagerWrapper.System.Web.Mvc.IBuildManager.GetCompiledType(String virtualPath)
   at System.Web.Mvc.BuildManagerCompiledView.Render(ViewContext viewContext, TextWriter writer)
   at System.Web.Mvc.ViewResultBase.ExecuteResult(ControllerContext context)
   at System.Web.Mvc.ControllerActionInvoker.InvokeActionResult(ControllerContext controllerContext, ActionResult actionResult)
   at System.Web.Mvc.ControllerActionInvoker.InvokeActionResultFilterRecursive(IList`1 filters, Int32 filterIndex, ResultExecutingContext preContext, ControllerContext controllerContext, ActionResult actionResult)
   at System.Web.Mvc.ControllerActionInvoker.InvokeActionResultFilterRecursive(IList`1 filters, Int32 filterIndex, ResultExecutingContext preContext, ControllerContext controllerContext, ActionResult actionResult)
   at System.Web.Mvc.ControllerActionInvoker.InvokeActionResultWithFilters(ControllerContext controllerContext, IList`1 filters, ActionResult actionResult)
   at System.Web.Mvc.Async.AsyncControllerActionInvoker.<>c__DisplayClass21.<>c__DisplayClass2b.<BeginInvokeAction>b__1c()
   at System.Web.Mvc.Async.AsyncControllerActionInvoker.<>c__DisplayClass21.<BeginInvokeAction>b__1e(IAsyncResult asyncResult)
   at System.Web.Mvc.Async.AsyncResultWrapper.WrappedAsyncResult`1.CallEndDelegate(IAsyncResult asyncResult)
   at System.Web.Mvc.Async.AsyncResultWrapper.WrappedAsyncResultBase`1.End()
   at System.Web.Mvc.Async.AsyncResultWrapper.End[TResult](IAsyncResult asyncResult, Object tag)
   at System.Web.Mvc.Async.AsyncControllerActionInvoker.EndInvokeAction(IAsyncResult asyncResult)
   at System.Web.Mvc.Controller.<BeginExecuteCore>b__1d(IAsyncResult asyncResult, ExecuteCoreState innerState)
   at System.Web.Mvc.Async.AsyncResultWrapper.WrappedAsyncVoid`1.CallEndDelegate(IAsyncResult asyncResult)
   at System.Web.Mvc.Async.AsyncResultWrapper.WrappedAsyncResultBase`1.End()
   at System.Web.Mvc.Async.AsyncResultWrapper.End[TResult](IAsyncResult asyncResult, Object tag)
   at System.Web.Mvc.Async.AsyncResultWrapper.End(IAsyncResult asyncResult, Object tag)
   at System.Web.Mvc.Controller.EndExecuteCore(IAsyncResult asyncResult)
   at System.Web.Mvc.Controller.<BeginExecute>b__15(IAsyncResult asyncResult, Controller controller)
   at System.Web.Mvc.Async.AsyncResultWrapper.WrappedAsyncVoid`1.CallEndDelegate(IAsyncResult asyncResult)
   at System.Web.Mvc.Async.AsyncResultWrapper.WrappedAsyncResultBase`1.End()
   at System.Web.Mvc.Async.AsyncResultWrapper.End[TResult](IAsyncResult asyncResult, Object tag)
   at System.Web.Mvc.Async.AsyncResultWrapper.End(IAsyncResult asyncResult, Object tag)
   at System.Web.Mvc.Controller.EndExecute(IAsyncResult asyncResult)
   at System.Web.Mvc.Controller.System.Web.Mvc.Async.IAsyncController.EndExecute(IAsyncResult asyncResult)
   at System.Web.Mvc.MvcHandler.<BeginProcessRequest>b__5(IAsyncResult asyncResult, ProcessRequestState innerState)
   at System.Web.Mvc.Async.AsyncResultWrapper.WrappedAsyncVoid`1.CallEndDelegate(IAsyncResult asyncResult)
   at System.Web.Mvc.Async.AsyncResultWrapper.WrappedAsyncResultBase`1.End()
   at System.Web.Mvc.Async.AsyncResultWrapper.End[TResult](IAsyncResult asyncResult, Object tag)
   at System.Web.Mvc.Async.AsyncResultWrapper.End(IAsyncResult asyncResult, Object tag)
   at System.Web.Mvc.MvcHandler.EndProcessRequest(IAsyncResult asyncResult)
   at System.Web.Mvc.MvcHandler.System.Web.IHttpAsyncHandler.EndProcessRequest(IAsyncResult result)
   at System.Web.HttpApplication.CallHandlerExecutionStep.System.Web.HttpApplication.IExecutionStep.Execute()
   at System.Web.HttpApplication.ExecuteStepImpl(IExecutionStep step)
   at System.Web.HttpApplication.ExecuteStep(IExecutionStep step, Boolean& completedSynchronously)
2021-01-18 00:22:20,279 => ERROR NA.PMS.Common.Logger.LogService.LogError():97 - Global Exception
System.Web.HttpCompileException (0x80004005): d:\TFSProject\NoidaAuthority\Source\NA.PMS\NA.PMS.Web\Areas\Online\Views\Institutional\PreviewSchemeForm.cshtml(470): error CS1061: 'NA.PMS.OnlineScheme.SchemeFormViewModel' does not contain a definition for 'ProposedModel' and no extension method 'ProposedModel' accepting a first argument of type 'NA.PMS.OnlineScheme.SchemeFormViewModel' could be found (are you missing a using directive or an assembly reference?)
   at System.Web.Compilation.AssemblyBuilder.Compile()
   at System.Web.Compilation.BuildProvidersCompiler.PerformBuild()
   at System.Web.Compilation.BuildManager.CompileWebFile(VirtualPath virtualPath)
   at System.Web.Compilation.BuildManager.GetVPathBuildResultInternal(VirtualPath virtualPath, Boolean noBuild, Boolean allowCrossApp, Boolean allowBuildInPrecompile, Boolean throwIfNotFound, Boolean ensureIsUpToDate)
   at System.Web.Compilation.BuildManager.GetVPathBuildResultWithNoAssert(HttpContext context, VirtualPath virtualPath, Boolean noBuild, Boolean allowCrossApp, Boolean allowBuildInPrecompile, Boolean throwIfNotFound, Boolean ensureIsUpToDate)
   at System.Web.Compilation.BuildManager.GetVirtualPathObjectFactory(VirtualPath virtualPath, HttpContext context, Boolean allowCrossApp, Boolean throwIfNotFound)
   at System.Web.Compilation.BuildManager.GetCompiledType(VirtualPath virtualPath)
   at System.Web.Compilation.BuildManager.GetCompiledType(String virtualPath)
   at System.Web.Mvc.BuildManagerWrapper.System.Web.Mvc.IBuildManager.GetCompiledType(String virtualPath)
   at System.Web.Mvc.BuildManagerCompiledView.Render(ViewContext viewContext, TextWriter writer)
   at System.Web.Mvc.ViewResultBase.ExecuteResult(ControllerContext context)
   at System.Web.Mvc.ControllerActionInvoker.InvokeActionResult(ControllerContext controllerContext, ActionResult actionResult)
   at System.Web.Mvc.ControllerActionInvoker.InvokeActionResultFilterRecursive(IList`1 filters, Int32 filterIndex, ResultExecutingContext preContext, ControllerContext controllerContext, ActionResult actionResult)
   at System.Web.Mvc.ControllerActionInvoker.InvokeActionResultFilterRecursive(IList`1 filters, Int32 filterIndex, ResultExecutingContext preContext, ControllerContext controllerContext, ActionResult actionResult)
   at System.Web.Mvc.ControllerActionInvoker.InvokeActionResultWithFilters(ControllerContext controllerContext, IList`1 filters, ActionResult actionResult)
   at System.Web.Mvc.Async.AsyncControllerActionInvoker.<>c__DisplayClass21.<>c__DisplayClass2b.<BeginInvokeAction>b__1c()
   at System.Web.Mvc.Async.AsyncControllerActionInvoker.<>c__DisplayClass21.<BeginInvokeAction>b__1e(IAsyncResult asyncResult)
   at System.Web.Mvc.Async.AsyncResultWrapper.WrappedAsyncResult`1.CallEndDelegate(IAsyncResult asyncResult)
   at System.Web.Mvc.Async.AsyncResultWrapper.WrappedAsyncResultBase`1.End()
   at System.Web.Mvc.Async.AsyncResultWrapper.End[TResult](IAsyncResult asyncResult, Object tag)
   at System.Web.Mvc.Async.AsyncControllerActionInvoker.EndInvokeAction(IAsyncResult asyncResult)
   at System.Web.Mvc.Controller.<BeginExecuteCore>b__1d(IAsyncResult asyncResult, ExecuteCoreState innerState)
   at System.Web.Mvc.Async.AsyncResultWrapper.WrappedAsyncVoid`1.CallEndDelegate(IAsyncResult asyncResult)
   at System.Web.Mvc.Async.AsyncResultWrapper.WrappedAsyncResultBase`1.End()
   at System.Web.Mvc.Async.AsyncResultWrapper.End[TResult](IAsyncResult asyncResult, Object tag)
   at System.Web.Mvc.Async.AsyncResultWrapper.End(IAsyncResult asyncResult, Object tag)
   at System.Web.Mvc.Controller.EndExecuteCore(IAsyncResult asyncResult)
   at System.Web.Mvc.Controller.<BeginExecute>b__15(IAsyncResult asyncResult, Controller controller)
   at System.Web.Mvc.Async.AsyncResultWrapper.WrappedAsyncVoid`1.CallEndDelegate(IAsyncResult asyncResult)
   at System.Web.Mvc.Async.AsyncResultWrapper.WrappedAsyncResultBase`1.End()
   at System.Web.Mvc.Async.AsyncResultWrapper.End[TResult](IAsyncResult asyncResult, Object tag)
   at System.Web.Mvc.Async.AsyncResultWrapper.End(IAsyncResult asyncResult, Object tag)
   at System.Web.Mvc.Controller.EndExecute(IAsyncResult asyncResult)
   at System.Web.Mvc.Controller.System.Web.Mvc.Async.IAsyncController.EndExecute(IAsyncResult asyncResult)
   at System.Web.Mvc.MvcHandler.<BeginProcessRequest>b__5(IAsyncResult asyncResult, ProcessRequestState innerState)
   at System.Web.Mvc.Async.AsyncResultWrapper.WrappedAsyncVoid`1.CallEndDelegate(IAsyncResult asyncResult)
   at System.Web.Mvc.Async.AsyncResultWrapper.WrappedAsyncResultBase`1.End()
   at System.Web.Mvc.Async.AsyncResultWrapper.End[TResult](IAsyncResult asyncResult, Object tag)
   at System.Web.Mvc.Async.AsyncResultWrapper.End(IAsyncResult asyncResult, Object tag)
   at System.Web.Mvc.MvcHandler.EndProcessRequest(IAsyncResult asyncResult)
   at System.Web.Mvc.MvcHandler.System.Web.IHttpAsyncHandler.EndProcessRequest(IAsyncResult result)
   at System.Web.HttpApplication.CallHandlerExecutionStep.System.Web.HttpApplication.IExecutionStep.Execute()
   at System.Web.HttpApplication.ExecuteStepImpl(IExecutionStep step)
   at System.Web.HttpApplication.ExecuteStep(IExecutionStep step, Boolean& completedSynchronously)
2021-01-18 00:27:50,084 => ERROR NA.PMS.Common.Logger.LogService.LogError():97 - Global Exception
System.InvalidOperationException: The model item passed into the dictionary is of type 'NA.PMS.OnlineScheme.SchemeFormViewModel', but this dictionary requires a model item of type 'NA.PMS.Model.OnlineFormViewModel'.
   at System.Web.Mvc.ViewDataDictionary`1.SetModel(Object value)
   at System.Web.Mvc.ViewDataDictionary.set_Model(Object value)
   at System.Web.Mvc.ViewDataDictionary..ctor(ViewDataDictionary dictionary)
   at System.Web.Mvc.ViewDataDictionary`1..ctor(ViewDataDictionary viewDataDictionary)
   at System.Web.Mvc.WebViewPage`1.SetViewData(ViewDataDictionary viewData)
   at System.Web.Mvc.WebViewPage.set_ViewData(ViewDataDictionary value)
   at System.Web.Mvc.RazorView.RenderView(ViewContext viewContext, TextWriter writer, Object instance)
   at System.Web.Mvc.BuildManagerCompiledView.Render(ViewContext viewContext, TextWriter writer)
   at System.Web.Mvc.HtmlHelper.RenderPartialInternal(String partialViewName, ViewDataDictionary viewData, Object model, TextWriter writer, ViewEngineCollection viewEngineCollection)
   at System.Web.Mvc.Html.RenderPartialExtensions.RenderPartial(HtmlHelper htmlHelper, String partialViewName)
   at ASP._Page_Areas_Online_Views_Institutional_PreviewSchemeForm_cshtml.Execute() in d:\TFSProject\NoidaAuthority\Source\NA.PMS\NA.PMS.Web\Areas\Online\Views\Institutional\PreviewSchemeForm.cshtml:line 756
   at System.Web.WebPages.WebPageBase.ExecutePageHierarchy()
   at System.Web.Mvc.WebViewPage.ExecutePageHierarchy()
   at System.Web.WebPages.WebPageBase.ExecutePageHierarchy(WebPageContext pageContext, TextWriter writer, WebPageRenderingBase startPage)
   at System.Web.Mvc.RazorView.RenderView(ViewContext viewContext, TextWriter writer, Object instance)
   at System.Web.Mvc.BuildManagerCompiledView.Render(ViewContext viewContext, TextWriter writer)
   at System.Web.Mvc.ViewResultBase.ExecuteResult(ControllerContext context)
   at System.Web.Mvc.ControllerActionInvoker.InvokeActionResult(ControllerContext controllerContext, ActionResult actionResult)
   at System.Web.Mvc.ControllerActionInvoker.InvokeActionResultFilterRecursive(IList`1 filters, Int32 filterIndex, ResultExecutingContext preContext, ControllerContext controllerContext, ActionResult actionResult)
   at System.Web.Mvc.ControllerActionInvoker.InvokeActionResultFilterRecursive(IList`1 filters, Int32 filterIndex, ResultExecutingContext preContext, ControllerContext controllerContext, ActionResult actionResult)
   at System.Web.Mvc.ControllerActionInvoker.InvokeActionResultWithFilters(ControllerContext controllerContext, IList`1 filters, ActionResult actionResult)
   at System.Web.Mvc.Async.AsyncControllerActionInvoker.<>c__DisplayClass21.<>c__DisplayClass2b.<BeginInvokeAction>b__1c()
   at System.Web.Mvc.Async.AsyncControllerActionInvoker.<>c__DisplayClass21.<BeginInvokeAction>b__1e(IAsyncResult asyncResult)
   at System.Web.Mvc.Async.AsyncResultWrapper.WrappedAsyncResult`1.CallEndDelegate(IAsyncResult asyncResult)
   at System.Web.Mvc.Async.AsyncResultWrapper.WrappedAsyncResultBase`1.End()
   at System.Web.Mvc.Async.AsyncResultWrapper.End[TResult](IAsyncResult asyncResult, Object tag)
   at System.Web.Mvc.Async.AsyncControllerActionInvoker.EndInvokeAction(IAsyncResult asyncResult)
   at System.Web.Mvc.Controller.<BeginExecuteCore>b__1d(IAsyncResult asyncResult, ExecuteCoreState innerState)
   at System.Web.Mvc.Async.AsyncResultWrapper.WrappedAsyncVoid`1.CallEndDelegate(IAsyncResult asyncResult)
   at System.Web.Mvc.Async.AsyncResultWrapper.WrappedAsyncResultBase`1.End()
   at System.Web.Mvc.Async.AsyncResultWrapper.End[TResult](IAsyncResult asyncResult, Object tag)
   at System.Web.Mvc.Async.AsyncResultWrapper.End(IAsyncResult asyncResult, Object tag)
   at System.Web.Mvc.Controller.EndExecuteCore(IAsyncResult asyncResult)
   at System.Web.Mvc.Controller.<BeginExecute>b__15(IAsyncResult asyncResult, Controller controller)
   at System.Web.Mvc.Async.AsyncResultWrapper.WrappedAsyncVoid`1.CallEndDelegate(IAsyncResult asyncResult)
   at System.Web.Mvc.Async.AsyncResultWrapper.WrappedAsyncResultBase`1.End()
   at System.Web.Mvc.Async.AsyncResultWrapper.End[TResult](IAsyncResult asyncResult, Object tag)
   at System.Web.Mvc.Async.AsyncResultWrapper.End(IAsyncResult asyncResult, Object tag)
   at System.Web.Mvc.Controller.EndExecute(IAsyncResult asyncResult)
   at System.Web.Mvc.Controller.System.Web.Mvc.Async.IAsyncController.EndExecute(IAsyncResult asyncResult)
   at System.Web.Mvc.MvcHandler.<BeginProcessRequest>b__5(IAsyncResult asyncResult, ProcessRequestState innerState)
   at System.Web.Mvc.Async.AsyncResultWrapper.WrappedAsyncVoid`1.CallEndDelegate(IAsyncResult asyncResult)
   at System.Web.Mvc.Async.AsyncResultWrapper.WrappedAsyncResultBase`1.End()
   at System.Web.Mvc.Async.AsyncResultWrapper.End[TResult](IAsyncResult asyncResult, Object tag)
   at System.Web.Mvc.Async.AsyncResultWrapper.End(IAsyncResult asyncResult, Object tag)
   at System.Web.Mvc.MvcHandler.EndProcessRequest(IAsyncResult asyncResult)
   at System.Web.Mvc.MvcHandler.System.Web.IHttpAsyncHandler.EndProcessRequest(IAsyncResult result)
   at System.Web.HttpApplication.CallHandlerExecutionStep.System.Web.HttpApplication.IExecutionStep.Execute()
   at System.Web.HttpApplication.ExecuteStepImpl(IExecutionStep step)
   at System.Web.HttpApplication.ExecuteStep(IExecutionStep step, Boolean& completedSynchronously)
2021-01-18 00:28:09,923 => INFO  NA.PMS.Common.Logger.LogService.LogInformation():24 - Executing Action: GetDirectorDetails on Controller: Application For User : .
2021-01-18 00:28:10,169 => INFO  NA.PMS.Common.Logger.LogService.LogInformation():24 - Executed Action: GetDirectorDetails on Controller: Application For User : .
2021-01-18 00:28:10,497 => INFO  NA.PMS.Common.Logger.LogService.LogInformation():24 - Executing Action: GetUploadedDocumentsForOnlineForm on Controller: Application For User : .
2021-01-18 00:28:11,204 => INFO  NA.PMS.Common.Logger.LogService.LogInformation():24 - Executed Action: GetUploadedDocumentsForOnlineForm on Controller: Application For User : .
2021-01-18 00:39:58,446 => INFO  NA.PMS.Common.Logger.LogService.LogInformation():24 - Executing Action: GetDirectorDetails on Controller: Application For User : .
2021-01-18 00:39:58,831 => INFO  NA.PMS.Common.Logger.LogService.LogInformation():24 - Executed Action: GetDirectorDetails on Controller: Application For User : .
2021-01-18 00:39:58,967 => INFO  NA.PMS.Common.Logger.LogService.LogInformation():24 - Executing Action: GetUploadedDocumentsForOnlineForm on Controller: Application For User : .
2021-01-18 00:40:01,630 => INFO  NA.PMS.Common.Logger.LogService.LogInformation():24 - Executed Action: GetUploadedDocumentsForOnlineForm on Controller: Application For User : .
2021-01-18 00:41:54,042 => INFO  NA.PMS.Common.Logger.LogService.LogInformation():24 - Executing Action: GetDirectorDetails on Controller: Application For User : .
2021-01-18 00:41:54,180 => INFO  NA.PMS.Common.Logger.LogService.LogInformation():24 - Executed Action: GetDirectorDetails on Controller: Application For User : .
2021-01-18 00:41:54,626 => INFO  NA.PMS.Common.Logger.LogService.LogInformation():24 - Executing Action: GetUploadedDocumentsForOnlineForm on Controller: Application For User : .
2021-01-18 00:41:55,349 => INFO  NA.PMS.Common.Logger.LogService.LogInformation():24 - Executed Action: GetUploadedDocumentsForOnlineForm on Controller: Application For User : .
2021-01-18 00:42:52,404 => INFO  NA.PMS.Common.Logger.LogService.LogInformation():24 - Executing Action: GetDirectorDetails on Controller: Application For User : .
2021-01-18 00:42:52,404 => INFO  NA.PMS.Common.Logger.LogService.LogInformation():24 - Executing Action: GetUploadedDocumentsForOnlineForm on Controller: Application For User : .
2021-01-18 00:42:57,458 => INFO  NA.PMS.Common.Logger.LogService.LogInformation():24 - Executed Action: GetDirectorDetails on Controller: Application For User : .
2021-01-18 00:42:58,249 => INFO  NA.PMS.Common.Logger.LogService.LogInformation():24 - Executed Action: GetUploadedDocumentsForOnlineForm on Controller: Application For User : .
2021-01-18 00:44:49,429 => INFO  NA.PMS.Common.Logger.LogService.LogInformation():24 - Executing Action: GetDirectorDetails on Controller: Application For User : .
2021-01-18 00:44:49,610 => INFO  NA.PMS.Common.Logger.LogService.LogInformation():24 - Executed Action: GetDirectorDetails on Controller: Application For User : .
2021-01-18 00:44:49,952 => INFO  NA.PMS.Common.Logger.LogService.LogInformation():24 - Executing Action: GetUploadedDocumentsForOnlineForm on Controller: Application For User : .
2021-01-18 00:44:50,757 => INFO  NA.PMS.Common.Logger.LogService.LogInformation():24 - Executed Action: GetUploadedDocumentsForOnlineForm on Controller: Application For User : .
2021-01-18 00:46:51,854 => INFO  NA.PMS.Common.Logger.LogService.LogInformation():24 - Executing Action: GetDirectorDetails on Controller: Application For User : .
2021-01-18 00:46:51,945 => INFO  NA.PMS.Common.Logger.LogService.LogInformation():24 - Executed Action: GetDirectorDetails on Controller: Application For User : .
2021-01-18 00:46:52,391 => INFO  NA.PMS.Common.Logger.LogService.LogInformation():24 - Executing Action: GetUploadedDocumentsForOnlineForm on Controller: Application For User : .
2021-01-18 00:46:52,952 => INFO  NA.PMS.Common.Logger.LogService.LogInformation():24 - Executed Action: GetUploadedDocumentsForOnlineForm on Controller: Application For User : .
2021-01-18 00:48:39,809 => INFO  NA.PMS.Common.Logger.LogService.LogInformation():24 - Executing Action: GetDirectorDetails on Controller: Application For User : .
2021-01-18 00:48:39,908 => INFO  NA.PMS.Common.Logger.LogService.LogInformation():24 - Executed Action: GetDirectorDetails on Controller: Application For User : .
2021-01-18 00:48:40,356 => INFO  NA.PMS.Common.Logger.LogService.LogInformation():24 - Executing Action: GetUploadedDocumentsForOnlineForm on Controller: Application For User : .
2021-01-18 00:48:40,758 => INFO  NA.PMS.Common.Logger.LogService.LogInformation():24 - Executed Action: GetUploadedDocumentsForOnlineForm on Controller: Application For User : .
2021-01-18 00:50:54,380 => INFO  NA.PMS.Common.Logger.LogService.LogInformation():24 - Executing Action: GetDirectorDetails on Controller: Application For User : .
2021-01-18 00:50:54,472 => INFO  NA.PMS.Common.Logger.LogService.LogInformation():24 - Executed Action: GetDirectorDetails on Controller: Application For User : .
2021-01-18 00:50:54,914 => INFO  NA.PMS.Common.Logger.LogService.LogInformation():24 - Executing Action: GetUploadedDocumentsForOnlineForm on Controller: Application For User : .
2021-01-18 00:50:55,271 => INFO  NA.PMS.Common.Logger.LogService.LogInformation():24 - Executed Action: GetUploadedDocumentsForOnlineForm on Controller: Application For User : .
2021-01-18 00:52:18,032 => INFO  NA.PMS.Common.Logger.LogService.LogInformation():24 - Executing Action: GetDirectorDetails on Controller: Application For User : .
2021-01-18 00:52:18,122 => INFO  NA.PMS.Common.Logger.LogService.LogInformation():24 - Executed Action: GetDirectorDetails on Controller: Application For User : .
2021-01-18 00:52:18,563 => INFO  NA.PMS.Common.Logger.LogService.LogInformation():24 - Executing Action: GetUploadedDocumentsForOnlineForm on Controller: Application For User : .
2021-01-18 00:52:19,071 => INFO  NA.PMS.Common.Logger.LogService.LogInformation():24 - Executed Action: GetUploadedDocumentsForOnlineForm on Controller: Application For User : .
2021-01-18 00:53:34,907 => INFO  NA.PMS.Common.Logger.LogService.LogInformation():24 - Executing Action: GetDirectorDetails on Controller: Application For User : .
2021-01-18 00:53:34,988 => INFO  NA.PMS.Common.Logger.LogService.LogInformation():24 - Executed Action: GetDirectorDetails on Controller: Application For User : .
2021-01-18 00:53:35,431 => INFO  NA.PMS.Common.Logger.LogService.LogInformation():24 - Executing Action: GetUploadedDocumentsForOnlineForm on Controller: Application For User : .
2021-01-18 00:53:35,858 => INFO  NA.PMS.Common.Logger.LogService.LogInformation():24 - Executed Action: GetUploadedDocumentsForOnlineForm on Controller: Application For User : .
2021-01-18 00:56:32,169 => INFO  NA.PMS.Common.Logger.LogService.LogInformation():24 - Executing Action: GetDirectorDetails on Controller: Application For User : .
2021-01-18 00:56:32,292 => INFO  NA.PMS.Common.Logger.LogService.LogInformation():24 - Executed Action: GetDirectorDetails on Controller: Application For User : .
2021-01-18 00:59:28,354 => INFO  NA.PMS.Common.Logger.LogService.LogInformation():24 - Executing Action: GetDirectorDetails on Controller: Application For User : .
2021-01-18 00:59:28,440 => INFO  NA.PMS.Common.Logger.LogService.LogInformation():24 - Executed Action: GetDirectorDetails on Controller: Application For User : .
2021-01-18 01:02:48,486 => INFO  NA.PMS.Common.Logger.LogService.LogInformation():24 - Executing Action: GetDirectorDetails on Controller: Application For User : .
2021-01-18 01:02:48,588 => INFO  NA.PMS.Common.Logger.LogService.LogInformation():24 - Executed Action: GetDirectorDetails on Controller: Application For User : .
2021-01-18 01:03:16,893 => INFO  NA.PMS.Common.Logger.LogService.LogInformation():24 - Executing Action: GetDirectorDetails on Controller: Application For User : .
2021-01-18 01:03:16,993 => INFO  NA.PMS.Common.Logger.LogService.LogInformation():24 - Executed Action: GetDirectorDetails on Controller: Application For User : .
2021-01-18 01:03:20,648 => INFO  NA.PMS.Common.Logger.LogService.LogInformation():24 - Executing Action: PrintSchemeForm on Controller: Application For User : .
2021-01-18 01:03:25,566 => INFO  NA.PMS.Common.Logger.LogService.LogInformation():24 - Executed Action: PrintSchemeForm on Controller: Application For User : .
2021-01-18 01:04:31,181 => INFO  NA.PMS.Common.Logger.LogService.LogInformation():24 - Executing Action: GetDirectorDetails on Controller: Application For User : .
2021-01-18 01:04:31,274 => INFO  NA.PMS.Common.Logger.LogService.LogInformation():24 - Executed Action: GetDirectorDetails on Controller: Application For User : .
2021-01-18 01:08:43,132 => INFO  NA.PMS.Common.Logger.LogService.LogInformation():24 - Executing Action: GetDirectorDetails on Controller: Application For User : .
2021-01-18 01:08:43,217 => INFO  NA.PMS.Common.Logger.LogService.LogInformation():24 - Executed Action: GetDirectorDetails on Controller: Application For User : .
2021-01-18 12:12:53,439 => INFO  NA.PMS.Common.Logger.LogService.LogInformation():24 - Executing Action: Login on Controller: Account For User : .
2021-01-18 12:12:53,619 => INFO  NA.PMS.Common.Logger.LogService.LogInformation():24 - Executed Action: Login on Controller: Account For User : .
2021-01-18 12:13:53,309 => INFO  NA.PMS.Common.Logger.LogService.LogInformation():24 - Executing Action: GetDirectorDetails on Controller: Application For User : .
2021-01-18 12:13:53,407 => INFO  NA.PMS.Common.Logger.LogService.LogInformation():24 - Executed Action: GetDirectorDetails on Controller: Application For User : .
2021-01-18 12:34:11,530 => INFO  NA.PMS.Common.Logger.LogService.LogInformation():24 - Executing Action: Login on Controller: Account For User : .
2021-01-18 12:34:11,718 => INFO  NA.PMS.Common.Logger.LogService.LogInformation():24 - Executed Action: Login on Controller: Account For User : .
2021-01-18 12:35:04,915 => INFO  NA.PMS.Common.Logger.LogService.LogInformation():24 - Executing Action: GetDirectorTypeList on Controller: Application For User : .
2021-01-18 12:35:04,976 => INFO  NA.PMS.Common.Logger.LogService.LogInformation():24 - Executed Action: GetDirectorTypeList on Controller: Application For User : .
2021-01-18 12:38:49,060 => INFO  NA.PMS.Common.Logger.LogService.LogInformation():24 - Executing Action: Login on Controller: Account For User : .
2021-01-18 12:38:49,234 => INFO  NA.PMS.Common.Logger.LogService.LogInformation():24 - Executed Action: Login on Controller: Account For User : .
2021-01-18 12:39:18,035 => INFO  NA.PMS.Common.Logger.LogService.LogInformation():24 - Executing Action: GetDirectorTypeList on Controller: Application For User : .
2021-01-18 12:39:18,103 => INFO  NA.PMS.Common.Logger.LogService.LogInformation():24 - Executed Action: GetDirectorTypeList on Controller: Application For User : .
2021-01-18 12:39:50,117 => INFO  NA.PMS.Common.Logger.LogService.LogInformation():24 - Executing Action: GetDirectorTypeList on Controller: Application For User : .
2021-01-18 12:39:50,173 => INFO  NA.PMS.Common.Logger.LogService.LogInformation():24 - Executed Action: GetDirectorTypeList on Controller: Application For User : .
2021-01-18 12:45:16,197 => INFO  NA.PMS.Common.Logger.LogService.LogInformation():24 - Executing Action: GetDirectorDetails on Controller: Application For User : .
2021-01-18 12:45:16,272 => INFO  NA.PMS.Common.Logger.LogService.LogInformation():24 - Executed Action: GetDirectorDetails on Controller: Application For User : .
2021-01-18 13:10:28,944 => ERROR NA.PMS.Common.Logger.LogService.LogError():97 - Global Exception
System.InvalidOperationException: The view 'SchemeInformation' or its master was not found or no view engine supports the searched locations. The following locations were searched:
~/Areas/Online/Views/Institutional/SchemeInformation.cshtml
~/Areas/Online/Views/Institutional/SchemeInformation.vbhtml
~/Areas/Online/Views/Shared/SchemeInformation.cshtml
~/Areas/Online/Views/Shared/SchemeInformation.vbhtml
~/Views/Institutional/SchemeInformation.cshtml
~/Views/Institutional/SchemeInformation.vbhtml
~/Views/Shared/SchemeInformation.cshtml
~/Views/Shared/SchemeInformation.vbhtml
   at System.Web.Mvc.ViewResult.FindView(ControllerContext context)
   at System.Web.Mvc.ViewResultBase.ExecuteResult(ControllerContext context)
   at System.Web.Mvc.ControllerActionInvoker.InvokeActionResult(ControllerContext controllerContext, ActionResult actionResult)
   at System.Web.Mvc.ControllerActionInvoker.InvokeActionResultFilterRecursive(IList`1 filters, Int32 filterIndex, ResultExecutingContext preContext, ControllerContext controllerContext, ActionResult actionResult)
   at System.Web.Mvc.ControllerActionInvoker.InvokeActionResultFilterRecursive(IList`1 filters, Int32 filterIndex, ResultExecutingContext preContext, ControllerContext controllerContext, ActionResult actionResult)
   at System.Web.Mvc.ControllerActionInvoker.InvokeActionResultWithFilters(ControllerContext controllerContext, IList`1 filters, ActionResult actionResult)
   at System.Web.Mvc.Async.AsyncControllerActionInvoker.<>c__DisplayClass21.<>c__DisplayClass2b.<BeginInvokeAction>b__1c()
   at System.Web.Mvc.Async.AsyncControllerActionInvoker.<>c__DisplayClass21.<BeginInvokeAction>b__1e(IAsyncResult asyncResult)
   at System.Web.Mvc.Async.AsyncResultWrapper.WrappedAsyncResult`1.CallEndDelegate(IAsyncResult asyncResult)
   at System.Web.Mvc.Async.AsyncResultWrapper.WrappedAsyncResultBase`1.End()
   at System.Web.Mvc.Async.AsyncResultWrapper.End[TResult](IAsyncResult asyncResult, Object tag)
   at System.Web.Mvc.Async.AsyncControllerActionInvoker.EndInvokeAction(IAsyncResult asyncResult)
   at System.Web.Mvc.Controller.<BeginExecuteCore>b__1d(IAsyncResult asyncResult, ExecuteCoreState innerState)
   at System.Web.Mvc.Async.AsyncResultWrapper.WrappedAsyncVoid`1.CallEndDelegate(IAsyncResult asyncResult)
   at System.Web.Mvc.Async.AsyncResultWrapper.WrappedAsyncResultBase`1.End()
   at System.Web.Mvc.Async.AsyncResultWrapper.End[TResult](IAsyncResult asyncResult, Object tag)
   at System.Web.Mvc.Async.AsyncResultWrapper.End(IAsyncResult asyncResult, Object tag)
   at System.Web.Mvc.Controller.EndExecuteCore(IAsyncResult asyncResult)
   at System.Web.Mvc.Controller.<BeginExecute>b__15(IAsyncResult asyncResult, Controller controller)
   at System.Web.Mvc.Async.AsyncResultWrapper.WrappedAsyncVoid`1.CallEndDelegate(IAsyncResult asyncResult)
   at System.Web.Mvc.Async.AsyncResultWrapper.WrappedAsyncResultBase`1.End()
   at System.Web.Mvc.Async.AsyncResultWrapper.End[TResult](IAsyncResult asyncResult, Object tag)
   at System.Web.Mvc.Async.AsyncResultWrapper.End(IAsyncResult asyncResult, Object tag)
   at System.Web.Mvc.Controller.EndExecute(IAsyncResult asyncResult)
   at System.Web.Mvc.Controller.System.Web.Mvc.Async.IAsyncController.EndExecute(IAsyncResult asyncResult)
   at System.Web.Mvc.MvcHandler.<BeginProcessRequest>b__5(IAsyncResult asyncResult, ProcessRequestState innerState)
   at System.Web.Mvc.Async.AsyncResultWrapper.WrappedAsyncVoid`1.CallEndDelegate(IAsyncResult asyncResult)
   at System.Web.Mvc.Async.AsyncResultWrapper.WrappedAsyncResultBase`1.End()
   at System.Web.Mvc.Async.AsyncResultWrapper.End[TResult](IAsyncResult asyncResult, Object tag)
   at System.Web.Mvc.Async.AsyncResultWrapper.End(IAsyncResult asyncResult, Object tag)
   at System.Web.Mvc.MvcHandler.EndProcessRequest(IAsyncResult asyncResult)
   at System.Web.Mvc.MvcHandler.System.Web.IHttpAsyncHandler.EndProcessRequest(IAsyncResult result)
   at System.Web.HttpApplication.CallHandlerExecutionStep.System.Web.HttpApplication.IExecutionStep.Execute()
   at System.Web.HttpApplication.ExecuteStepImpl(IExecutionStep step)
   at System.Web.HttpApplication.ExecuteStep(IExecutionStep step, Boolean& completedSynchronously)
2021-01-18 13:28:09,086 => INFO  NA.PMS.Common.Logger.LogService.LogInformation():24 - Executing Action: Login on Controller: Account For User : .
2021-01-18 13:28:09,235 => INFO  NA.PMS.Common.Logger.LogService.LogInformation():24 - Executed Action: Login on Controller: Account For User : .
2021-01-18 14:04:42,816 => ERROR NA.PMS.Common.Logger.LogService.LogError():97 - Global Exception
System.Web.HttpCompileException (0x80004005): d:\TFSProject\NoidaAuthority\Source\NA.PMS\NA.PMS.Web\Areas\Online\Views\Institutional\SchemeDocument.cshtml(619): error CS0103: The name 'ReturnType' does not exist in the current context
   at System.Web.Compilation.AssemblyBuilder.Compile()
   at System.Web.Compilation.BuildProvidersCompiler.PerformBuild()
   at System.Web.Compilation.BuildManager.CompileWebFile(VirtualPath virtualPath)
   at System.Web.Compilation.BuildManager.GetVPathBuildResultInternal(VirtualPath virtualPath, Boolean noBuild, Boolean allowCrossApp, Boolean allowBuildInPrecompile, Boolean throwIfNotFound, Boolean ensureIsUpToDate)
   at System.Web.Compilation.BuildManager.GetVPathBuildResultWithNoAssert(HttpContext context, VirtualPath virtualPath, Boolean noBuild, Boolean allowCrossApp, Boolean allowBuildInPrecompile, Boolean throwIfNotFound, Boolean ensureIsUpToDate)
   at System.Web.Compilation.BuildManager.GetVirtualPathObjectFactory(VirtualPath virtualPath, HttpContext context, Boolean allowCrossApp, Boolean throwIfNotFound)
   at System.Web.Compilation.BuildManager.GetCompiledType(VirtualPath virtualPath)
   at System.Web.Compilation.BuildManager.GetCompiledType(String virtualPath)
   at System.Web.Mvc.BuildManagerWrapper.System.Web.Mvc.IBuildManager.GetCompiledType(String virtualPath)
   at System.Web.Mvc.BuildManagerCompiledView.Render(ViewContext viewContext, TextWriter writer)
   at System.Web.Mvc.ViewResultBase.ExecuteResult(ControllerContext context)
   at System.Web.Mvc.ControllerActionInvoker.InvokeActionResult(ControllerContext controllerContext, ActionResult actionResult)
   at System.Web.Mvc.ControllerActionInvoker.InvokeActionResultFilterRecursive(IList`1 filters, Int32 filterIndex, ResultExecutingContext preContext, ControllerContext controllerContext, ActionResult actionResult)
   at System.Web.Mvc.ControllerActionInvoker.InvokeActionResultFilterRecursive(IList`1 filters, Int32 filterIndex, ResultExecutingContext preContext, ControllerContext controllerContext, ActionResult actionResult)
   at System.Web.Mvc.ControllerActionInvoker.InvokeActionResultWithFilters(ControllerContext controllerContext, IList`1 filters, ActionResult actionResult)
   at System.Web.Mvc.Async.AsyncControllerActionInvoker.<>c__DisplayClass21.<>c__DisplayClass2b.<BeginInvokeAction>b__1c()
   at System.Web.Mvc.Async.AsyncControllerActionInvoker.<>c__DisplayClass21.<BeginInvokeAction>b__1e(IAsyncResult asyncResult)
   at System.Web.Mvc.Async.AsyncResultWrapper.WrappedAsyncResult`1.CallEndDelegate(IAsyncResult asyncResult)
   at System.Web.Mvc.Async.AsyncResultWrapper.WrappedAsyncResultBase`1.End()
   at System.Web.Mvc.Async.AsyncResultWrapper.End[TResult](IAsyncResult asyncResult, Object tag)
   at System.Web.Mvc.Async.AsyncControllerActionInvoker.EndInvokeAction(IAsyncResult asyncResult)
   at System.Web.Mvc.Controller.<BeginExecuteCore>b__1d(IAsyncResult asyncResult, ExecuteCoreState innerState)
   at System.Web.Mvc.Async.AsyncResultWrapper.WrappedAsyncVoid`1.CallEndDelegate(IAsyncResult asyncResult)
   at System.Web.Mvc.Async.AsyncResultWrapper.WrappedAsyncResultBase`1.End()
   at System.Web.Mvc.Async.AsyncResultWrapper.End[TResult](IAsyncResult asyncResult, Object tag)
   at System.Web.Mvc.Async.AsyncResultWrapper.End(IAsyncResult asyncResult, Object tag)
   at System.Web.Mvc.Controller.EndExecuteCore(IAsyncResult asyncResult)
   at System.Web.Mvc.Controller.<BeginExecute>b__15(IAsyncResult asyncResult, Controller controller)
   at System.Web.Mvc.Async.AsyncResultWrapper.WrappedAsyncVoid`1.CallEndDelegate(IAsyncResult asyncResult)
   at System.Web.Mvc.Async.AsyncResultWrapper.WrappedAsyncResultBase`1.End()
   at System.Web.Mvc.Async.AsyncResultWrapper.End[TResult](IAsyncResult asyncResult, Object tag)
   at System.Web.Mvc.Async.AsyncResultWrapper.End(IAsyncResult asyncResult, Object tag)
   at System.Web.Mvc.Controller.EndExecute(IAsyncResult asyncResult)
   at System.Web.Mvc.Controller.System.Web.Mvc.Async.IAsyncController.EndExecute(IAsyncResult asyncResult)
   at System.Web.Mvc.MvcHandler.<BeginProcessRequest>b__5(IAsyncResult asyncResult, ProcessRequestState innerState)
   at System.Web.Mvc.Async.AsyncResultWrapper.WrappedAsyncVoid`1.CallEndDelegate(IAsyncResult asyncResult)
   at System.Web.Mvc.Async.AsyncResultWrapper.WrappedAsyncResultBase`1.End()
   at System.Web.Mvc.Async.AsyncResultWrapper.End[TResult](IAsyncResult asyncResult, Object tag)
   at System.Web.Mvc.Async.AsyncResultWrapper.End(IAsyncResult asyncResult, Object tag)
   at System.Web.Mvc.MvcHandler.EndProcessRequest(IAsyncResult asyncResult)
   at System.Web.Mvc.MvcHandler.System.Web.IHttpAsyncHandler.EndProcessRequest(IAsyncResult result)
   at System.Web.HttpApplication.CallHandlerExecutionStep.System.Web.HttpApplication.IExecutionStep.Execute()
   at System.Web.HttpApplication.ExecuteStepImpl(IExecutionStep step)
   at System.Web.HttpApplication.ExecuteStep(IExecutionStep step, Boolean& completedSynchronously)
2021-01-18 15:02:38,160 => ERROR NA.PMS.Common.Logger.LogService.LogError():97 - Global Exception
System.FormatException: Input string was not in a correct format.
   at System.Number.StringToNumber(String str, NumberStyles options, NumberBuffer& number, NumberFormatInfo info, Boolean parseDecimal)
   at System.Number.ParseInt32(String s, NumberStyles style, NumberFormatInfo info)
   at System.Convert.ToInt32(String value)
   at NA.PMS.OnlineScheme.Controllers.HousingSchemeController.PreviewSchemeForm(String id)
   at lambda_method(Closure , ControllerBase , Object[] )
   at System.Web.Mvc.ActionMethodDispatcher.Execute(ControllerBase controller, Object[] parameters)
   at System.Web.Mvc.ReflectedActionDescriptor.Execute(ControllerContext controllerContext, IDictionary`2 parameters)
   at System.Web.Mvc.ControllerActionInvoker.InvokeActionMethod(ControllerContext controllerContext, ActionDescriptor actionDescriptor, IDictionary`2 parameters)
   at System.Web.Mvc.Async.AsyncControllerActionInvoker.ActionInvocation.InvokeSynchronousActionMethod()
   at System.Web.Mvc.Async.AsyncControllerActionInvoker.<BeginInvokeSynchronousActionMethod>b__39(IAsyncResult asyncResult, ActionInvocation innerInvokeState)
   at System.Web.Mvc.Async.AsyncResultWrapper.WrappedAsyncResult`2.CallEndDelegate(IAsyncResult asyncResult)
   at System.Web.Mvc.Async.AsyncResultWrapper.WrappedAsyncResultBase`1.End()
   at System.Web.Mvc.Async.AsyncResultWrapper.End[TResult](IAsyncResult asyncResult, Object tag)
   at System.Web.Mvc.Async.AsyncControllerActionInvoker.EndInvokeActionMethod(IAsyncResult asyncResult)
   at System.Web.Mvc.Async.AsyncControllerActionInvoker.AsyncInvocationWithFilters.<InvokeActionMethodFilterAsynchronouslyRecursive>b__3d()
   at System.Web.Mvc.Async.AsyncControllerActionInvoker.AsyncInvocationWithFilters.<>c__DisplayClass46.<InvokeActionMethodFilterAsynchronouslyRecursive>b__3f()
   at System.Web.Mvc.Async.AsyncControllerActionInvoker.<>c__DisplayClass33.<BeginInvokeActionMethodWithFilters>b__32(IAsyncResult asyncResult)
   at System.Web.Mvc.Async.AsyncResultWrapper.WrappedAsyncResult`1.CallEndDelegate(IAsyncResult asyncResult)
   at System.Web.Mvc.Async.AsyncResultWrapper.WrappedAsyncResultBase`1.End()
   at System.Web.Mvc.Async.AsyncResultWrapper.End[TResult](IAsyncResult asyncResult, Object tag)
   at System.Web.Mvc.Async.AsyncControllerActionInvoker.EndInvokeActionMethodWithFilters(IAsyncResult asyncResult)
   at System.Web.Mvc.Async.AsyncControllerActionInvoker.<>c__DisplayClass21.<>c__DisplayClass2b.<BeginInvokeAction>b__1c()
   at System.Web.Mvc.Async.AsyncControllerActionInvoker.<>c__DisplayClass21.<BeginInvokeAction>b__1e(IAsyncResult asyncResult)
   at System.Web.Mvc.Async.AsyncResultWrapper.WrappedAsyncResult`1.CallEndDelegate(IAsyncResult asyncResult)
   at System.Web.Mvc.Async.AsyncResultWrapper.WrappedAsyncResultBase`1.End()
   at System.Web.Mvc.Async.AsyncResultWrapper.End[TResult](IAsyncResult asyncResult, Object tag)
   at System.Web.Mvc.Async.AsyncControllerActionInvoker.EndInvokeAction(IAsyncResult asyncResult)
   at System.Web.Mvc.Controller.<BeginExecuteCore>b__1d(IAsyncResult asyncResult, ExecuteCoreState innerState)
   at System.Web.Mvc.Async.AsyncResultWrapper.WrappedAsyncVoid`1.CallEndDelegate(IAsyncResult asyncResult)
   at System.Web.Mvc.Async.AsyncResultWrapper.WrappedAsyncResultBase`1.End()
   at System.Web.Mvc.Async.AsyncResultWrapper.End[TResult](IAsyncResult asyncResult, Object tag)
   at System.Web.Mvc.Async.AsyncResultWrapper.End(IAsyncResult asyncResult, Object tag)
   at System.Web.Mvc.Controller.EndExecuteCore(IAsyncResult asyncResult)
   at System.Web.Mvc.Controller.<BeginExecute>b__15(IAsyncResult asyncResult, Controller controller)
   at System.Web.Mvc.Async.AsyncResultWrapper.WrappedAsyncVoid`1.CallEndDelegate(IAsyncResult asyncResult)
   at System.Web.Mvc.Async.AsyncResultWrapper.WrappedAsyncResultBase`1.End()
   at System.Web.Mvc.Async.AsyncResultWrapper.End[TResult](IAsyncResult asyncResult, Object tag)
   at System.Web.Mvc.Async.AsyncResultWrapper.End(IAsyncResult asyncResult, Object tag)
   at System.Web.Mvc.Controller.EndExecute(IAsyncResult asyncResult)
   at System.Web.Mvc.Controller.System.Web.Mvc.Async.IAsyncController.EndExecute(IAsyncResult asyncResult)
   at System.Web.Mvc.MvcHandler.<BeginProcessRequest>b__5(IAsyncResult asyncResult, ProcessRequestState innerState)
   at System.Web.Mvc.Async.AsyncResultWrapper.WrappedAsyncVoid`1.CallEndDelegate(IAsyncResult asyncResult)
   at System.Web.Mvc.Async.AsyncResultWrapper.WrappedAsyncResultBase`1.End()
   at System.Web.Mvc.Async.AsyncResultWrapper.End[TResult](IAsyncResult asyncResult, Object tag)
   at System.Web.Mvc.Async.AsyncResultWrapper.End(IAsyncResult asyncResult, Object tag)
   at System.Web.Mvc.MvcHandler.EndProcessRequest(IAsyncResult asyncResult)
   at System.Web.Mvc.MvcHandler.System.Web.IHttpAsyncHandler.EndProcessRequest(IAsyncResult result)
   at System.Web.HttpApplication.CallHandlerExecutionStep.System.Web.HttpApplication.IExecutionStep.Execute()
   at System.Web.HttpApplication.ExecuteStepImpl(IExecutionStep step)
   at System.Web.HttpApplication.ExecuteStep(IExecutionStep step, Boolean& completedSynchronously)
2021-01-18 15:02:52,579 => INFO  NA.PMS.Common.Logger.LogService.LogInformation():24 - Executing Action: Login on Controller: Account For User : .
2021-01-18 15:02:53,131 => INFO  NA.PMS.Common.Logger.LogService.LogInformation():24 - Executed Action: Login on Controller: Account For User : .
2021-01-18 15:02:53,158 => INFO  NA.PMS.Common.Logger.LogService.LogInformation():24 - Executing Action: Login on Controller: Account For User : svamadmin.
2021-01-18 15:02:53,162 => INFO  NA.PMS.Common.Logger.LogService.LogInformation():24 - Executed Action: Login on Controller: Account For User : svamadmin.
2021-01-18 15:02:56,662 => INFO  NA.PMS.Common.Logger.LogService.LogInformation():24 - Executing Action: LoginAfterVerifyOTP on Controller: Account For User : svamadmin.
2021-01-18 15:02:57,839 => INFO  NA.PMS.Common.Logger.LogService.LogInformation():24 - Executed Action: LoginAfterVerifyOTP on Controller: Account For User : svamadmin.
2021-01-18 15:02:59,196 => INFO  NA.PMS.Common.Logger.LogService.LogInformation():24 - Executing Action: Login on Controller: Account For User : svamadmin.
2021-01-18 15:02:59,202 => INFO  NA.PMS.Common.Logger.LogService.LogInformation():24 - Executed Action: Login on Controller: Account For User : svamadmin.
2021-01-18 15:03:00,090 => INFO  NA.PMS.Common.Logger.LogService.LogInformation():24 - Executing Action: GetDepartmentForAdvanceSearch on Controller: PropertyAllotment For User : svamadmin.
2021-01-18 15:03:00,146 => INFO  NA.PMS.Common.Logger.LogService.LogInformation():24 - Executed Action: GetDepartmentForAdvanceSearch on Controller: PropertyAllotment For User : svamadmin.
2021-01-18 15:03:03,210 => INFO  NA.PMS.Common.Logger.LogService.LogInformation():24 - Executing Action: Manage on Controller: Scheme For User : svamadmin.
2021-01-18 15:03:03,573 => INFO  NA.PMS.Common.Logger.LogService.LogInformation():24 - Executed Action: Manage on Controller: Scheme For User : svamadmin.
2021-01-18 15:03:13,821 => INFO  NA.PMS.Common.Logger.LogService.LogInformation():24 - Executing Action: GetAllScheme on Controller: Scheme For User : svamadmin.
2021-01-18 15:03:14,195 => INFO  NA.PMS.Common.Logger.LogService.LogInformation():24 - Executed Action: GetAllScheme on Controller: Scheme For User : svamadmin.
2021-01-18 15:03:22,469 => INFO  NA.PMS.Common.Logger.LogService.LogInformation():24 - Executing Action: CreateScheme on Controller: Scheme For User : svamadmin.
2021-01-18 15:03:22,477 => INFO  NA.PMS.Common.Logger.LogService.LogInformation():24 - Executed Action: CreateScheme on Controller: Scheme For User : svamadmin.
2021-01-18 15:03:31,624 => INFO  NA.PMS.Common.Logger.LogService.LogInformation():24 - Executing Action: GetAllSchemeType on Controller: Scheme For User : svamadmin.
2021-01-18 15:03:31,677 => INFO  NA.PMS.Common.Logger.LogService.LogInformation():24 - Executed Action: GetAllSchemeType on Controller: Scheme For User : svamadmin.
2021-01-18 15:03:31,785 => INFO  NA.PMS.Common.Logger.LogService.LogInformation():24 - Executing Action: GetAllDepartmentsByScheme on Controller: Scheme For User : svamadmin.
2021-01-18 15:03:31,830 => INFO  NA.PMS.Common.Logger.LogService.LogInformation():24 - Executed Action: GetAllDepartmentsByScheme on Controller: Scheme For User : svamadmin.
2021-01-18 15:03:31,879 => INFO  NA.PMS.Common.Logger.LogService.LogInformation():24 - Executing Action: GetQuotaData on Controller: Scheme For User : svamadmin.
2021-01-18 15:03:32,001 => INFO  NA.PMS.Common.Logger.LogService.LogInformation():24 - Executed Action: GetQuotaData on Controller: Scheme For User : svamadmin.
2021-01-18 15:03:32,041 => INFO  NA.PMS.Common.Logger.LogService.LogInformation():24 - Executing Action: GetRebateTypes on Controller: Scheme For User : svamadmin.
2021-01-18 15:03:32,079 => INFO  NA.PMS.Common.Logger.LogService.LogInformation():24 - Executed Action: GetRebateTypes on Controller: Scheme For User : svamadmin.
2021-01-18 15:03:32,125 => INFO  NA.PMS.Common.Logger.LogService.LogInformation():24 - Executing Action: GetRebateUnits on Controller: Scheme For User : svamadmin.
2021-01-18 15:03:32,136 => INFO  NA.PMS.Common.Logger.LogService.LogInformation():24 - Executed Action: GetRebateUnits on Controller: Scheme For User : svamadmin.
2021-01-18 15:03:32,187 => INFO  NA.PMS.Common.Logger.LogService.LogInformation():24 - Executing Action: GetAllDepartmentsByScheme on Controller: Scheme For User : svamadmin.
2021-01-18 15:03:32,222 => INFO  NA.PMS.Common.Logger.LogService.LogInformation():24 - Executed Action: GetAllDepartmentsByScheme on Controller: Scheme For User : svamadmin.
2021-01-18 15:03:32,285 => INFO  NA.PMS.Common.Logger.LogService.LogInformation():24 - Executing Action: GetSectorsByPropType on Controller: Scheme For User : svamadmin.
2021-01-18 15:03:32,331 => INFO  NA.PMS.Common.Logger.LogService.LogInformation():24 - Executed Action: GetSectorsByPropType on Controller: Scheme For User : svamadmin.
2021-01-18 15:03:32,380 => INFO  NA.PMS.Common.Logger.LogService.LogInformation():24 - Executing Action: GetBlocks on Controller: Scheme For User : svamadmin.
2021-01-18 15:03:32,422 => INFO  NA.PMS.Common.Logger.LogService.LogInformation():24 - Executed Action: GetBlocks on Controller: Scheme For User : svamadmin.
2021-01-18 15:03:32,502 => INFO  NA.PMS.Common.Logger.LogService.LogInformation():24 - Executing Action: GetFloors on Controller: Scheme For User : svamadmin.
2021-01-18 15:03:32,536 => INFO  NA.PMS.Common.Logger.LogService.LogInformation():24 - Executed Action: GetFloors on Controller: Scheme For User : svamadmin.
2021-01-18 15:03:32,575 => INFO  NA.PMS.Common.Logger.LogService.LogInformation():24 - Executing Action: GetAllBanks on Controller: Scheme For User : svamadmin.
2021-01-18 15:03:32,611 => INFO  NA.PMS.Common.Logger.LogService.LogInformation():24 - Executed Action: GetAllBanks on Controller: Scheme For User : svamadmin.
2021-01-18 15:03:32,652 => INFO  NA.PMS.Common.Logger.LogService.LogInformation():24 - Executing Action: GetDepttData on Controller: Scheme For User : svamadmin.
2021-01-18 15:03:32,722 => INFO  NA.PMS.Common.Logger.LogService.LogInformation():24 - Executed Action: GetDepttData on Controller: Scheme For User : svamadmin.
2021-01-18 15:03:32,761 => INFO  NA.PMS.Common.Logger.LogService.LogInformation():24 - Executing Action: GetBankData on Controller: Scheme For User : svamadmin.
2021-01-18 15:03:32,804 => INFO  NA.PMS.Common.Logger.LogService.LogInformation():24 - Executed Action: GetBankData on Controller: Scheme For User : svamadmin.
2021-01-18 15:03:32,842 => INFO  NA.PMS.Common.Logger.LogService.LogInformation():24 - Executing Action: GetRebateData on Controller: Scheme For User : svamadmin.
2021-01-18 15:03:32,882 => INFO  NA.PMS.Common.Logger.LogService.LogInformation():24 - Executed Action: GetRebateData on Controller: Scheme For User : svamadmin.
2021-01-18 15:03:32,922 => INFO  NA.PMS.Common.Logger.LogService.LogInformation():24 - Executing Action: GetCostData on Controller: Scheme For User : svamadmin.
2021-01-18 15:03:33,037 => INFO  NA.PMS.Common.Logger.LogService.LogInformation():24 - Executed Action: GetCostData on Controller: Scheme For User : svamadmin.
2021-01-18 15:03:33,077 => INFO  NA.PMS.Common.Logger.LogService.LogInformation():24 - Executing Action: GetLandDevelopmentScheduleData on Controller: Scheme For User : svamadmin.
2021-01-18 15:03:33,172 => INFO  NA.PMS.Common.Logger.LogService.LogInformation():24 - Executed Action: GetLandDevelopmentScheduleData on Controller: Scheme For User : svamadmin.
2021-01-18 15:03:33,215 => INFO  NA.PMS.Common.Logger.LogService.LogInformation():24 - Executing Action: GetQuotaData on Controller: Scheme For User : svamadmin.
2021-01-18 15:03:33,288 => INFO  NA.PMS.Common.Logger.LogService.LogInformation():24 - Executed Action: GetQuotaData on Controller: Scheme For User : svamadmin.
2021-01-18 15:03:33,326 => INFO  NA.PMS.Common.Logger.LogService.LogInformation():24 - Executing Action: GetAllUnits on Controller: Scheme For User : svamadmin.
2021-01-18 15:03:33,332 => INFO  NA.PMS.Common.Logger.LogService.LogInformation():24 - Executed Action: GetAllUnits on Controller: Scheme For User : svamadmin.
2021-01-18 15:03:33,378 => INFO  NA.PMS.Common.Logger.LogService.LogInformation():24 - Executing Action: GetFloors on Controller: Scheme For User : svamadmin.
2021-01-18 15:03:33,409 => INFO  NA.PMS.Common.Logger.LogService.LogInformation():24 - Executed Action: GetFloors on Controller: Scheme For User : svamadmin.
2021-01-18 15:03:33,700 => INFO  NA.PMS.Common.Logger.LogService.LogInformation():24 - Executing Action: GetAllFrquency on Controller: Scheme For User : svamadmin.
2021-01-18 15:03:33,707 => INFO  NA.PMS.Common.Logger.LogService.LogInformation():24 - Executed Action: GetAllFrquency on Controller: Scheme For User : svamadmin.
2021-01-18 15:03:33,823 => INFO  NA.PMS.Common.Logger.LogService.LogInformation():24 - Executing Action: GetAllQuota on Controller: Scheme For User : svamadmin.
2021-01-18 15:03:33,870 => INFO  NA.PMS.Common.Logger.LogService.LogInformation():24 - Executed Action: GetAllQuota on Controller: Scheme For User : svamadmin.
2021-01-18 15:03:34,196 => INFO  NA.PMS.Common.Logger.LogService.LogInformation():24 - Executing Action: GetAllDepartments on Controller: Scheme For User : svamadmin.
2021-01-18 15:03:34,263 => INFO  NA.PMS.Common.Logger.LogService.LogInformation():24 - Executed Action: GetAllDepartments on Controller: Scheme For User : svamadmin.
2021-01-18 15:03:34,356 => INFO  NA.PMS.Common.Logger.LogService.LogInformation():24 - Executing Action: GetAllDepartmentsByScheme on Controller: Scheme For User : svamadmin.
2021-01-18 15:03:34,396 => INFO  NA.PMS.Common.Logger.LogService.LogInformation():24 - Executed Action: GetAllDepartmentsByScheme on Controller: Scheme For User : svamadmin.
2021-01-18 15:03:34,458 => INFO  NA.PMS.Common.Logger.LogService.LogInformation():24 - Executing Action: GetAllDepartmentsByScheme on Controller: Scheme For User : svamadmin.
2021-01-18 15:03:34,501 => INFO  NA.PMS.Common.Logger.LogService.LogInformation():24 - Executed Action: GetAllDepartmentsByScheme on Controller: Scheme For User : svamadmin.
2021-01-18 15:03:34,740 => INFO  NA.PMS.Common.Logger.LogService.LogInformation():24 - Executing Action: GetAllSelectionType on Controller: Scheme For User : svamadmin.
2021-01-18 15:03:34,747 => INFO  NA.PMS.Common.Logger.LogService.LogInformation():24 - Executed Action: GetAllSelectionType on Controller: Scheme For User : svamadmin.
2021-01-18 15:03:39,535 => INFO  NA.PMS.Common.Logger.LogService.LogInformation():24 - Executing Action: Manage on Controller: Scheme For User : svamadmin.
2021-01-18 15:03:39,539 => INFO  NA.PMS.Common.Logger.LogService.LogInformation():24 - Executed Action: Manage on Controller: Scheme For User : svamadmin.
2021-01-18 15:03:40,277 => INFO  NA.PMS.Common.Logger.LogService.LogInformation():24 - Executing Action: GetAllScheme on Controller: Scheme For User : svamadmin.
2021-01-18 15:03:40,395 => INFO  NA.PMS.Common.Logger.LogService.LogInformation():24 - Executed Action: GetAllScheme on Controller: Scheme For User : svamadmin.
2021-01-18 15:03:43,272 => INFO  NA.PMS.Common.Logger.LogService.LogInformation():24 - Executing Action: EditScheme on Controller: Scheme  For User : svamadmin Given Route: MTc0MTc0.
2021-01-18 15:03:43,794 => INFO  NA.PMS.Common.Logger.LogService.LogInformation():24 - Executed Action: EditScheme on Controller: Scheme For User : svamadmin Given Route: MTc0MTc0.
2021-01-18 15:03:45,989 => INFO  NA.PMS.Common.Logger.LogService.LogInformation():24 - Executing Action: GetAllSchemeType on Controller: Scheme For User : svamadmin.
2021-01-18 15:03:46,019 => INFO  NA.PMS.Common.Logger.LogService.LogInformation():24 - Executed Action: GetAllSchemeType on Controller: Scheme For User : svamadmin.
2021-01-18 15:03:46,121 => INFO  NA.PMS.Common.Logger.LogService.LogInformation():24 - Executing Action: GetAllDepartmentsByScheme on Controller: Scheme For User : svamadmin.
2021-01-18 15:03:46,154 => INFO  NA.PMS.Common.Logger.LogService.LogInformation():24 - Executed Action: GetAllDepartmentsByScheme on Controller: Scheme For User : svamadmin.
2021-01-18 15:03:46,195 => INFO  NA.PMS.Common.Logger.LogService.LogInformation():24 - Executing Action: GetQuotaData on Controller: Scheme For User : svamadmin.
2021-01-18 15:03:46,256 => INFO  NA.PMS.Common.Logger.LogService.LogInformation():24 - Executed Action: GetQuotaData on Controller: Scheme For User : svamadmin.
2021-01-18 15:03:46,304 => INFO  NA.PMS.Common.Logger.LogService.LogInformation():24 - Executing Action: GetRebateTypes on Controller: Scheme For User : svamadmin.
2021-01-18 15:03:46,334 => INFO  NA.PMS.Common.Logger.LogService.LogInformation():24 - Executed Action: GetRebateTypes on Controller: Scheme For User : svamadmin.
2021-01-18 15:03:46,372 => INFO  NA.PMS.Common.Logger.LogService.LogInformation():24 - Executing Action: GetAllDepartmentsByScheme on Controller: Scheme For User : svamadmin.
2021-01-18 15:03:46,405 => INFO  NA.PMS.Common.Logger.LogService.LogInformation():24 - Executed Action: GetAllDepartmentsByScheme on Controller: Scheme For User : svamadmin.
2021-01-18 15:03:46,444 => INFO  NA.PMS.Common.Logger.LogService.LogInformation():24 - Executing Action: GetRebateUnits on Controller: Scheme For User : svamadmin.
2021-01-18 15:03:46,449 => INFO  NA.PMS.Common.Logger.LogService.LogInformation():24 - Executed Action: GetRebateUnits on Controller: Scheme For User : svamadmin.
2021-01-18 15:03:46,504 => INFO  NA.PMS.Common.Logger.LogService.LogInformation():24 - Executing Action: GetSectorsByPropType on Controller: Scheme For User : svamadmin.
2021-01-18 15:03:46,557 => INFO  NA.PMS.Common.Logger.LogService.LogInformation():24 - Executed Action: GetSectorsByPropType on Controller: Scheme For User : svamadmin.
2021-01-18 15:03:46,643 => INFO  NA.PMS.Common.Logger.LogService.LogInformation():24 - Executing Action: GetBlocks on Controller: Scheme For User : svamadmin.
2021-01-18 15:03:46,680 => INFO  NA.PMS.Common.Logger.LogService.LogInformation():24 - Executed Action: GetBlocks on Controller: Scheme For User : svamadmin.
2021-01-18 15:03:46,761 => INFO  NA.PMS.Common.Logger.LogService.LogInformation():24 - Executing Action: GetFloors on Controller: Scheme For User : svamadmin.
2021-01-18 15:03:46,799 => INFO  NA.PMS.Common.Logger.LogService.LogInformation():24 - Executed Action: GetFloors on Controller: Scheme For User : svamadmin.
2021-01-18 15:03:46,849 => INFO  NA.PMS.Common.Logger.LogService.LogInformation():24 - Executing Action: GetAllBanks on Controller: Scheme For User : svamadmin.
2021-01-18 15:03:46,883 => INFO  NA.PMS.Common.Logger.LogService.LogInformation():24 - Executed Action: GetAllBanks on Controller: Scheme For User : svamadmin.
2021-01-18 15:03:46,940 => INFO  NA.PMS.Common.Logger.LogService.LogInformation():24 - Executing Action: GetAllDepartmentsByScheme on Controller: Scheme For User : svamadmin.
2021-01-18 15:03:46,970 => INFO  NA.PMS.Common.Logger.LogService.LogInformation():24 - Executed Action: GetAllDepartmentsByScheme on Controller: Scheme For User : svamadmin.
2021-01-18 15:03:47,008 => INFO  NA.PMS.Common.Logger.LogService.LogInformation():24 - Executing Action: GetDepttData on Controller: Scheme For User : svamadmin.
2021-01-18 15:03:47,112 => INFO  NA.PMS.Common.Logger.LogService.LogInformation():24 - Executed Action: GetDepttData on Controller: Scheme For User : svamadmin.
2021-01-18 15:03:47,152 => INFO  NA.PMS.Common.Logger.LogService.LogInformation():24 - Executing Action: GetBankData on Controller: Scheme For User : svamadmin.
2021-01-18 15:03:47,248 => INFO  NA.PMS.Common.Logger.LogService.LogInformation():24 - Executed Action: GetBankData on Controller: Scheme For User : svamadmin.
2021-01-18 15:03:47,289 => INFO  NA.PMS.Common.Logger.LogService.LogInformation():24 - Executing Action: GetRebateData on Controller: Scheme For User : svamadmin.
2021-01-18 15:03:47,322 => INFO  NA.PMS.Common.Logger.LogService.LogInformation():24 - Executed Action: GetRebateData on Controller: Scheme For User : svamadmin.
2021-01-18 15:03:47,362 => INFO  NA.PMS.Common.Logger.LogService.LogInformation():24 - Executing Action: GetCostData on Controller: Scheme For User : svamadmin.
2021-01-18 15:03:47,425 => INFO  NA.PMS.Common.Logger.LogService.LogInformation():24 - Executed Action: GetCostData on Controller: Scheme For User : svamadmin.
2021-01-18 15:03:47,467 => INFO  NA.PMS.Common.Logger.LogService.LogInformation():24 - Executing Action: GetLandDevelopmentScheduleData on Controller: Scheme For User : svamadmin.
2021-01-18 15:03:47,531 => INFO  NA.PMS.Common.Logger.LogService.LogInformation():24 - Executed Action: GetLandDevelopmentScheduleData on Controller: Scheme For User : svamadmin.
2021-01-18 15:03:47,575 => INFO  NA.PMS.Common.Logger.LogService.LogInformation():24 - Executing Action: GetAllSelectionType on Controller: Scheme For User : svamadmin.
2021-01-18 15:03:47,579 => INFO  NA.PMS.Common.Logger.LogService.LogInformation():24 - Executed Action: GetAllSelectionType on Controller: Scheme For User : svamadmin.
2021-01-18 15:03:47,618 => INFO  NA.PMS.Common.Logger.LogService.LogInformation():24 - Executing Action: GetFloors on Controller: Scheme For User : svamadmin.
2021-01-18 15:03:47,649 => INFO  NA.PMS.Common.Logger.LogService.LogInformation():24 - Executed Action: GetFloors on Controller: Scheme For User : svamadmin.
2021-01-18 15:03:47,686 => INFO  NA.PMS.Common.Logger.LogService.LogInformation():24 - Executing Action: GetAllDepartmentsByScheme on Controller: Scheme For User : svamadmin.
2021-01-18 15:03:47,726 => INFO  NA.PMS.Common.Logger.LogService.LogInformation():24 - Executed Action: GetAllDepartmentsByScheme on Controller: Scheme For User : svamadmin.
2021-01-18 15:03:48,048 => INFO  NA.PMS.Common.Logger.LogService.LogInformation():24 - Executing Action: GetAllDepartments on Controller: Scheme For User : svamadmin.
2021-01-18 15:03:48,134 => INFO  NA.PMS.Common.Logger.LogService.LogInformation():24 - Executed Action: GetAllDepartments on Controller: Scheme For User : svamadmin.
2021-01-18 15:03:48,191 => INFO  NA.PMS.Common.Logger.LogService.LogInformation():24 - Executing Action: GetAllUnits on Controller: Scheme For User : svamadmin.
2021-01-18 15:03:48,196 => INFO  NA.PMS.Common.Logger.LogService.LogInformation():24 - Executed Action: GetAllUnits on Controller: Scheme For User : svamadmin.
2021-01-18 15:03:48,559 => INFO  NA.PMS.Common.Logger.LogService.LogInformation():24 - Executing Action: GetAllFrquency on Controller: Scheme For User : svamadmin.
2021-01-18 15:03:48,564 => INFO  NA.PMS.Common.Logger.LogService.LogInformation():24 - Executed Action: GetAllFrquency on Controller: Scheme For User : svamadmin.
2021-01-18 15:03:48,682 => INFO  NA.PMS.Common.Logger.LogService.LogInformation():24 - Executing Action: GetAllQuota on Controller: Scheme For User : svamadmin.
2021-01-18 15:03:48,713 => INFO  NA.PMS.Common.Logger.LogService.LogInformation():24 - Executed Action: GetAllQuota on Controller: Scheme For User : svamadmin.
2021-01-18 15:03:49,080 => INFO  NA.PMS.Common.Logger.LogService.LogInformation():24 - Executing Action: GetQuotaData on Controller: Scheme For User : svamadmin.
2021-01-18 15:03:49,138 => INFO  NA.PMS.Common.Logger.LogService.LogInformation():24 - Executed Action: GetQuotaData on Controller: Scheme For User : svamadmin.
2021-01-18 15:04:44,839 => INFO  NA.PMS.Common.Logger.LogService.LogInformation():24 - Executing Action: GetPropTypes on Controller: Scheme For User : svamadmin.
2021-01-18 15:04:44,879 => INFO  NA.PMS.Common.Logger.LogService.LogInformation():24 - Executed Action: GetPropTypes on Controller: Scheme For User : svamadmin.
2021-01-18 15:04:44,948 => INFO  NA.PMS.Common.Logger.LogService.LogInformation():24 - Executing Action: GetPropTypes on Controller: Scheme For User : svamadmin.
2021-01-18 15:04:44,981 => INFO  NA.PMS.Common.Logger.LogService.LogInformation():24 - Executed Action: GetPropTypes on Controller: Scheme For User : svamadmin.
2021-01-18 15:04:45,353 => INFO  NA.PMS.Common.Logger.LogService.LogInformation():24 - Executing Action: GetFloors on Controller: Scheme For User : svamadmin.
2021-01-18 15:04:45,387 => INFO  NA.PMS.Common.Logger.LogService.LogInformation():24 - Executed Action: GetFloors on Controller: Scheme For User : svamadmin.
2021-01-18 15:06:48,220 => INFO  NA.PMS.Common.Logger.LogService.LogInformation():24 - Executing Action: Manage on Controller: Scheme For User : svamadmin.
2021-01-18 15:06:48,224 => INFO  NA.PMS.Common.Logger.LogService.LogInformation():24 - Executed Action: Manage on Controller: Scheme For User : svamadmin.
2021-01-18 15:06:49,256 => INFO  NA.PMS.Common.Logger.LogService.LogInformation():24 - Executing Action: GetAllScheme on Controller: Scheme For User : svamadmin.
2021-01-18 15:06:49,609 => INFO  NA.PMS.Common.Logger.LogService.LogInformation():24 - Executed Action: GetAllScheme on Controller: Scheme For User : svamadmin.
2021-01-18 15:06:50,762 => INFO  NA.PMS.Common.Logger.LogService.LogInformation():24 - Executing Action: CreateScheme on Controller: Scheme For User : svamadmin.
2021-01-18 15:06:50,767 => INFO  NA.PMS.Common.Logger.LogService.LogInformation():24 - Executed Action: CreateScheme on Controller: Scheme For User : svamadmin.
2021-01-18 15:06:51,783 => INFO  NA.PMS.Common.Logger.LogService.LogInformation():24 - Executing Action: GetAllSchemeType on Controller: Scheme For User : svamadmin.
2021-01-18 15:06:51,823 => INFO  NA.PMS.Common.Logger.LogService.LogInformation():24 - Executed Action: GetAllSchemeType on Controller: Scheme For User : svamadmin.
2021-01-18 15:06:51,913 => INFO  NA.PMS.Common.Logger.LogService.LogInformation():24 - Executing Action: GetAllDepartmentsByScheme on Controller: Scheme For User : svamadmin.
2021-01-18 15:06:51,959 => INFO  NA.PMS.Common.Logger.LogService.LogInformation():24 - Executed Action: GetAllDepartmentsByScheme on Controller: Scheme For User : svamadmin.
2021-01-18 15:06:52,006 => INFO  NA.PMS.Common.Logger.LogService.LogInformation():24 - Executing Action: GetQuotaData on Controller: Scheme For User : svamadmin.
2021-01-18 15:06:52,082 => INFO  NA.PMS.Common.Logger.LogService.LogInformation():24 - Executed Action: GetQuotaData on Controller: Scheme For User : svamadmin.
2021-01-18 15:06:52,145 => INFO  NA.PMS.Common.Logger.LogService.LogInformation():24 - Executing Action: GetRebateTypes on Controller: Scheme For User : svamadmin.
2021-01-18 15:06:52,191 => INFO  NA.PMS.Common.Logger.LogService.LogInformation():24 - Executed Action: GetRebateTypes on Controller: Scheme For User : svamadmin.
2021-01-18 15:06:52,251 => INFO  NA.PMS.Common.Logger.LogService.LogInformation():24 - Executing Action: GetAllDepartmentsByScheme on Controller: Scheme For User : svamadmin.
2021-01-18 15:06:52,286 => INFO  NA.PMS.Common.Logger.LogService.LogInformation():24 - Executed Action: GetAllDepartmentsByScheme on Controller: Scheme For User : svamadmin.
2021-01-18 15:06:52,333 => INFO  NA.PMS.Common.Logger.LogService.LogInformation():24 - Executing Action: GetAllFrquency on Controller: Scheme For User : svamadmin.
2021-01-18 15:06:52,337 => INFO  NA.PMS.Common.Logger.LogService.LogInformation():24 - Executed Action: GetAllFrquency on Controller: Scheme For User : svamadmin.
2021-01-18 15:06:52,396 => INFO  NA.PMS.Common.Logger.LogService.LogInformation():24 - Executing Action: GetSectorsByPropType on Controller: Scheme For User : svamadmin.
2021-01-18 15:06:52,594 => INFO  NA.PMS.Common.Logger.LogService.LogInformation():24 - Executed Action: GetSectorsByPropType on Controller: Scheme For User : svamadmin.
2021-01-18 15:06:52,722 => INFO  NA.PMS.Common.Logger.LogService.LogInformation():24 - Executing Action: GetBlocks on Controller: Scheme For User : svamadmin.
2021-01-18 15:06:52,787 => INFO  NA.PMS.Common.Logger.LogService.LogInformation():24 - Executed Action: GetBlocks on Controller: Scheme For User : svamadmin.
2021-01-18 15:06:52,853 => INFO  NA.PMS.Common.Logger.LogService.LogInformation():24 - Executing Action: GetFloors on Controller: Scheme For User : svamadmin.
2021-01-18 15:06:52,904 => INFO  NA.PMS.Common.Logger.LogService.LogInformation():24 - Executed Action: GetFloors on Controller: Scheme For User : svamadmin.
2021-01-18 15:06:52,987 => INFO  NA.PMS.Common.Logger.LogService.LogInformation():24 - Executing Action: GetAllBanks on Controller: Scheme For User : svamadmin.
2021-01-18 15:06:53,138 => INFO  NA.PMS.Common.Logger.LogService.LogInformation():24 - Executed Action: GetAllBanks on Controller: Scheme For User : svamadmin.
2021-01-18 15:06:53,336 => INFO  NA.PMS.Common.Logger.LogService.LogInformation():24 - Executing Action: GetDepttData on Controller: Scheme For User : svamadmin.
2021-01-18 15:06:53,389 => INFO  NA.PMS.Common.Logger.LogService.LogInformation():24 - Executed Action: GetDepttData on Controller: Scheme For User : svamadmin.
2021-01-18 15:06:53,452 => INFO  NA.PMS.Common.Logger.LogService.LogInformation():24 - Executing Action: GetBankData on Controller: Scheme For User : svamadmin.
2021-01-18 15:06:53,514 => INFO  NA.PMS.Common.Logger.LogService.LogInformation():24 - Executed Action: GetBankData on Controller: Scheme For User : svamadmin.
2021-01-18 15:06:53,601 => INFO  NA.PMS.Common.Logger.LogService.LogInformation():24 - Executing Action: GetRebateData on Controller: Scheme For User : svamadmin.
2021-01-18 15:06:53,642 => INFO  NA.PMS.Common.Logger.LogService.LogInformation():24 - Executed Action: GetRebateData on Controller: Scheme For User : svamadmin.
2021-01-18 15:06:53,709 => INFO  NA.PMS.Common.Logger.LogService.LogInformation():24 - Executing Action: GetCostData on Controller: Scheme For User : svamadmin.
2021-01-18 15:06:54,050 => INFO  NA.PMS.Common.Logger.LogService.LogInformation():24 - Executed Action: GetCostData on Controller: Scheme For User : svamadmin.
2021-01-18 15:06:54,172 => INFO  NA.PMS.Common.Logger.LogService.LogInformation():24 - Executing Action: GetLandDevelopmentScheduleData on Controller: Scheme For User : svamadmin.
2021-01-18 15:06:54,467 => INFO  NA.PMS.Common.Logger.LogService.LogInformation():24 - Executed Action: GetLandDevelopmentScheduleData on Controller: Scheme For User : svamadmin.
2021-01-18 15:06:54,608 => INFO  NA.PMS.Common.Logger.LogService.LogInformation():24 - Executing Action: GetAllDepartmentsByScheme on Controller: Scheme For User : svamadmin.
2021-01-18 15:06:54,660 => INFO  NA.PMS.Common.Logger.LogService.LogInformation():24 - Executed Action: GetAllDepartmentsByScheme on Controller: Scheme For User : svamadmin.
2021-01-18 15:06:54,828 => INFO  NA.PMS.Common.Logger.LogService.LogInformation():24 - Executing Action: GetQuotaData on Controller: Scheme For User : svamadmin.
2021-01-18 15:06:54,944 => INFO  NA.PMS.Common.Logger.LogService.LogInformation():24 - Executed Action: GetQuotaData on Controller: Scheme For User : svamadmin.
2021-01-18 15:06:54,993 => INFO  NA.PMS.Common.Logger.LogService.LogInformation():24 - Executing Action: GetFloors on Controller: Scheme For User : svamadmin.
2021-01-18 15:06:55,021 => INFO  NA.PMS.Common.Logger.LogService.LogInformation():24 - Executed Action: GetFloors on Controller: Scheme For User : svamadmin.
2021-01-18 15:06:55,060 => INFO  NA.PMS.Common.Logger.LogService.LogInformation():24 - Executing Action: GetAllDepartmentsByScheme on Controller: Scheme For User : svamadmin.
2021-01-18 15:06:55,090 => INFO  NA.PMS.Common.Logger.LogService.LogInformation():24 - Executed Action: GetAllDepartmentsByScheme on Controller: Scheme For User : svamadmin.
2021-01-18 15:06:55,355 => INFO  NA.PMS.Common.Logger.LogService.LogInformation():24 - Executing Action: GetAllDepartments on Controller: Scheme For User : svamadmin.
2021-01-18 15:06:55,415 => INFO  NA.PMS.Common.Logger.LogService.LogInformation():24 - Executed Action: GetAllDepartments on Controller: Scheme For User : svamadmin.
2021-01-18 15:06:55,462 => INFO  NA.PMS.Common.Logger.LogService.LogInformation():24 - Executing Action: GetAllQuota on Controller: Scheme For User : svamadmin.
2021-01-18 15:06:55,494 => INFO  NA.PMS.Common.Logger.LogService.LogInformation():24 - Executed Action: GetAllQuota on Controller: Scheme For User : svamadmin.
2021-01-18 15:06:55,866 => INFO  NA.PMS.Common.Logger.LogService.LogInformation():24 - Executing Action: GetRebateUnits on Controller: Scheme For User : svamadmin.
2021-01-18 15:06:55,869 => INFO  NA.PMS.Common.Logger.LogService.LogInformation():24 - Executed Action: GetRebateUnits on Controller: Scheme For User : svamadmin.
2021-01-18 15:06:55,979 => INFO  NA.PMS.Common.Logger.LogService.LogInformation():24 - Executing Action: GetAllUnits on Controller: Scheme For User : svamadmin.
2021-01-18 15:06:55,986 => INFO  NA.PMS.Common.Logger.LogService.LogInformation():24 - Executed Action: GetAllUnits on Controller: Scheme For User : svamadmin.
2021-01-18 15:06:56,414 => INFO  NA.PMS.Common.Logger.LogService.LogInformation():24 - Executing Action: GetAllSelectionType on Controller: Scheme For User : svamadmin.
2021-01-18 15:06:56,420 => INFO  NA.PMS.Common.Logger.LogService.LogInformation():24 - Executed Action: GetAllSelectionType on Controller: Scheme For User : svamadmin.
2021-01-18 15:11:26,438 => INFO  NA.PMS.Common.Logger.LogService.LogInformation():24 - Executing Action: AddScheme on Controller: Scheme For User : svamadmin.
2021-01-18 15:11:26,644 => INFO  NA.PMS.Common.Logger.LogService.LogInformation():24 - Executed Action: AddScheme on Controller: Scheme For User : svamadmin.
2021-01-18 15:12:33,208 => INFO  NA.PMS.Common.Logger.LogService.LogInformation():24 - Executing Action: IsDepatmnetNameUnique on Controller: Scheme For User : svamadmin.
2021-01-18 15:12:33,217 => INFO  NA.PMS.Common.Logger.LogService.LogInformation():24 - Executed Action: IsDepatmnetNameUnique on Controller: Scheme For User : svamadmin.
2021-01-18 15:12:33,533 => INFO  NA.PMS.Common.Logger.LogService.LogInformation():24 - Executing Action: AddDeptt on Controller: Scheme For User : svamadmin.
2021-01-18 15:12:33,685 => INFO  NA.PMS.Common.Logger.LogService.LogInformation():24 - Executed Action: AddDeptt on Controller: Scheme For User : svamadmin.
2021-01-18 15:12:33,791 => INFO  NA.PMS.Common.Logger.LogService.LogInformation():24 - Executing Action: GetDepttData on Controller: Scheme For User : svamadmin.
2021-01-18 15:12:33,880 => INFO  NA.PMS.Common.Logger.LogService.LogInformation():24 - Executed Action: GetDepttData on Controller: Scheme For User : svamadmin.
2021-01-18 15:12:34,312 => INFO  NA.PMS.Common.Logger.LogService.LogInformation():24 - Executing Action: GetAllDepartmentsByScheme on Controller: Scheme For User : svamadmin.
2021-01-18 15:12:34,350 => INFO  NA.PMS.Common.Logger.LogService.LogInformation():24 - Executed Action: GetAllDepartmentsByScheme on Controller: Scheme For User : svamadmin.
2021-01-18 15:12:34,396 => INFO  NA.PMS.Common.Logger.LogService.LogInformation():24 - Executing Action: GetAllDepartmentsByScheme on Controller: Scheme For User : svamadmin.
2021-01-18 15:12:34,427 => INFO  NA.PMS.Common.Logger.LogService.LogInformation():24 - Executed Action: GetAllDepartmentsByScheme on Controller: Scheme For User : svamadmin.
2021-01-18 15:12:34,470 => INFO  NA.PMS.Common.Logger.LogService.LogInformation():24 - Executing Action: GetAllDepartmentsByScheme on Controller: Scheme For User : svamadmin.
2021-01-18 15:12:34,505 => INFO  NA.PMS.Common.Logger.LogService.LogInformation():24 - Executed Action: GetAllDepartmentsByScheme on Controller: Scheme For User : svamadmin.
2021-01-18 15:12:34,548 => INFO  NA.PMS.Common.Logger.LogService.LogInformation():24 - Executing Action: GetAllDepartmentsByScheme on Controller: Scheme For User : svamadmin.
2021-01-18 15:12:34,581 => INFO  NA.PMS.Common.Logger.LogService.LogInformation():24 - Executed Action: GetAllDepartmentsByScheme on Controller: Scheme For User : svamadmin.
2021-01-18 15:12:42,682 => INFO  NA.PMS.Common.Logger.LogService.LogInformation():24 - Executing Action: GetPropTypes on Controller: Scheme For User : svamadmin.
2021-01-18 15:12:42,716 => INFO  NA.PMS.Common.Logger.LogService.LogInformation():24 - Executed Action: GetPropTypes on Controller: Scheme For User : svamadmin.
2021-01-18 15:12:42,784 => INFO  NA.PMS.Common.Logger.LogService.LogInformation():24 - Executing Action: GetPropTypes on Controller: Scheme For User : svamadmin.
2021-01-18 15:12:42,852 => INFO  NA.PMS.Common.Logger.LogService.LogInformation():24 - Executed Action: GetPropTypes on Controller: Scheme For User : svamadmin.
2021-01-18 15:12:43,195 => INFO  NA.PMS.Common.Logger.LogService.LogInformation():24 - Executing Action: GetFloors on Controller: Scheme For User : svamadmin.
2021-01-18 15:12:43,394 => INFO  NA.PMS.Common.Logger.LogService.LogInformation():24 - Executed Action: GetFloors on Controller: Scheme For User : svamadmin.
2021-01-18 15:13:40,060 => INFO  NA.PMS.Common.Logger.LogService.LogInformation():24 - Executing Action: IsCostNameUnique on Controller: Scheme For User : svamadmin.
2021-01-18 15:13:40,099 => INFO  NA.PMS.Common.Logger.LogService.LogInformation():24 - Executed Action: IsCostNameUnique on Controller: Scheme For User : svamadmin.
2021-01-18 15:13:40,146 => INFO  NA.PMS.Common.Logger.LogService.LogInformation():24 - Executing Action: AddCost on Controller: Scheme For User : svamadmin.
2021-01-18 15:13:40,286 => INFO  NA.PMS.Common.Logger.LogService.LogInformation():24 - Executed Action: AddCost on Controller: Scheme For User : svamadmin.
2021-01-18 15:13:40,391 => INFO  NA.PMS.Common.Logger.LogService.LogInformation():24 - Executing Action: GetCostData on Controller: Scheme For User : svamadmin.
2021-01-18 15:13:40,456 => INFO  NA.PMS.Common.Logger.LogService.LogInformation():24 - Executed Action: GetCostData on Controller: Scheme For User : svamadmin.
2021-01-18 15:13:54,294 => INFO  NA.PMS.Common.Logger.LogService.LogInformation():24 - Executing Action: GetAllBranchs on Controller: Scheme For User : svamadmin.
2021-01-18 15:13:54,331 => INFO  NA.PMS.Common.Logger.LogService.LogInformation():24 - Executed Action: GetAllBranchs on Controller: Scheme For User : svamadmin.
2021-01-18 15:13:54,409 => INFO  NA.PMS.Common.Logger.LogService.LogInformation():24 - Executing Action: GetAllBranchs on Controller: Scheme For User : svamadmin.
2021-01-18 15:13:54,438 => INFO  NA.PMS.Common.Logger.LogService.LogInformation():24 - Executed Action: GetAllBranchs on Controller: Scheme For User : svamadmin.
2021-01-18 15:13:56,092 => INFO  NA.PMS.Common.Logger.LogService.LogInformation():24 - Executing Action: GetAccountNumber on Controller: Scheme For User : svamadmin.
2021-01-18 15:13:56,131 => INFO  NA.PMS.Common.Logger.LogService.LogInformation():24 - Executed Action: GetAccountNumber on Controller: Scheme For User : svamadmin.
2021-01-18 15:13:58,481 => INFO  NA.PMS.Common.Logger.LogService.LogInformation():24 - Executing Action: IsBankNameUnique on Controller: Scheme For User : svamadmin.
2021-01-18 15:13:58,516 => INFO  NA.PMS.Common.Logger.LogService.LogInformation():24 - Executed Action: IsBankNameUnique on Controller: Scheme For User : svamadmin.
2021-01-18 15:13:58,574 => INFO  NA.PMS.Common.Logger.LogService.LogInformation():24 - Executing Action: IsBankNameDuplicate on Controller: Scheme For User : svamadmin.
2021-01-18 15:13:58,693 => INFO  NA.PMS.Common.Logger.LogService.LogInformation():24 - Executed Action: IsBankNameDuplicate on Controller: Scheme For User : svamadmin.
2021-01-18 15:13:58,761 => INFO  NA.PMS.Common.Logger.LogService.LogInformation():24 - Executing Action: IsBankNameDuplicate on Controller: Scheme For User : svamadmin.
2021-01-18 15:13:58,832 => INFO  NA.PMS.Common.Logger.LogService.LogInformation():24 - Executed Action: IsBankNameDuplicate on Controller: Scheme For User : svamadmin.
2021-01-18 15:13:59,250 => INFO  NA.PMS.Common.Logger.LogService.LogInformation():24 - Executing Action: IsAccountNumberDuplicate on Controller: Scheme For User : svamadmin.
2021-01-18 15:13:59,254 => INFO  NA.PMS.Common.Logger.LogService.LogInformation():24 - Executed Action: IsAccountNumberDuplicate on Controller: Scheme For User : svamadmin.
2021-01-18 15:13:59,296 => INFO  NA.PMS.Common.Logger.LogService.LogInformation():24 - Executing Action: AddBank on Controller: Scheme For User : svamadmin.
2021-01-18 15:13:59,399 => INFO  NA.PMS.Common.Logger.LogService.LogInformation():24 - Executed Action: AddBank on Controller: Scheme For User : svamadmin.
2021-01-18 15:13:59,456 => INFO  NA.PMS.Common.Logger.LogService.LogInformation():24 - Executing Action: GetBankData on Controller: Scheme For User : svamadmin.
2021-01-18 15:13:59,547 => INFO  NA.PMS.Common.Logger.LogService.LogInformation():24 - Executed Action: GetBankData on Controller: Scheme For User : svamadmin.
2021-01-18 15:13:59,975 => INFO  NA.PMS.Common.Logger.LogService.LogInformation():24 - Executing Action: GetAllBranchs on Controller: Scheme For User : svamadmin.
2021-01-18 15:14:00,024 => INFO  NA.PMS.Common.Logger.LogService.LogInformation():24 - Executed Action: GetAllBranchs on Controller: Scheme For User : svamadmin.
2021-01-18 15:14:00,072 => INFO  NA.PMS.Common.Logger.LogService.LogInformation():24 - Executing Action: GetAllBranchs on Controller: Scheme For User : svamadmin.
2021-01-18 15:14:00,098 => INFO  NA.PMS.Common.Logger.LogService.LogInformation():24 - Executed Action: GetAllBranchs on Controller: Scheme For User : svamadmin.
2021-01-18 15:14:00,132 => ERROR NA.PMS.Common.Logger.LogService.LogError():97 - Controller Exception
System.ArgumentException: The parameters dictionary contains a null entry for parameter 'bankId' of non-nullable type 'System.Int32' for method 'System.Web.Mvc.JsonResult GetAllBranchs(Int32)' in 'NA.PMS.Web.Areas.Master.Controllers.SchemeController'. An optional parameter must be a reference type, a nullable type, or be declared as an optional parameter.
Parameter name: parameters
   at System.Web.Mvc.ActionDescriptor.ExtractParameterFromDictionary(ParameterInfo parameterInfo, IDictionary`2 parameters, MethodInfo methodInfo)
   at System.Web.Mvc.ReflectedActionDescriptor.Execute(ControllerContext controllerContext, IDictionary`2 parameters)
   at System.Web.Mvc.ControllerActionInvoker.InvokeActionMethod(ControllerContext controllerContext, ActionDescriptor actionDescriptor, IDictionary`2 parameters)
   at System.Web.Mvc.Async.AsyncControllerActionInvoker.ActionInvocation.InvokeSynchronousActionMethod()
   at System.Web.Mvc.Async.AsyncControllerActionInvoker.<BeginInvokeSynchronousActionMethod>b__39(IAsyncResult asyncResult, ActionInvocation innerInvokeState)
   at System.Web.Mvc.Async.AsyncResultWrapper.WrappedAsyncResult`2.CallEndDelegate(IAsyncResult asyncResult)
   at System.Web.Mvc.Async.AsyncResultWrapper.WrappedAsyncResultBase`1.End()
   at System.Web.Mvc.Async.AsyncResultWrapper.End[TResult](IAsyncResult asyncResult, Object tag)
   at System.Web.Mvc.Async.AsyncControllerActionInvoker.EndInvokeActionMethod(IAsyncResult asyncResult)
   at System.Web.Mvc.Async.AsyncControllerActionInvoker.AsyncInvocationWithFilters.<InvokeActionMethodFilterAsynchronouslyRecursive>b__3d()
   at System.Web.Mvc.Async.AsyncControllerActionInvoker.AsyncInvocationWithFilters.<>c__DisplayClass46.<InvokeActionMethodFilterAsynchronouslyRecursive>b__3f()
   at System.Web.Mvc.Async.AsyncControllerActionInvoker.AsyncInvocationWithFilters.<>c__DisplayClass46.<InvokeActionMethodFilterAsynchronouslyRecursive>b__3f()
   at System.Web.Mvc.Async.AsyncControllerActionInvoker.<>c__DisplayClass33.<BeginInvokeActionMethodWithFilters>b__32(IAsyncResult asyncResult)
   at System.Web.Mvc.Async.AsyncResultWrapper.WrappedAsyncResult`1.CallEndDelegate(IAsyncResult asyncResult)
   at System.Web.Mvc.Async.AsyncResultWrapper.WrappedAsyncResultBase`1.End()
   at System.Web.Mvc.Async.AsyncResultWrapper.End[TResult](IAsyncResult asyncResult, Object tag)
   at System.Web.Mvc.Async.AsyncControllerActionInvoker.EndInvokeActionMethodWithFilters(IAsyncResult asyncResult)
   at System.Web.Mvc.Async.AsyncControllerActionInvoker.<>c__DisplayClass21.<>c__DisplayClass2b.<BeginInvokeAction>b__1c()
   at System.Web.Mvc.Async.AsyncControllerActionInvoker.<>c__DisplayClass21.<BeginInvokeAction>b__1e(IAsyncResult asyncResult)
2021-01-18 15:14:00,153 => ERROR NA.PMS.Common.Logger.LogService.LogError():97 - Global Exception
System.ArgumentException: The parameters dictionary contains a null entry for parameter 'bankId' of non-nullable type 'System.Int32' for method 'System.Web.Mvc.JsonResult GetAllBranchs(Int32)' in 'NA.PMS.Web.Areas.Master.Controllers.SchemeController'. An optional parameter must be a reference type, a nullable type, or be declared as an optional parameter.
Parameter name: parameters
   at System.Web.Mvc.ActionDescriptor.ExtractParameterFromDictionary(ParameterInfo parameterInfo, IDictionary`2 parameters, MethodInfo methodInfo)
   at System.Web.Mvc.ReflectedActionDescriptor.Execute(ControllerContext controllerContext, IDictionary`2 parameters)
   at System.Web.Mvc.ControllerActionInvoker.InvokeActionMethod(ControllerContext controllerContext, ActionDescriptor actionDescriptor, IDictionary`2 parameters)
   at System.Web.Mvc.Async.AsyncControllerActionInvoker.ActionInvocation.InvokeSynchronousActionMethod()
   at System.Web.Mvc.Async.AsyncControllerActionInvoker.<BeginInvokeSynchronousActionMethod>b__39(IAsyncResult asyncResult, ActionInvocation innerInvokeState)
   at System.Web.Mvc.Async.AsyncResultWrapper.WrappedAsyncResult`2.CallEndDelegate(IAsyncResult asyncResult)
   at System.Web.Mvc.Async.AsyncResultWrapper.WrappedAsyncResultBase`1.End()
   at System.Web.Mvc.Async.AsyncResultWrapper.End[TResult](IAsyncResult asyncResult, Object tag)
   at System.Web.Mvc.Async.AsyncControllerActionInvoker.EndInvokeActionMethod(IAsyncResult asyncResult)
   at System.Web.Mvc.Async.AsyncControllerActionInvoker.AsyncInvocationWithFilters.<InvokeActionMethodFilterAsynchronouslyRecursive>b__3d()
   at System.Web.Mvc.Async.AsyncControllerActionInvoker.AsyncInvocationWithFilters.<>c__DisplayClass46.<InvokeActionMethodFilterAsynchronouslyRecursive>b__3f()
   at System.Web.Mvc.Async.AsyncControllerActionInvoker.AsyncInvocationWithFilters.<>c__DisplayClass46.<InvokeActionMethodFilterAsynchronouslyRecursive>b__3f()
   at System.Web.Mvc.Async.AsyncControllerActionInvoker.<>c__DisplayClass33.<BeginInvokeActionMethodWithFilters>b__32(IAsyncResult asyncResult)
   at System.Web.Mvc.Async.AsyncResultWrapper.WrappedAsyncResult`1.CallEndDelegate(IAsyncResult asyncResult)
   at System.Web.Mvc.Async.AsyncResultWrapper.WrappedAsyncResultBase`1.End()
   at System.Web.Mvc.Async.AsyncResultWrapper.End[TResult](IAsyncResult asyncResult, Object tag)
   at System.Web.Mvc.Async.AsyncControllerActionInvoker.EndInvokeActionMethodWithFilters(IAsyncResult asyncResult)
   at System.Web.Mvc.Async.AsyncControllerActionInvoker.<>c__DisplayClass21.<>c__DisplayClass2b.<BeginInvokeAction>b__1c()
   at System.Web.Mvc.Async.AsyncControllerActionInvoker.<>c__DisplayClass21.<BeginInvokeAction>b__1e(IAsyncResult asyncResult)
   at System.Web.Mvc.Async.AsyncResultWrapper.WrappedAsyncResult`1.CallEndDelegate(IAsyncResult asyncResult)
   at System.Web.Mvc.Async.AsyncResultWrapper.WrappedAsyncResultBase`1.End()
   at System.Web.Mvc.Async.AsyncResultWrapper.End[TResult](IAsyncResult asyncResult, Object tag)
   at System.Web.Mvc.Async.AsyncControllerActionInvoker.EndInvokeAction(IAsyncResult asyncResult)
   at System.Web.Mvc.Controller.<BeginExecuteCore>b__1d(IAsyncResult asyncResult, ExecuteCoreState innerState)
   at System.Web.Mvc.Async.AsyncResultWrapper.WrappedAsyncVoid`1.CallEndDelegate(IAsyncResult asyncResult)
   at System.Web.Mvc.Async.AsyncResultWrapper.WrappedAsyncResultBase`1.End()
   at System.Web.Mvc.Async.AsyncResultWrapper.End[TResult](IAsyncResult asyncResult, Object tag)
   at System.Web.Mvc.Async.AsyncResultWrapper.End(IAsyncResult asyncResult, Object tag)
   at System.Web.Mvc.Controller.EndExecuteCore(IAsyncResult asyncResult)
   at System.Web.Mvc.Controller.<BeginExecute>b__15(IAsyncResult asyncResult, Controller controller)
   at System.Web.Mvc.Async.AsyncResultWrapper.WrappedAsyncVoid`1.CallEndDelegate(IAsyncResult asyncResult)
   at System.Web.Mvc.Async.AsyncResultWrapper.WrappedAsyncResultBase`1.End()
   at System.Web.Mvc.Async.AsyncResultWrapper.End[TResult](IAsyncResult asyncResult, Object tag)
   at System.Web.Mvc.Async.AsyncResultWrapper.End(IAsyncResult asyncResult, Object tag)
   at System.Web.Mvc.Controller.EndExecute(IAsyncResult asyncResult)
   at System.Web.Mvc.Controller.System.Web.Mvc.Async.IAsyncController.EndExecute(IAsyncResult asyncResult)
   at System.Web.Mvc.MvcHandler.<BeginProcessRequest>b__5(IAsyncResult asyncResult, ProcessRequestState innerState)
   at System.Web.Mvc.Async.AsyncResultWrapper.WrappedAsyncVoid`1.CallEndDelegate(IAsyncResult asyncResult)
   at System.Web.Mvc.Async.AsyncResultWrapper.WrappedAsyncResultBase`1.End()
   at System.Web.Mvc.Async.AsyncResultWrapper.End[TResult](IAsyncResult asyncResult, Object tag)
   at System.Web.Mvc.Async.AsyncResultWrapper.End(IAsyncResult asyncResult, Object tag)
   at System.Web.Mvc.MvcHandler.EndProcessRequest(IAsyncResult asyncResult)
   at System.Web.Mvc.MvcHandler.System.Web.IHttpAsyncHandler.EndProcessRequest(IAsyncResult result)
   at System.Web.HttpApplication.CallHandlerExecutionStep.System.Web.HttpApplication.IExecutionStep.Execute()
   at System.Web.HttpApplication.ExecuteStepImpl(IExecutionStep step)
   at System.Web.HttpApplication.ExecuteStep(IExecutionStep step, Boolean& completedSynchronously)
2021-01-18 15:14:00,488 => INFO  NA.PMS.Common.Logger.LogService.LogInformation():24 - Executing Action: GetAllBanks on Controller: Scheme For User : svamadmin.
2021-01-18 15:14:00,524 => INFO  NA.PMS.Common.Logger.LogService.LogInformation():24 - Executed Action: GetAllBanks on Controller: Scheme For User : svamadmin.
2021-01-18 15:14:03,600 => INFO  NA.PMS.Common.Logger.LogService.LogInformation():24 - Executing Action: GetTriggerProcessData on Controller: Scheme For User : svamadmin.
2021-01-18 15:14:03,640 => INFO  NA.PMS.Common.Logger.LogService.LogInformation():24 - Executed Action: GetTriggerProcessData on Controller: Scheme For User : svamadmin.
2021-01-18 15:14:04,108 => INFO  NA.PMS.Common.Logger.LogService.LogInformation():24 - Executing Action: GetProcessData on Controller: Scheme For User : svamadmin.
2021-01-18 15:14:04,143 => INFO  NA.PMS.Common.Logger.LogService.LogInformation():24 - Executed Action: GetProcessData on Controller: Scheme For User : svamadmin.
2021-01-18 15:14:11,242 => INFO  NA.PMS.Common.Logger.LogService.LogInformation():24 - Executing Action: IsLandDevelopmentUnique on Controller: Scheme For User : svamadmin.
2021-01-18 15:14:11,283 => INFO  NA.PMS.Common.Logger.LogService.LogInformation():24 - Executed Action: IsLandDevelopmentUnique on Controller: Scheme For User : svamadmin.
2021-01-18 15:14:11,330 => INFO  NA.PMS.Common.Logger.LogService.LogInformation():24 - Executing Action: AddLandDevelopmentSchedule on Controller: Scheme For User : svamadmin.
2021-01-18 15:14:11,448 => INFO  NA.PMS.Common.Logger.LogService.LogInformation():24 - Executed Action: AddLandDevelopmentSchedule on Controller: Scheme For User : svamadmin.
2021-01-18 15:14:11,506 => INFO  NA.PMS.Common.Logger.LogService.LogInformation():24 - Executing Action: GetLandDevelopmentScheduleData on Controller: Scheme For User : svamadmin.
2021-01-18 15:14:11,567 => INFO  NA.PMS.Common.Logger.LogService.LogInformation():24 - Executed Action: GetLandDevelopmentScheduleData on Controller: Scheme For User : svamadmin.
2021-01-18 15:14:16,725 => INFO  NA.PMS.Common.Logger.LogService.LogInformation():24 - Executing Action: ActivateScheme on Controller: Scheme For User : svamadmin.
2021-01-18 15:14:16,921 => INFO  NA.PMS.Common.Logger.LogService.LogInformation():24 - Executed Action: ActivateScheme on Controller: Scheme For User : svamadmin.
2021-01-18 15:14:17,026 => INFO  NA.PMS.Common.Logger.LogService.LogInformation():24 - Executing Action: Manage on Controller: Scheme For User : svamadmin.
2021-01-18 15:14:17,031 => INFO  NA.PMS.Common.Logger.LogService.LogInformation():24 - Executed Action: Manage on Controller: Scheme For User : svamadmin.
2021-01-18 15:14:18,487 => INFO  NA.PMS.Common.Logger.LogService.LogInformation():24 - Executing Action: GetAllScheme on Controller: Scheme For User : svamadmin.
2021-01-18 15:14:18,890 => INFO  NA.PMS.Common.Logger.LogService.LogInformation():24 - Executed Action: GetAllScheme on Controller: Scheme For User : svamadmin.
2021-01-18 16:00:19,349 => INFO  NA.PMS.Common.Logger.LogService.LogInformation():24 - Executing Action: Login on Controller: Account For User : .
2021-01-18 16:00:19,477 => INFO  NA.PMS.Common.Logger.LogService.LogInformation():24 - Executed Action: Login on Controller: Account For User : .
2021-01-18 16:47:46,172 => INFO  NA.PMS.Common.Logger.LogService.LogInformation():24 - Executing Action: GetDirectorDetails on Controller: Application For User : .
2021-01-18 16:47:46,272 => INFO  NA.PMS.Common.Logger.LogService.LogInformation():24 - Executed Action: GetDirectorDetails on Controller: Application For User : .
2021-01-18 16:52:49,186 => INFO  NA.PMS.Common.Logger.LogService.LogInformation():24 - Executing Action: GetDirectorDetails on Controller: Application For User : .
2021-01-18 16:52:49,227 => INFO  NA.PMS.Common.Logger.LogService.LogInformation():24 - Executed Action: GetDirectorDetails on Controller: Application For User : .
2021-01-18 17:52:42,634 => INFO  NA.PMS.Common.Logger.LogService.LogInformation():24 - Executing Action: Login on Controller: Account For User : .
2021-01-18 17:52:42,837 => INFO  NA.PMS.Common.Logger.LogService.LogInformation():24 - Executed Action: Login on Controller: Account For User : .
2021-01-18 19:02:11,710 => INFO  NA.PMS.Common.Logger.LogService.LogInformation():24 - Executing Action: GetBankListforOnline on Controller: Application For User : .
2021-01-18 19:02:11,770 => INFO  NA.PMS.Common.Logger.LogService.LogInformation():24 - Executed Action: GetBankListforOnline on Controller: Application For User : .
2021-01-18 19:07:13,469 => INFO  NA.PMS.Common.Logger.LogService.LogInformation():24 - Executing Action: GetBankListforOnline on Controller: Application For User : .
2021-01-18 19:07:13,500 => INFO  NA.PMS.Common.Logger.LogService.LogInformation():24 - Executed Action: GetBankListforOnline on Controller: Application For User : .
2021-01-18 19:07:40,805 => INFO  NA.PMS.Common.Logger.LogService.LogInformation():24 - Executing Action: GetBankListforOnline on Controller: Application For User : .
2021-01-18 19:07:40,836 => INFO  NA.PMS.Common.Logger.LogService.LogInformation():24 - Executed Action: GetBankListforOnline on Controller: Application For User : .
2021-01-18 21:42:01,975 => INFO  NA.PMS.Common.Logger.LogService.LogInformation():24 - Executing Action: Login on Controller: Account For User : .
2021-01-18 21:42:02,120 => INFO  NA.PMS.Common.Logger.LogService.LogInformation():24 - Executed Action: Login on Controller: Account For User : .
2021-01-18 21:49:38,289 => INFO  NA.PMS.Common.Logger.LogService.LogInformation():24 - Executing Action: Login on Controller: Account For User : .
2021-01-18 21:49:38,487 => INFO  NA.PMS.Common.Logger.LogService.LogInformation():24 - Executed Action: Login on Controller: Account For User : .
