2021-01-08 12:39:21,425 => INFO  NA.PMS.Common.Logger.LogService.LogInformation():24 - Executing Action: Login on Controller: Account For User : .
2021-01-08 12:39:21,714 => INFO  NA.PMS.Common.Logger.LogService.LogInformation():24 - Executed Action: Login on Controller: Account For User : .
2021-01-08 12:40:01,563 => INFO  NA.PMS.Common.Logger.LogService.LogInformation():24 - Executing Action: Login on Controller: Account For User : .
2021-01-08 12:40:05,638 => INFO  NA.PMS.Common.Logger.LogService.LogInformation():24 - Executed Action: Login on Controller: Account For User : .
2021-01-08 12:40:05,677 => INFO  NA.PMS.Common.Logger.LogService.LogInformation():24 - Executing Action: ChangePasswordExpired on Controller: Account For User : svamadmin.
2021-01-08 12:40:05,694 => INFO  NA.PMS.Common.Logger.LogService.LogInformation():24 - Executed Action: ChangePasswordExpired on Controller: Account For User : svamadmin.
2021-01-08 12:40:30,734 => INFO  NA.PMS.Common.Logger.LogService.LogInformation():24 - Executing Action: ChangeExpiredPassword on Controller: Account For User : svamadmin.
2021-01-08 12:40:37,416 => INFO  NA.PMS.Common.Logger.LogService.LogInformation():24 - Executed Action: ChangeExpiredPassword on Controller: Account For User : svamadmin.
2021-01-08 12:40:37,804 => INFO  NA.PMS.Common.Logger.LogService.LogInformation():24 - Executing Action: Login on Controller: Account For User : svamadmin.
2021-01-08 12:40:37,820 => INFO  NA.PMS.Common.Logger.LogService.LogInformation():24 - Executed Action: Login on Controller: Account For User : svamadmin.
2021-01-08 12:40:48,988 => INFO  NA.PMS.Common.Logger.LogService.LogInformation():24 - Executing Action: Login on Controller: Account For User : svamadmin.
2021-01-08 12:40:49,241 => INFO  NA.PMS.Common.Logger.LogService.LogInformation():24 - Executed Action: Login on Controller: Account For User : svamadmin.
2021-01-08 12:40:49,273 => INFO  NA.PMS.Common.Logger.LogService.LogInformation():24 - Executing Action: Login on Controller: Account For User : svamadmin.
2021-01-08 12:40:49,289 => INFO  NA.PMS.Common.Logger.LogService.LogInformation():24 - Executed Action: Login on Controller: Account For User : svamadmin.
2021-01-08 12:40:52,718 => INFO  NA.PMS.Common.Logger.LogService.LogInformation():24 - Executing Action: LoginAfterVerifyOTP on Controller: Account For User : svamadmin.
2021-01-08 12:41:23,792 => INFO  NA.PMS.Common.Logger.LogService.LogInformation():24 - Executed Action: LoginAfterVerifyOTP on Controller: Account For User : svamadmin.
2021-01-08 12:41:24,388 => INFO  NA.PMS.Common.Logger.LogService.LogInformation():24 - Executing Action: Login on Controller: Account For User : svamadmin.
2021-01-08 12:41:24,406 => INFO  NA.PMS.Common.Logger.LogService.LogInformation():24 - Executed Action: Login on Controller: Account For User : svamadmin.
2021-01-08 12:41:28,122 => INFO  NA.PMS.Common.Logger.LogService.LogInformation():24 - Executing Action: GetDepartmentForAdvanceSearch on Controller: PropertyAllotment For User : svamadmin.
2021-01-08 12:41:28,193 => INFO  NA.PMS.Common.Logger.LogService.LogInformation():24 - Executed Action: GetDepartmentForAdvanceSearch on Controller: PropertyAllotment For User : svamadmin.
2021-01-08 12:42:29,322 => INFO  NA.PMS.Common.Logger.LogService.LogInformation():24 - Executing Action: Logout on Controller: Account For User : svamadmin.
2021-01-08 12:42:29,342 => INFO  NA.PMS.Common.Logger.LogService.LogInformation():24 - Executed Action: Logout on Controller: Account For User : svamadmin.
2021-01-08 12:42:54,704 => INFO  NA.PMS.Common.Logger.LogService.LogInformation():24 - Executing Action: GetApplicantTypeList on Controller: Application For User : svamadmin.
2021-01-08 12:42:54,789 => INFO  NA.PMS.Common.Logger.LogService.LogInformation():24 - Executed Action: GetApplicantTypeList on Controller: Application For User : svamadmin.
2021-01-08 12:42:55,001 => INFO  NA.PMS.Common.Logger.LogService.LogInformation():24 - Executing Action: GetCompanyTypeList on Controller: Application For User : svamadmin.
2021-01-08 12:42:55,081 => INFO  NA.PMS.Common.Logger.LogService.LogInformation():24 - Executed Action: GetCompanyTypeList on Controller: Application For User : svamadmin.
2021-01-08 12:42:55,288 => INFO  NA.PMS.Common.Logger.LogService.LogInformation():24 - Executing Action: GetDirectorTypeList on Controller: Application For User : svamadmin.
2021-01-08 12:42:55,345 => INFO  NA.PMS.Common.Logger.LogService.LogInformation():24 - Executed Action: GetDirectorTypeList on Controller: Application For User : svamadmin.
2021-01-08 12:43:06,989 => INFO  NA.PMS.Common.Logger.LogService.LogInformation():24 - Executing Action: GetSectorList on Controller: Application For User : svamadmin.
2021-01-08 12:43:07,059 => INFO  NA.PMS.Common.Logger.LogService.LogInformation():24 - Executed Action: GetSectorList on Controller: Application For User : svamadmin.
2021-01-08 12:43:20,411 => INFO  NA.PMS.Common.Logger.LogService.LogInformation():24 - Executing Action: GetApplicantTypeList on Controller: Application For User : svamadmin.
2021-01-08 12:43:20,464 => INFO  NA.PMS.Common.Logger.LogService.LogInformation():24 - Executed Action: GetApplicantTypeList on Controller: Application For User : svamadmin.
2021-01-08 12:43:20,518 => INFO  NA.PMS.Common.Logger.LogService.LogInformation():24 - Executing Action: GetSectorList on Controller: Application For User : svamadmin.
2021-01-08 12:43:20,726 => INFO  NA.PMS.Common.Logger.LogService.LogInformation():24 - Executed Action: GetSectorList on Controller: Application For User : svamadmin.
2021-01-08 12:43:20,965 => INFO  NA.PMS.Common.Logger.LogService.LogInformation():24 - Executing Action: GetDirectorTypeList on Controller: Application For User : svamadmin.
2021-01-08 12:43:21,023 => INFO  NA.PMS.Common.Logger.LogService.LogInformation():24 - Executed Action: GetDirectorTypeList on Controller: Application For User : svamadmin.
2021-01-08 12:43:21,168 => INFO  NA.PMS.Common.Logger.LogService.LogInformation():24 - Executing Action: GetCompanyTypeList on Controller: Application For User : svamadmin.
2021-01-08 12:43:21,215 => INFO  NA.PMS.Common.Logger.LogService.LogInformation():24 - Executed Action: GetCompanyTypeList on Controller: Application For User : svamadmin.
2021-01-08 12:43:29,423 => INFO  NA.PMS.Common.Logger.LogService.LogInformation():24 - Executing Action: GetFormSubTypeList on Controller: Application For User : svamadmin.
2021-01-08 12:43:29,484 => INFO  NA.PMS.Common.Logger.LogService.LogInformation():24 - Executed Action: GetFormSubTypeList on Controller: Application For User : svamadmin.
2021-01-08 12:43:29,530 => INFO  NA.PMS.Common.Logger.LogService.LogInformation():24 - Executing Action: GetFormSubTypeList on Controller: Application For User : svamadmin.
2021-01-08 12:43:29,597 => INFO  NA.PMS.Common.Logger.LogService.LogInformation():24 - Executed Action: GetFormSubTypeList on Controller: Application For User : svamadmin.
2021-01-08 12:43:34,785 => INFO  NA.PMS.Common.Logger.LogService.LogInformation():24 - Executing Action: GetCompanyTypeList on Controller: Application For User : svamadmin.
2021-01-08 12:43:34,835 => INFO  NA.PMS.Common.Logger.LogService.LogInformation():24 - Executed Action: GetCompanyTypeList on Controller: Application For User : svamadmin.
2021-01-08 12:43:34,900 => INFO  NA.PMS.Common.Logger.LogService.LogInformation():24 - Executing Action: GetCompanyTypeList on Controller: Application For User : svamadmin.
2021-01-08 12:43:34,955 => INFO  NA.PMS.Common.Logger.LogService.LogInformation():24 - Executed Action: GetCompanyTypeList on Controller: Application For User : svamadmin.
2021-01-08 12:43:36,544 => INFO  NA.PMS.Common.Logger.LogService.LogInformation():24 - Executing Action: GetCompanyTypeList on Controller: Application For User : svamadmin.
2021-01-08 12:43:36,595 => INFO  NA.PMS.Common.Logger.LogService.LogInformation():24 - Executed Action: GetCompanyTypeList on Controller: Application For User : svamadmin.
2021-01-08 12:43:36,646 => INFO  NA.PMS.Common.Logger.LogService.LogInformation():24 - Executing Action: GetCompanyTypeList on Controller: Application For User : svamadmin.
2021-01-08 12:43:36,693 => INFO  NA.PMS.Common.Logger.LogService.LogInformation():24 - Executed Action: GetCompanyTypeList on Controller: Application For User : svamadmin.
2021-01-08 12:43:43,069 => INFO  NA.PMS.Common.Logger.LogService.LogInformation():24 - Executing Action: GetApplicationFeeAndCharges on Controller: Application For User : svamadmin.
2021-01-08 12:43:43,230 => INFO  NA.PMS.Common.Logger.LogService.LogInformation():24 - Executed Action: GetApplicationFeeAndCharges on Controller: Application For User : svamadmin.
2021-01-08 12:44:54,210 => INFO  NA.PMS.Common.Logger.LogService.LogInformation():24 - Executing Action: ValidatePANnumber on Controller: Application For User : svamadmin.
2021-01-08 12:44:54,415 => INFO  NA.PMS.Common.Logger.LogService.LogInformation():24 - Executed Action: ValidatePANnumber on Controller: Application For User : svamadmin.
2021-01-08 12:45:03,611 => INFO  NA.PMS.Common.Logger.LogService.LogInformation():24 - Executing Action: SendOTP on Controller: Application For User : svamadmin.
2021-01-08 12:45:03,707 => INFO  NA.PMS.Common.Logger.LogService.LogInformation():24 - Executed Action: SendOTP on Controller: Application For User : svamadmin.
2021-01-08 13:13:12,838 => INFO  NA.PMS.Common.Logger.LogService.LogInformation():24 - Executing Action: GetApplicantTypeList on Controller: Application For User : svamadmin.
2021-01-08 13:13:12,999 => INFO  NA.PMS.Common.Logger.LogService.LogInformation():24 - Executed Action: GetApplicantTypeList on Controller: Application For User : svamadmin.
2021-01-08 13:13:13,036 => INFO  NA.PMS.Common.Logger.LogService.LogInformation():24 - Executing Action: GetCompanyTypeList on Controller: Application For User : svamadmin.
2021-01-08 13:13:13,082 => INFO  NA.PMS.Common.Logger.LogService.LogInformation():24 - Executed Action: GetCompanyTypeList on Controller: Application For User : svamadmin.
2021-01-08 13:13:13,525 => INFO  NA.PMS.Common.Logger.LogService.LogInformation():24 - Executing Action: GetDirectorTypeList on Controller: Application For User : svamadmin.
2021-01-08 13:13:13,574 => INFO  NA.PMS.Common.Logger.LogService.LogInformation():24 - Executed Action: GetDirectorTypeList on Controller: Application For User : svamadmin.
2021-01-08 13:13:14,047 => INFO  NA.PMS.Common.Logger.LogService.LogInformation():24 - Executing Action: GetSectorList on Controller: Application For User : svamadmin.
2021-01-08 13:13:14,096 => INFO  NA.PMS.Common.Logger.LogService.LogInformation():24 - Executed Action: GetSectorList on Controller: Application For User : svamadmin.
2021-01-08 13:13:18,298 => INFO  NA.PMS.Common.Logger.LogService.LogInformation():24 - Executing Action: GetApplicantTypeList on Controller: Application For User : svamadmin.
2021-01-08 13:13:18,344 => INFO  NA.PMS.Common.Logger.LogService.LogInformation():24 - Executed Action: GetApplicantTypeList on Controller: Application For User : svamadmin.
2021-01-08 13:13:18,451 => INFO  NA.PMS.Common.Logger.LogService.LogInformation():24 - Executing Action: GetCompanyTypeList on Controller: Application For User : svamadmin.
2021-01-08 13:13:18,496 => INFO  NA.PMS.Common.Logger.LogService.LogInformation():24 - Executed Action: GetCompanyTypeList on Controller: Application For User : svamadmin.
2021-01-08 13:13:18,839 => INFO  NA.PMS.Common.Logger.LogService.LogInformation():24 - Executing Action: GetDirectorTypeList on Controller: Application For User : svamadmin.
2021-01-08 13:13:18,881 => INFO  NA.PMS.Common.Logger.LogService.LogInformation():24 - Executed Action: GetDirectorTypeList on Controller: Application For User : svamadmin.
2021-01-08 13:13:19,392 => INFO  NA.PMS.Common.Logger.LogService.LogInformation():24 - Executing Action: GetSectorList on Controller: Application For User : svamadmin.
2021-01-08 13:13:19,449 => INFO  NA.PMS.Common.Logger.LogService.LogInformation():24 - Executed Action: GetSectorList on Controller: Application For User : svamadmin.
2021-01-08 13:13:20,842 => INFO  NA.PMS.Common.Logger.LogService.LogInformation():24 - Executing Action: GetFormSubTypeList on Controller: Application For User : svamadmin.
2021-01-08 13:13:20,886 => INFO  NA.PMS.Common.Logger.LogService.LogInformation():24 - Executed Action: GetFormSubTypeList on Controller: Application For User : svamadmin.
2021-01-08 13:13:20,915 => INFO  NA.PMS.Common.Logger.LogService.LogInformation():24 - Executing Action: GetFormSubTypeList on Controller: Application For User : svamadmin.
2021-01-08 13:13:20,954 => INFO  NA.PMS.Common.Logger.LogService.LogInformation():24 - Executed Action: GetFormSubTypeList on Controller: Application For User : svamadmin.
2021-01-08 13:13:24,527 => INFO  NA.PMS.Common.Logger.LogService.LogInformation():24 - Executing Action: GetCompanyTypeList on Controller: Application For User : svamadmin.
2021-01-08 13:13:24,571 => INFO  NA.PMS.Common.Logger.LogService.LogInformation():24 - Executed Action: GetCompanyTypeList on Controller: Application For User : svamadmin.
2021-01-08 13:13:24,620 => INFO  NA.PMS.Common.Logger.LogService.LogInformation():24 - Executing Action: GetCompanyTypeList on Controller: Application For User : svamadmin.
2021-01-08 13:13:24,659 => INFO  NA.PMS.Common.Logger.LogService.LogInformation():24 - Executed Action: GetCompanyTypeList on Controller: Application For User : svamadmin.
2021-01-08 13:13:25,823 => INFO  NA.PMS.Common.Logger.LogService.LogInformation():24 - Executing Action: GetCompanyTypeList on Controller: Application For User : svamadmin.
2021-01-08 13:13:25,866 => INFO  NA.PMS.Common.Logger.LogService.LogInformation():24 - Executed Action: GetCompanyTypeList on Controller: Application For User : svamadmin.
2021-01-08 13:13:25,896 => INFO  NA.PMS.Common.Logger.LogService.LogInformation():24 - Executing Action: GetCompanyTypeList on Controller: Application For User : svamadmin.
2021-01-08 13:13:25,940 => INFO  NA.PMS.Common.Logger.LogService.LogInformation():24 - Executed Action: GetCompanyTypeList on Controller: Application For User : svamadmin.
2021-01-08 13:13:29,849 => INFO  NA.PMS.Common.Logger.LogService.LogInformation():24 - Executing Action: GetApplicationFeeAndCharges on Controller: Application For User : svamadmin.
2021-01-08 13:13:29,922 => INFO  NA.PMS.Common.Logger.LogService.LogInformation():24 - Executed Action: GetApplicationFeeAndCharges on Controller: Application For User : svamadmin.
2021-01-08 13:14:12,644 => INFO  NA.PMS.Common.Logger.LogService.LogInformation():24 - Executing Action: ValidatePANnumber on Controller: Application For User : svamadmin.
2021-01-08 13:14:12,689 => INFO  NA.PMS.Common.Logger.LogService.LogInformation():24 - Executed Action: ValidatePANnumber on Controller: Application For User : svamadmin.
2021-01-08 13:14:31,728 => INFO  NA.PMS.Common.Logger.LogService.LogInformation():24 - Executing Action: SendOTP on Controller: Application For User : svamadmin.
2021-01-08 13:14:31,817 => INFO  NA.PMS.Common.Logger.LogService.LogInformation():24 - Executed Action: SendOTP on Controller: Application For User : svamadmin.
2021-01-08 13:50:30,176 => INFO  NA.PMS.Common.Logger.LogService.LogInformation():24 - Executing Action: Login on Controller: Account For User : svamadmin.
2021-01-08 13:50:30,404 => INFO  NA.PMS.Common.Logger.LogService.LogInformation():24 - Executed Action: Login on Controller: Account For User : svamadmin.
2021-01-08 13:50:55,828 => INFO  NA.PMS.Common.Logger.LogService.LogInformation():24 - Executing Action: Login on Controller: Account For User : svamadmin.
2021-01-08 13:50:55,831 => INFO  NA.PMS.Common.Logger.LogService.LogInformation():24 - Executed Action: Login on Controller: Account For User : svamadmin.
2021-01-08 13:51:13,852 => INFO  NA.PMS.Common.Logger.LogService.LogInformation():24 - Executing Action: GetApplicantTypeList on Controller: Application For User : svamadmin.
2021-01-08 13:51:13,924 => INFO  NA.PMS.Common.Logger.LogService.LogInformation():24 - Executed Action: GetApplicantTypeList on Controller: Application For User : svamadmin.
2021-01-08 13:51:14,085 => INFO  NA.PMS.Common.Logger.LogService.LogInformation():24 - Executing Action: GetCompanyTypeList on Controller: Application For User : svamadmin.
2021-01-08 13:51:14,153 => INFO  NA.PMS.Common.Logger.LogService.LogInformation():24 - Executed Action: GetCompanyTypeList on Controller: Application For User : svamadmin.
2021-01-08 13:51:14,374 => INFO  NA.PMS.Common.Logger.LogService.LogInformation():24 - Executing Action: GetDirectorTypeList on Controller: Application For User : svamadmin.
2021-01-08 13:51:14,428 => INFO  NA.PMS.Common.Logger.LogService.LogInformation():24 - Executed Action: GetDirectorTypeList on Controller: Application For User : svamadmin.
2021-01-08 13:51:14,933 => INFO  NA.PMS.Common.Logger.LogService.LogInformation():24 - Executing Action: GetSectorList on Controller: Application For User : svamadmin.
2021-01-08 13:51:14,985 => INFO  NA.PMS.Common.Logger.LogService.LogInformation():24 - Executed Action: GetSectorList on Controller: Application For User : svamadmin.
2021-01-08 13:51:31,791 => INFO  NA.PMS.Common.Logger.LogService.LogInformation():24 - Executing Action: GetFormSubTypeList on Controller: Application For User : svamadmin.
2021-01-08 13:51:31,853 => INFO  NA.PMS.Common.Logger.LogService.LogInformation():24 - Executed Action: GetFormSubTypeList on Controller: Application For User : svamadmin.
2021-01-08 13:51:31,919 => INFO  NA.PMS.Common.Logger.LogService.LogInformation():24 - Executing Action: GetFormSubTypeList on Controller: Application For User : svamadmin.
2021-01-08 13:51:31,971 => INFO  NA.PMS.Common.Logger.LogService.LogInformation():24 - Executed Action: GetFormSubTypeList on Controller: Application For User : svamadmin.
2021-01-08 13:51:39,442 => INFO  NA.PMS.Common.Logger.LogService.LogInformation():24 - Executing Action: GetApplicationFeeAndCharges on Controller: Application For User : svamadmin.
2021-01-08 13:51:39,597 => INFO  NA.PMS.Common.Logger.LogService.LogInformation():24 - Executed Action: GetApplicationFeeAndCharges on Controller: Application For User : svamadmin.
2021-01-08 13:52:04,502 => INFO  NA.PMS.Common.Logger.LogService.LogInformation():24 - Executing Action: ValidatePANnumber on Controller: Application For User : svamadmin.
2021-01-08 13:52:04,701 => INFO  NA.PMS.Common.Logger.LogService.LogInformation():24 - Executed Action: ValidatePANnumber on Controller: Application For User : svamadmin.
2021-01-08 13:52:12,365 => INFO  NA.PMS.Common.Logger.LogService.LogInformation():24 - Executing Action: SendOTP on Controller: Application For User : svamadmin.
2021-01-08 13:52:12,944 => INFO  NA.PMS.Common.Logger.LogService.LogInformation():24 - Executed Action: SendOTP on Controller: Application For User : svamadmin.
2021-01-08 14:15:01,080 => INFO  NA.PMS.Common.Logger.LogService.LogInformation():24 - Executing Action: Login on Controller: Account For User : svamadmin.
2021-01-08 14:15:01,302 => INFO  NA.PMS.Common.Logger.LogService.LogInformation():24 - Executed Action: Login on Controller: Account For User : svamadmin.
2021-01-08 14:20:50,634 => ERROR NA.PMS.Common.Logger.LogService.LogError():97 - Global Exception
System.InvalidOperationException: The model item passed into the dictionary is of type 'NA.PMS.OnlineScheme.SchemeFormViewModel', but this dictionary requires a model item of type 'NA.PMS.Model.OnlineFormViewModel'.
   at System.Web.Mvc.ViewDataDictionary`1.SetModel(Object value)
   at System.Web.Mvc.ViewDataDictionary.set_Model(Object value)
   at System.Web.Mvc.ViewDataDictionary..ctor(ViewDataDictionary dictionary)
   at System.Web.Mvc.ViewDataDictionary`1..ctor(ViewDataDictionary viewDataDictionary)
   at System.Web.Mvc.WebViewPage`1.SetViewData(ViewDataDictionary viewData)
   at System.Web.Mvc.WebViewPage.set_ViewData(ViewDataDictionary value)
   at System.Web.Mvc.RazorView.RenderView(ViewContext viewContext, TextWriter writer, Object instance)
   at System.Web.Mvc.BuildManagerCompiledView.Render(ViewContext viewContext, TextWriter writer)
   at System.Web.Mvc.HtmlHelper.RenderPartialInternal(String partialViewName, ViewDataDictionary viewData, Object model, TextWriter writer, ViewEngineCollection viewEngineCollection)
   at System.Web.Mvc.Html.RenderPartialExtensions.RenderPartial(HtmlHelper htmlHelper, String partialViewName, Object model)
   at ASP._Page_Areas_Online_Views_Housing_PreviewSchemeForm_cshtml.Execute() in d:\TFSProject\NoidaAuthority\Source\NA.PMS\NA.PMS.Web\Areas\Online\Views\Housing\PreviewSchemeForm.cshtml:line 214
   at System.Web.WebPages.WebPageBase.ExecutePageHierarchy()
   at System.Web.Mvc.WebViewPage.ExecutePageHierarchy()
   at System.Web.WebPages.WebPageBase.ExecutePageHierarchy(WebPageContext pageContext, TextWriter writer, WebPageRenderingBase startPage)
   at System.Web.Mvc.RazorView.RenderView(ViewContext viewContext, TextWriter writer, Object instance)
   at System.Web.Mvc.BuildManagerCompiledView.Render(ViewContext viewContext, TextWriter writer)
   at System.Web.Mvc.ViewResultBase.ExecuteResult(ControllerContext context)
   at System.Web.Mvc.ControllerActionInvoker.InvokeActionResult(ControllerContext controllerContext, ActionResult actionResult)
   at System.Web.Mvc.ControllerActionInvoker.InvokeActionResultFilterRecursive(IList`1 filters, Int32 filterIndex, ResultExecutingContext preContext, ControllerContext controllerContext, ActionResult actionResult)
   at System.Web.Mvc.ControllerActionInvoker.InvokeActionResultFilterRecursive(IList`1 filters, Int32 filterIndex, ResultExecutingContext preContext, ControllerContext controllerContext, ActionResult actionResult)
   at System.Web.Mvc.ControllerActionInvoker.InvokeActionResultWithFilters(ControllerContext controllerContext, IList`1 filters, ActionResult actionResult)
   at System.Web.Mvc.Async.AsyncControllerActionInvoker.<>c__DisplayClass21.<>c__DisplayClass2b.<BeginInvokeAction>b__1c()
   at System.Web.Mvc.Async.AsyncControllerActionInvoker.<>c__DisplayClass21.<BeginInvokeAction>b__1e(IAsyncResult asyncResult)
   at System.Web.Mvc.Async.AsyncResultWrapper.WrappedAsyncResult`1.CallEndDelegate(IAsyncResult asyncResult)
   at System.Web.Mvc.Async.AsyncResultWrapper.WrappedAsyncResultBase`1.End()
   at System.Web.Mvc.Async.AsyncResultWrapper.End[TResult](IAsyncResult asyncResult, Object tag)
   at System.Web.Mvc.Async.AsyncControllerActionInvoker.EndInvokeAction(IAsyncResult asyncResult)
   at System.Web.Mvc.Controller.<BeginExecuteCore>b__1d(IAsyncResult asyncResult, ExecuteCoreState innerState)
   at System.Web.Mvc.Async.AsyncResultWrapper.WrappedAsyncVoid`1.CallEndDelegate(IAsyncResult asyncResult)
   at System.Web.Mvc.Async.AsyncResultWrapper.WrappedAsyncResultBase`1.End()
   at System.Web.Mvc.Async.AsyncResultWrapper.End[TResult](IAsyncResult asyncResult, Object tag)
   at System.Web.Mvc.Async.AsyncResultWrapper.End(IAsyncResult asyncResult, Object tag)
   at System.Web.Mvc.Controller.EndExecuteCore(IAsyncResult asyncResult)
   at System.Web.Mvc.Controller.<BeginExecute>b__15(IAsyncResult asyncResult, Controller controller)
   at System.Web.Mvc.Async.AsyncResultWrapper.WrappedAsyncVoid`1.CallEndDelegate(IAsyncResult asyncResult)
   at System.Web.Mvc.Async.AsyncResultWrapper.WrappedAsyncResultBase`1.End()
   at System.Web.Mvc.Async.AsyncResultWrapper.End[TResult](IAsyncResult asyncResult, Object tag)
   at System.Web.Mvc.Async.AsyncResultWrapper.End(IAsyncResult asyncResult, Object tag)
   at System.Web.Mvc.Controller.EndExecute(IAsyncResult asyncResult)
   at System.Web.Mvc.Controller.System.Web.Mvc.Async.IAsyncController.EndExecute(IAsyncResult asyncResult)
   at System.Web.Mvc.MvcHandler.<BeginProcessRequest>b__5(IAsyncResult asyncResult, ProcessRequestState innerState)
   at System.Web.Mvc.Async.AsyncResultWrapper.WrappedAsyncVoid`1.CallEndDelegate(IAsyncResult asyncResult)
   at System.Web.Mvc.Async.AsyncResultWrapper.WrappedAsyncResultBase`1.End()
   at System.Web.Mvc.Async.AsyncResultWrapper.End[TResult](IAsyncResult asyncResult, Object tag)
   at System.Web.Mvc.Async.AsyncResultWrapper.End(IAsyncResult asyncResult, Object tag)
   at System.Web.Mvc.MvcHandler.EndProcessRequest(IAsyncResult asyncResult)
   at System.Web.Mvc.MvcHandler.System.Web.IHttpAsyncHandler.EndProcessRequest(IAsyncResult result)
   at System.Web.HttpApplication.CallHandlerExecutionStep.System.Web.HttpApplication.IExecutionStep.Execute()
   at System.Web.HttpApplication.ExecuteStepImpl(IExecutionStep step)
   at System.Web.HttpApplication.ExecuteStep(IExecutionStep step, Boolean& completedSynchronously)
2021-01-08 14:21:48,665 => ERROR NA.PMS.Common.Logger.LogService.LogError():97 - Global Exception
System.InvalidOperationException: The model item passed into the dictionary is of type 'NA.PMS.OnlineScheme.SchemeFormViewModel', but this dictionary requires a model item of type 'NA.PMS.Model.OnlineFormViewModel'.
   at System.Web.Mvc.ViewDataDictionary`1.SetModel(Object value)
   at System.Web.Mvc.ViewDataDictionary.set_Model(Object value)
   at System.Web.Mvc.ViewDataDictionary..ctor(ViewDataDictionary dictionary)
   at System.Web.Mvc.ViewDataDictionary`1..ctor(ViewDataDictionary viewDataDictionary)
   at System.Web.Mvc.WebViewPage`1.SetViewData(ViewDataDictionary viewData)
   at System.Web.Mvc.WebViewPage.set_ViewData(ViewDataDictionary value)
   at System.Web.Mvc.RazorView.RenderView(ViewContext viewContext, TextWriter writer, Object instance)
   at System.Web.Mvc.BuildManagerCompiledView.Render(ViewContext viewContext, TextWriter writer)
   at System.Web.Mvc.HtmlHelper.RenderPartialInternal(String partialViewName, ViewDataDictionary viewData, Object model, TextWriter writer, ViewEngineCollection viewEngineCollection)
   at System.Web.Mvc.Html.RenderPartialExtensions.RenderPartial(HtmlHelper htmlHelper, String partialViewName)
   at ASP._Page_Areas_Online_Views_Housing_PreviewSchemeForm_cshtml.Execute() in d:\TFSProject\NoidaAuthority\Source\NA.PMS\NA.PMS.Web\Areas\Online\Views\Housing\PreviewSchemeForm.cshtml:line 804
   at System.Web.WebPages.WebPageBase.ExecutePageHierarchy()
   at System.Web.Mvc.WebViewPage.ExecutePageHierarchy()
   at System.Web.WebPages.WebPageBase.ExecutePageHierarchy(WebPageContext pageContext, TextWriter writer, WebPageRenderingBase startPage)
   at System.Web.Mvc.RazorView.RenderView(ViewContext viewContext, TextWriter writer, Object instance)
   at System.Web.Mvc.BuildManagerCompiledView.Render(ViewContext viewContext, TextWriter writer)
   at System.Web.Mvc.ViewResultBase.ExecuteResult(ControllerContext context)
   at System.Web.Mvc.ControllerActionInvoker.InvokeActionResult(ControllerContext controllerContext, ActionResult actionResult)
   at System.Web.Mvc.ControllerActionInvoker.InvokeActionResultFilterRecursive(IList`1 filters, Int32 filterIndex, ResultExecutingContext preContext, ControllerContext controllerContext, ActionResult actionResult)
   at System.Web.Mvc.ControllerActionInvoker.InvokeActionResultFilterRecursive(IList`1 filters, Int32 filterIndex, ResultExecutingContext preContext, ControllerContext controllerContext, ActionResult actionResult)
   at System.Web.Mvc.ControllerActionInvoker.InvokeActionResultWithFilters(ControllerContext controllerContext, IList`1 filters, ActionResult actionResult)
   at System.Web.Mvc.Async.AsyncControllerActionInvoker.<>c__DisplayClass21.<>c__DisplayClass2b.<BeginInvokeAction>b__1c()
   at System.Web.Mvc.Async.AsyncControllerActionInvoker.<>c__DisplayClass21.<BeginInvokeAction>b__1e(IAsyncResult asyncResult)
   at System.Web.Mvc.Async.AsyncResultWrapper.WrappedAsyncResult`1.CallEndDelegate(IAsyncResult asyncResult)
   at System.Web.Mvc.Async.AsyncResultWrapper.WrappedAsyncResultBase`1.End()
   at System.Web.Mvc.Async.AsyncResultWrapper.End[TResult](IAsyncResult asyncResult, Object tag)
   at System.Web.Mvc.Async.AsyncControllerActionInvoker.EndInvokeAction(IAsyncResult asyncResult)
   at System.Web.Mvc.Controller.<BeginExecuteCore>b__1d(IAsyncResult asyncResult, ExecuteCoreState innerState)
   at System.Web.Mvc.Async.AsyncResultWrapper.WrappedAsyncVoid`1.CallEndDelegate(IAsyncResult asyncResult)
   at System.Web.Mvc.Async.AsyncResultWrapper.WrappedAsyncResultBase`1.End()
   at System.Web.Mvc.Async.AsyncResultWrapper.End[TResult](IAsyncResult asyncResult, Object tag)
   at System.Web.Mvc.Async.AsyncResultWrapper.End(IAsyncResult asyncResult, Object tag)
   at System.Web.Mvc.Controller.EndExecuteCore(IAsyncResult asyncResult)
   at System.Web.Mvc.Controller.<BeginExecute>b__15(IAsyncResult asyncResult, Controller controller)
   at System.Web.Mvc.Async.AsyncResultWrapper.WrappedAsyncVoid`1.CallEndDelegate(IAsyncResult asyncResult)
   at System.Web.Mvc.Async.AsyncResultWrapper.WrappedAsyncResultBase`1.End()
   at System.Web.Mvc.Async.AsyncResultWrapper.End[TResult](IAsyncResult asyncResult, Object tag)
   at System.Web.Mvc.Async.AsyncResultWrapper.End(IAsyncResult asyncResult, Object tag)
   at System.Web.Mvc.Controller.EndExecute(IAsyncResult asyncResult)
   at System.Web.Mvc.Controller.System.Web.Mvc.Async.IAsyncController.EndExecute(IAsyncResult asyncResult)
   at System.Web.Mvc.MvcHandler.<BeginProcessRequest>b__5(IAsyncResult asyncResult, ProcessRequestState innerState)
   at System.Web.Mvc.Async.AsyncResultWrapper.WrappedAsyncVoid`1.CallEndDelegate(IAsyncResult asyncResult)
   at System.Web.Mvc.Async.AsyncResultWrapper.WrappedAsyncResultBase`1.End()
   at System.Web.Mvc.Async.AsyncResultWrapper.End[TResult](IAsyncResult asyncResult, Object tag)
   at System.Web.Mvc.Async.AsyncResultWrapper.End(IAsyncResult asyncResult, Object tag)
   at System.Web.Mvc.MvcHandler.EndProcessRequest(IAsyncResult asyncResult)
   at System.Web.Mvc.MvcHandler.System.Web.IHttpAsyncHandler.EndProcessRequest(IAsyncResult result)
   at System.Web.HttpApplication.CallHandlerExecutionStep.System.Web.HttpApplication.IExecutionStep.Execute()
   at System.Web.HttpApplication.ExecuteStepImpl(IExecutionStep step)
   at System.Web.HttpApplication.ExecuteStep(IExecutionStep step, Boolean& completedSynchronously)
2021-01-08 14:21:55,195 => INFO  NA.PMS.Common.Logger.LogService.LogInformation():24 - Executing Action: GetDirectorDetails on Controller: Application For User : svamadmin.
2021-01-08 14:21:55,269 => INFO  NA.PMS.Common.Logger.LogService.LogInformation():24 - Executed Action: GetDirectorDetails on Controller: Application For User : svamadmin.
2021-01-08 14:21:55,354 => INFO  NA.PMS.Common.Logger.LogService.LogInformation():24 - Executing Action: GetUploadedDocumentsForOnlineForm on Controller: Application For User : svamadmin.
2021-01-08 14:21:55,496 => INFO  NA.PMS.Common.Logger.LogService.LogInformation():24 - Executed Action: GetUploadedDocumentsForOnlineForm on Controller: Application For User : svamadmin.
2021-01-08 14:32:39,948 => INFO  NA.PMS.Common.Logger.LogService.LogInformation():24 - Executing Action: GetDirectorDetails on Controller: Application For User : svamadmin.
2021-01-08 14:32:40,004 => INFO  NA.PMS.Common.Logger.LogService.LogInformation():24 - Executed Action: GetDirectorDetails on Controller: Application For User : svamadmin.
2021-01-08 14:32:40,219 => INFO  NA.PMS.Common.Logger.LogService.LogInformation():24 - Executing Action: GetUploadedDocumentsForOnlineForm on Controller: Application For User : svamadmin.
2021-01-08 14:32:40,419 => INFO  NA.PMS.Common.Logger.LogService.LogInformation():24 - Executed Action: GetUploadedDocumentsForOnlineForm on Controller: Application For User : svamadmin.
2021-01-08 14:33:59,664 => INFO  NA.PMS.Common.Logger.LogService.LogInformation():24 - Executing Action: GetDirectorDetails on Controller: Application For User : svamadmin.
2021-01-08 14:33:59,732 => INFO  NA.PMS.Common.Logger.LogService.LogInformation():24 - Executed Action: GetDirectorDetails on Controller: Application For User : svamadmin.
2021-01-08 14:34:00,195 => INFO  NA.PMS.Common.Logger.LogService.LogInformation():24 - Executing Action: GetUploadedDocumentsForOnlineForm on Controller: Application For User : svamadmin.
2021-01-08 14:34:00,368 => INFO  NA.PMS.Common.Logger.LogService.LogInformation():24 - Executed Action: GetUploadedDocumentsForOnlineForm on Controller: Application For User : svamadmin.
2021-01-08 14:35:22,072 => INFO  NA.PMS.Common.Logger.LogService.LogInformation():24 - Executing Action: GetUploadedDocumentsForOnlineForm on Controller: Application For User : svamadmin.
2021-01-08 14:35:22,252 => INFO  NA.PMS.Common.Logger.LogService.LogInformation():24 - Executed Action: GetUploadedDocumentsForOnlineForm on Controller: Application For User : svamadmin.
2021-01-08 14:38:45,991 => INFO  NA.PMS.Common.Logger.LogService.LogInformation():24 - Executing Action: GetUploadedDocumentsForOnlineForm on Controller: Application For User : svamadmin.
2021-01-08 14:38:46,151 => INFO  NA.PMS.Common.Logger.LogService.LogInformation():24 - Executed Action: GetUploadedDocumentsForOnlineForm on Controller: Application For User : svamadmin.
2021-01-08 14:41:09,104 => INFO  NA.PMS.Common.Logger.LogService.LogInformation():24 - Executing Action: GetUploadedDocumentsForOnlineForm on Controller: Application For User : svamadmin.
2021-01-08 14:41:09,287 => INFO  NA.PMS.Common.Logger.LogService.LogInformation():24 - Executed Action: GetUploadedDocumentsForOnlineForm on Controller: Application For User : svamadmin.
2021-01-08 15:29:07,049 => INFO  NA.PMS.Common.Logger.LogService.LogInformation():24 - Executing Action: Login on Controller: Account For User : .
2021-01-08 15:29:07,210 => INFO  NA.PMS.Common.Logger.LogService.LogInformation():24 - Executed Action: Login on Controller: Account For User : .
2021-01-08 15:30:30,142 => ERROR NA.PMS.Common.Logger.LogService.LogError():97 - Global Exception
System.Data.Entity.Core.EntityException: The underlying provider failed on Open. ---> System.Data.SqlClient.SqlException: A network-related or instance-specific error occurred while establishing a connection to SQL Server. The server was not found or was not accessible. Verify that the instance name is correct and that SQL Server is configured to allow remote connections. (provider: Named Pipes Provider, error: 40 - Could not open a connection to SQL Server) ---> System.ComponentModel.Win32Exception: The network path was not found
   --- End of inner exception stack trace ---
   at System.Data.SqlClient.SqlInternalConnectionTds..ctor(DbConnectionPoolIdentity identity, SqlConnectionString connectionOptions, SqlCredential credential, Object providerInfo, String newPassword, SecureString newSecurePassword, Boolean redirectedUserInstance, SqlConnectionString userConnectionOptions, SessionData reconnectSessionData, DbConnectionPool pool, String accessToken, Boolean applyTransientFaultHandling, SqlAuthenticationProviderManager sqlAuthProviderManager)
   at System.Data.SqlClient.SqlConnectionFactory.CreateConnection(DbConnectionOptions options, DbConnectionPoolKey poolKey, Object poolGroupProviderInfo, DbConnectionPool pool, DbConnection owningConnection, DbConnectionOptions userOptions)
   at System.Data.ProviderBase.DbConnectionFactory.CreatePooledConnection(DbConnectionPool pool, DbConnection owningObject, DbConnectionOptions options, DbConnectionPoolKey poolKey, DbConnectionOptions userOptions)
   at System.Data.ProviderBase.DbConnectionPool.CreateObject(DbConnection owningObject, DbConnectionOptions userOptions, DbConnectionInternal oldConnection)
   at System.Data.ProviderBase.DbConnectionPool.UserCreateRequest(DbConnection owningObject, DbConnectionOptions userOptions, DbConnectionInternal oldConnection)
   at System.Data.ProviderBase.DbConnectionPool.TryGetConnection(DbConnection owningObject, UInt32 waitForMultipleObjectsTimeout, Boolean allowCreate, Boolean onlyOneCheckConnection, DbConnectionOptions userOptions, DbConnectionInternal& connection)
   at System.Data.ProviderBase.DbConnectionPool.TryGetConnection(DbConnection owningObject, TaskCompletionSource`1 retry, DbConnectionOptions userOptions, DbConnectionInternal& connection)
   at System.Data.ProviderBase.DbConnectionFactory.TryGetConnection(DbConnection owningConnection, TaskCompletionSource`1 retry, DbConnectionOptions userOptions, DbConnectionInternal oldConnection, DbConnectionInternal& connection)
   at System.Data.ProviderBase.DbConnectionInternal.TryOpenConnectionInternal(DbConnection outerConnection, DbConnectionFactory connectionFactory, TaskCompletionSource`1 retry, DbConnectionOptions userOptions)
   at System.Data.ProviderBase.DbConnectionClosed.TryOpenConnection(DbConnection outerConnection, DbConnectionFactory connectionFactory, TaskCompletionSource`1 retry, DbConnectionOptions userOptions)
   at System.Data.SqlClient.SqlConnection.TryOpenInner(TaskCompletionSource`1 retry)
   at System.Data.SqlClient.SqlConnection.TryOpen(TaskCompletionSource`1 retry)
   at System.Data.SqlClient.SqlConnection.Open()
   at System.Data.Entity.Infrastructure.Interception.DbConnectionDispatcher.<Open>b__36(DbConnection t, DbConnectionInterceptionContext c)
   at System.Data.Entity.Infrastructure.Interception.InternalDispatcher`1.Dispatch[TTarget,TInterceptionContext](TTarget target, Action`2 operation, TInterceptionContext interceptionContext, Action`3 executing, Action`3 executed)
   at System.Data.Entity.Infrastructure.Interception.DbConnectionDispatcher.Open(DbConnection connection, DbInterceptionContext interceptionContext)
   at System.Data.Entity.Core.EntityClient.EntityConnection.<Open>b__2()
   at System.Data.Entity.SqlServer.DefaultSqlExecutionStrategy.<>c__DisplayClass1.<Execute>b__0()
   at System.Data.Entity.SqlServer.DefaultSqlExecutionStrategy.Execute[TResult](Func`1 operation)
   at System.Data.Entity.SqlServer.DefaultSqlExecutionStrategy.Execute(Action operation)
   at System.Data.Entity.Core.EntityClient.EntityConnection.Open()
   --- End of inner exception stack trace ---
   at System.Data.Entity.Core.EntityClient.EntityConnection.Open()
   at System.Data.Entity.Core.Objects.ObjectContext.EnsureConnection(Boolean shouldMonitorTransactions)
   at System.Data.Entity.Core.Objects.ObjectContext.ExecuteInTransaction[T](Func`1 func, IDbExecutionStrategy executionStrategy, Boolean startLocalTransaction, Boolean releaseConnectionOnSuccess)
   at System.Data.Entity.Core.Objects.ObjectQuery`1.<>c__DisplayClass7.<GetResults>b__5()
   at System.Data.Entity.SqlServer.DefaultSqlExecutionStrategy.Execute[TResult](Func`1 operation)
   at System.Data.Entity.Core.Objects.ObjectQuery`1.GetResults(Nullable`1 forMergeOption)
   at System.Data.Entity.Core.Objects.ObjectQuery`1.<System.Collections.Generic.IEnumerable<T>.GetEnumerator>b__0()
   at System.Data.Entity.Internal.LazyEnumerator`1.MoveNext()
   at System.Linq.Enumerable.FirstOrDefault[TSource](IEnumerable`1 source)
   at System.Data.Entity.Core.Objects.ELinq.ObjectQueryProvider.<GetElementFunction>b__1[TResult](IEnumerable`1 sequence)
   at System.Data.Entity.Core.Objects.ELinq.ObjectQueryProvider.ExecuteSingle[TResult](IEnumerable`1 query, Expression queryRoot)
   at System.Data.Entity.Core.Objects.ELinq.ObjectQueryProvider.System.Linq.IQueryProvider.Execute[TResult](Expression expression)
   at System.Data.Entity.Internal.Linq.DbQueryProvider.Execute[TResult](Expression expression)
   at System.Linq.Queryable.FirstOrDefault[TSource](IQueryable`1 source, Expression`1 predicate)
   at NA.PMS.OnlineScheme.OnlineSchemeRepository.GetOnlineSchemeApplicationFormById(Nullable`1 id) in d:\TFSProject\NoidaAuthority\Source\NA.PMS\NA.PMS.OnlineScheme\Repositories\OnlineSchemeRepository.cs:line 673
   at NA.PMS.OnlineScheme.Controllers.HousingSchemeController.PreviewSchemeForm(String id) in d:\TFSProject\NoidaAuthority\Source\NA.PMS\NA.PMS.OnlineScheme\Controllers\HousingSchemeController.cs:line 118
   at lambda_method(Closure , ControllerBase , Object[] )
   at System.Web.Mvc.ActionMethodDispatcher.Execute(ControllerBase controller, Object[] parameters)
   at System.Web.Mvc.ReflectedActionDescriptor.Execute(ControllerContext controllerContext, IDictionary`2 parameters)
   at System.Web.Mvc.ControllerActionInvoker.InvokeActionMethod(ControllerContext controllerContext, ActionDescriptor actionDescriptor, IDictionary`2 parameters)
   at System.Web.Mvc.Async.AsyncControllerActionInvoker.ActionInvocation.InvokeSynchronousActionMethod()
   at System.Web.Mvc.Async.AsyncControllerActionInvoker.<BeginInvokeSynchronousActionMethod>b__39(IAsyncResult asyncResult, ActionInvocation innerInvokeState)
   at System.Web.Mvc.Async.AsyncResultWrapper.WrappedAsyncResult`2.CallEndDelegate(IAsyncResult asyncResult)
   at System.Web.Mvc.Async.AsyncResultWrapper.WrappedAsyncResultBase`1.End()
   at System.Web.Mvc.Async.AsyncResultWrapper.End[TResult](IAsyncResult asyncResult, Object tag)
   at System.Web.Mvc.Async.AsyncControllerActionInvoker.EndInvokeActionMethod(IAsyncResult asyncResult)
   at System.Web.Mvc.Async.AsyncControllerActionInvoker.AsyncInvocationWithFilters.<InvokeActionMethodFilterAsynchronouslyRecursive>b__3d()
   at System.Web.Mvc.Async.AsyncControllerActionInvoker.AsyncInvocationWithFilters.<>c__DisplayClass46.<InvokeActionMethodFilterAsynchronouslyRecursive>b__3f()
   at System.Web.Mvc.Async.AsyncControllerActionInvoker.<>c__DisplayClass33.<BeginInvokeActionMethodWithFilters>b__32(IAsyncResult asyncResult)
   at System.Web.Mvc.Async.AsyncResultWrapper.WrappedAsyncResult`1.CallEndDelegate(IAsyncResult asyncResult)
   at System.Web.Mvc.Async.AsyncResultWrapper.WrappedAsyncResultBase`1.End()
   at System.Web.Mvc.Async.AsyncResultWrapper.End[TResult](IAsyncResult asyncResult, Object tag)
   at System.Web.Mvc.Async.AsyncControllerActionInvoker.EndInvokeActionMethodWithFilters(IAsyncResult asyncResult)
   at System.Web.Mvc.Async.AsyncControllerActionInvoker.<>c__DisplayClass21.<>c__DisplayClass2b.<BeginInvokeAction>b__1c()
   at System.Web.Mvc.Async.AsyncControllerActionInvoker.<>c__DisplayClass21.<BeginInvokeAction>b__1e(IAsyncResult asyncResult)
   at System.Web.Mvc.Async.AsyncResultWrapper.WrappedAsyncResult`1.CallEndDelegate(IAsyncResult asyncResult)
   at System.Web.Mvc.Async.AsyncResultWrapper.WrappedAsyncResultBase`1.End()
   at System.Web.Mvc.Async.AsyncResultWrapper.End[TResult](IAsyncResult asyncResult, Object tag)
   at System.Web.Mvc.Async.AsyncControllerActionInvoker.EndInvokeAction(IAsyncResult asyncResult)
   at System.Web.Mvc.Controller.<BeginExecuteCore>b__1d(IAsyncResult asyncResult, ExecuteCoreState innerState)
   at System.Web.Mvc.Async.AsyncResultWrapper.WrappedAsyncVoid`1.CallEndDelegate(IAsyncResult asyncResult)
   at System.Web.Mvc.Async.AsyncResultWrapper.WrappedAsyncResultBase`1.End()
   at System.Web.Mvc.Async.AsyncResultWrapper.End[TResult](IAsyncResult asyncResult, Object tag)
   at System.Web.Mvc.Async.AsyncResultWrapper.End(IAsyncResult asyncResult, Object tag)
   at System.Web.Mvc.Controller.EndExecuteCore(IAsyncResult asyncResult)
   at System.Web.Mvc.Controller.<BeginExecute>b__15(IAsyncResult asyncResult, Controller controller)
   at System.Web.Mvc.Async.AsyncResultWrapper.WrappedAsyncVoid`1.CallEndDelegate(IAsyncResult asyncResult)
   at System.Web.Mvc.Async.AsyncResultWrapper.WrappedAsyncResultBase`1.End()
   at System.Web.Mvc.Async.AsyncResultWrapper.End[TResult](IAsyncResult asyncResult, Object tag)
   at System.Web.Mvc.Async.AsyncResultWrapper.End(IAsyncResult asyncResult, Object tag)
   at System.Web.Mvc.Controller.EndExecute(IAsyncResult asyncResult)
   at System.Web.Mvc.Controller.System.Web.Mvc.Async.IAsyncController.EndExecute(IAsyncResult asyncResult)
   at System.Web.Mvc.MvcHandler.<BeginProcessRequest>b__5(IAsyncResult asyncResult, ProcessRequestState innerState)
   at System.Web.Mvc.Async.AsyncResultWrapper.WrappedAsyncVoid`1.CallEndDelegate(IAsyncResult asyncResult)
   at System.Web.Mvc.Async.AsyncResultWrapper.WrappedAsyncResultBase`1.End()
   at System.Web.Mvc.Async.AsyncResultWrapper.End[TResult](IAsyncResult asyncResult, Object tag)
   at System.Web.Mvc.Async.AsyncResultWrapper.End(IAsyncResult asyncResult, Object tag)
   at System.Web.Mvc.MvcHandler.EndProcessRequest(IAsyncResult asyncResult)
   at System.Web.Mvc.MvcHandler.System.Web.IHttpAsyncHandler.EndProcessRequest(IAsyncResult result)
   at System.Web.HttpApplication.CallHandlerExecutionStep.System.Web.HttpApplication.IExecutionStep.Execute()
   at System.Web.HttpApplication.ExecuteStepImpl(IExecutionStep step)
   at System.Web.HttpApplication.ExecuteStep(IExecutionStep step, Boolean& completedSynchronously)
2021-01-08 15:31:10,369 => ERROR NA.PMS.Common.Logger.LogService.LogError():97 - Global Exception
System.NullReferenceException: Object reference not set to an instance of an object.
   at NA.PMS.OnlineScheme.OnlineSchemeRepository.GetUploadedDocumentsAsDataSource(DataSourceRequest request, SchemeFormViewModel model) in d:\TFSProject\NoidaAuthority\Source\NA.PMS\NA.PMS.OnlineScheme\Repositories\OnlineSchemeRepository.cs:line 1105
   at NA.PMS.OnlineScheme.Controllers.HousingSchemeController.GetUploadedDocumentsAsDataSource(DataSourceRequest request, SchemeFormViewModel model) in d:\TFSProject\NoidaAuthority\Source\NA.PMS\NA.PMS.OnlineScheme\Controllers\HousingSchemeController.cs:line 183
   at lambda_method(Closure , ControllerBase , Object[] )
   at System.Web.Mvc.ActionMethodDispatcher.Execute(ControllerBase controller, Object[] parameters)
   at System.Web.Mvc.ReflectedActionDescriptor.Execute(ControllerContext controllerContext, IDictionary`2 parameters)
   at System.Web.Mvc.ControllerActionInvoker.InvokeActionMethod(ControllerContext controllerContext, ActionDescriptor actionDescriptor, IDictionary`2 parameters)
   at System.Web.Mvc.Async.AsyncControllerActionInvoker.ActionInvocation.InvokeSynchronousActionMethod()
   at System.Web.Mvc.Async.AsyncControllerActionInvoker.<BeginInvokeSynchronousActionMethod>b__39(IAsyncResult asyncResult, ActionInvocation innerInvokeState)
   at System.Web.Mvc.Async.AsyncResultWrapper.WrappedAsyncResult`2.CallEndDelegate(IAsyncResult asyncResult)
   at System.Web.Mvc.Async.AsyncResultWrapper.WrappedAsyncResultBase`1.End()
   at System.Web.Mvc.Async.AsyncResultWrapper.End[TResult](IAsyncResult asyncResult, Object tag)
   at System.Web.Mvc.Async.AsyncControllerActionInvoker.EndInvokeActionMethod(IAsyncResult asyncResult)
   at System.Web.Mvc.Async.AsyncControllerActionInvoker.AsyncInvocationWithFilters.<InvokeActionMethodFilterAsynchronouslyRecursive>b__3d()
   at System.Web.Mvc.Async.AsyncControllerActionInvoker.AsyncInvocationWithFilters.<>c__DisplayClass46.<InvokeActionMethodFilterAsynchronouslyRecursive>b__3f()
   at System.Web.Mvc.Async.AsyncControllerActionInvoker.<>c__DisplayClass33.<BeginInvokeActionMethodWithFilters>b__32(IAsyncResult asyncResult)
   at System.Web.Mvc.Async.AsyncResultWrapper.WrappedAsyncResult`1.CallEndDelegate(IAsyncResult asyncResult)
   at System.Web.Mvc.Async.AsyncResultWrapper.WrappedAsyncResultBase`1.End()
   at System.Web.Mvc.Async.AsyncResultWrapper.End[TResult](IAsyncResult asyncResult, Object tag)
   at System.Web.Mvc.Async.AsyncControllerActionInvoker.EndInvokeActionMethodWithFilters(IAsyncResult asyncResult)
   at System.Web.Mvc.Async.AsyncControllerActionInvoker.<>c__DisplayClass21.<>c__DisplayClass2b.<BeginInvokeAction>b__1c()
   at System.Web.Mvc.Async.AsyncControllerActionInvoker.<>c__DisplayClass21.<BeginInvokeAction>b__1e(IAsyncResult asyncResult)
   at System.Web.Mvc.Async.AsyncResultWrapper.WrappedAsyncResult`1.CallEndDelegate(IAsyncResult asyncResult)
   at System.Web.Mvc.Async.AsyncResultWrapper.WrappedAsyncResultBase`1.End()
   at System.Web.Mvc.Async.AsyncResultWrapper.End[TResult](IAsyncResult asyncResult, Object tag)
   at System.Web.Mvc.Async.AsyncControllerActionInvoker.EndInvokeAction(IAsyncResult asyncResult)
   at System.Web.Mvc.Controller.<BeginExecuteCore>b__1d(IAsyncResult asyncResult, ExecuteCoreState innerState)
   at System.Web.Mvc.Async.AsyncResultWrapper.WrappedAsyncVoid`1.CallEndDelegate(IAsyncResult asyncResult)
   at System.Web.Mvc.Async.AsyncResultWrapper.WrappedAsyncResultBase`1.End()
   at System.Web.Mvc.Async.AsyncResultWrapper.End[TResult](IAsyncResult asyncResult, Object tag)
   at System.Web.Mvc.Async.AsyncResultWrapper.End(IAsyncResult asyncResult, Object tag)
   at System.Web.Mvc.Controller.EndExecuteCore(IAsyncResult asyncResult)
   at System.Web.Mvc.Controller.<BeginExecute>b__15(IAsyncResult asyncResult, Controller controller)
   at System.Web.Mvc.Async.AsyncResultWrapper.WrappedAsyncVoid`1.CallEndDelegate(IAsyncResult asyncResult)
   at System.Web.Mvc.Async.AsyncResultWrapper.WrappedAsyncResultBase`1.End()
   at System.Web.Mvc.Async.AsyncResultWrapper.End[TResult](IAsyncResult asyncResult, Object tag)
   at System.Web.Mvc.Async.AsyncResultWrapper.End(IAsyncResult asyncResult, Object tag)
   at System.Web.Mvc.Controller.EndExecute(IAsyncResult asyncResult)
   at System.Web.Mvc.Controller.System.Web.Mvc.Async.IAsyncController.EndExecute(IAsyncResult asyncResult)
   at System.Web.Mvc.MvcHandler.<BeginProcessRequest>b__5(IAsyncResult asyncResult, ProcessRequestState innerState)
   at System.Web.Mvc.Async.AsyncResultWrapper.WrappedAsyncVoid`1.CallEndDelegate(IAsyncResult asyncResult)
   at System.Web.Mvc.Async.AsyncResultWrapper.WrappedAsyncResultBase`1.End()
   at System.Web.Mvc.Async.AsyncResultWrapper.End[TResult](IAsyncResult asyncResult, Object tag)
   at System.Web.Mvc.Async.AsyncResultWrapper.End(IAsyncResult asyncResult, Object tag)
   at System.Web.Mvc.MvcHandler.EndProcessRequest(IAsyncResult asyncResult)
   at System.Web.Mvc.MvcHandler.System.Web.IHttpAsyncHandler.EndProcessRequest(IAsyncResult result)
   at System.Web.HttpApplication.CallHandlerExecutionStep.System.Web.HttpApplication.IExecutionStep.Execute()
   at System.Web.HttpApplication.ExecuteStepImpl(IExecutionStep step)
   at System.Web.HttpApplication.ExecuteStep(IExecutionStep step, Boolean& completedSynchronously)
2021-01-08 15:32:41,209 => ERROR NA.PMS.Common.Logger.LogService.LogError():97 - Global Exception
System.NullReferenceException: Object reference not set to an instance of an object.
   at NA.PMS.OnlineScheme.OnlineSchemeRepository.GetUploadedDocumentsAsDataSource(DataSourceRequest request, SchemeFormViewModel model) in d:\TFSProject\NoidaAuthority\Source\NA.PMS\NA.PMS.OnlineScheme\Repositories\OnlineSchemeRepository.cs:line 1105
   at NA.PMS.OnlineScheme.Controllers.HousingSchemeController.GetUploadedDocumentsAsDataSource(DataSourceRequest request, SchemeFormViewModel model) in d:\TFSProject\NoidaAuthority\Source\NA.PMS\NA.PMS.OnlineScheme\Controllers\HousingSchemeController.cs:line 183
   at lambda_method(Closure , ControllerBase , Object[] )
   at System.Web.Mvc.ActionMethodDispatcher.Execute(ControllerBase controller, Object[] parameters)
   at System.Web.Mvc.ReflectedActionDescriptor.Execute(ControllerContext controllerContext, IDictionary`2 parameters)
   at System.Web.Mvc.ControllerActionInvoker.InvokeActionMethod(ControllerContext controllerContext, ActionDescriptor actionDescriptor, IDictionary`2 parameters)
   at System.Web.Mvc.Async.AsyncControllerActionInvoker.ActionInvocation.InvokeSynchronousActionMethod()
   at System.Web.Mvc.Async.AsyncControllerActionInvoker.<BeginInvokeSynchronousActionMethod>b__39(IAsyncResult asyncResult, ActionInvocation innerInvokeState)
   at System.Web.Mvc.Async.AsyncResultWrapper.WrappedAsyncResult`2.CallEndDelegate(IAsyncResult asyncResult)
   at System.Web.Mvc.Async.AsyncResultWrapper.WrappedAsyncResultBase`1.End()
   at System.Web.Mvc.Async.AsyncResultWrapper.End[TResult](IAsyncResult asyncResult, Object tag)
   at System.Web.Mvc.Async.AsyncControllerActionInvoker.EndInvokeActionMethod(IAsyncResult asyncResult)
   at System.Web.Mvc.Async.AsyncControllerActionInvoker.AsyncInvocationWithFilters.<InvokeActionMethodFilterAsynchronouslyRecursive>b__3d()
   at System.Web.Mvc.Async.AsyncControllerActionInvoker.AsyncInvocationWithFilters.<>c__DisplayClass46.<InvokeActionMethodFilterAsynchronouslyRecursive>b__3f()
   at System.Web.Mvc.Async.AsyncControllerActionInvoker.<>c__DisplayClass33.<BeginInvokeActionMethodWithFilters>b__32(IAsyncResult asyncResult)
   at System.Web.Mvc.Async.AsyncResultWrapper.WrappedAsyncResult`1.CallEndDelegate(IAsyncResult asyncResult)
   at System.Web.Mvc.Async.AsyncResultWrapper.WrappedAsyncResultBase`1.End()
   at System.Web.Mvc.Async.AsyncResultWrapper.End[TResult](IAsyncResult asyncResult, Object tag)
   at System.Web.Mvc.Async.AsyncControllerActionInvoker.EndInvokeActionMethodWithFilters(IAsyncResult asyncResult)
   at System.Web.Mvc.Async.AsyncControllerActionInvoker.<>c__DisplayClass21.<>c__DisplayClass2b.<BeginInvokeAction>b__1c()
   at System.Web.Mvc.Async.AsyncControllerActionInvoker.<>c__DisplayClass21.<BeginInvokeAction>b__1e(IAsyncResult asyncResult)
   at System.Web.Mvc.Async.AsyncResultWrapper.WrappedAsyncResult`1.CallEndDelegate(IAsyncResult asyncResult)
   at System.Web.Mvc.Async.AsyncResultWrapper.WrappedAsyncResultBase`1.End()
   at System.Web.Mvc.Async.AsyncResultWrapper.End[TResult](IAsyncResult asyncResult, Object tag)
   at System.Web.Mvc.Async.AsyncControllerActionInvoker.EndInvokeAction(IAsyncResult asyncResult)
   at System.Web.Mvc.Controller.<BeginExecuteCore>b__1d(IAsyncResult asyncResult, ExecuteCoreState innerState)
   at System.Web.Mvc.Async.AsyncResultWrapper.WrappedAsyncVoid`1.CallEndDelegate(IAsyncResult asyncResult)
   at System.Web.Mvc.Async.AsyncResultWrapper.WrappedAsyncResultBase`1.End()
   at System.Web.Mvc.Async.AsyncResultWrapper.End[TResult](IAsyncResult asyncResult, Object tag)
   at System.Web.Mvc.Async.AsyncResultWrapper.End(IAsyncResult asyncResult, Object tag)
   at System.Web.Mvc.Controller.EndExecuteCore(IAsyncResult asyncResult)
   at System.Web.Mvc.Controller.<BeginExecute>b__15(IAsyncResult asyncResult, Controller controller)
   at System.Web.Mvc.Async.AsyncResultWrapper.WrappedAsyncVoid`1.CallEndDelegate(IAsyncResult asyncResult)
   at System.Web.Mvc.Async.AsyncResultWrapper.WrappedAsyncResultBase`1.End()
   at System.Web.Mvc.Async.AsyncResultWrapper.End[TResult](IAsyncResult asyncResult, Object tag)
   at System.Web.Mvc.Async.AsyncResultWrapper.End(IAsyncResult asyncResult, Object tag)
   at System.Web.Mvc.Controller.EndExecute(IAsyncResult asyncResult)
   at System.Web.Mvc.Controller.System.Web.Mvc.Async.IAsyncController.EndExecute(IAsyncResult asyncResult)
   at System.Web.Mvc.MvcHandler.<BeginProcessRequest>b__5(IAsyncResult asyncResult, ProcessRequestState innerState)
   at System.Web.Mvc.Async.AsyncResultWrapper.WrappedAsyncVoid`1.CallEndDelegate(IAsyncResult asyncResult)
   at System.Web.Mvc.Async.AsyncResultWrapper.WrappedAsyncResultBase`1.End()
   at System.Web.Mvc.Async.AsyncResultWrapper.End[TResult](IAsyncResult asyncResult, Object tag)
   at System.Web.Mvc.Async.AsyncResultWrapper.End(IAsyncResult asyncResult, Object tag)
   at System.Web.Mvc.MvcHandler.EndProcessRequest(IAsyncResult asyncResult)
   at System.Web.Mvc.MvcHandler.System.Web.IHttpAsyncHandler.EndProcessRequest(IAsyncResult result)
   at System.Web.HttpApplication.CallHandlerExecutionStep.System.Web.HttpApplication.IExecutionStep.Execute()
   at System.Web.HttpApplication.ExecuteStepImpl(IExecutionStep step)
   at System.Web.HttpApplication.ExecuteStep(IExecutionStep step, Boolean& completedSynchronously)
2021-01-08 16:13:03,069 => INFO  NA.PMS.Common.Logger.LogService.LogInformation():24 - Executing Action: Login on Controller: Account For User : .
2021-01-08 16:13:03,271 => INFO  NA.PMS.Common.Logger.LogService.LogInformation():24 - Executed Action: Login on Controller: Account For User : .
2021-01-08 16:14:00,230 => ERROR NA.PMS.Common.Logger.LogService.LogError():97 - Global Exception
System.NullReferenceException: Object reference not set to an instance of an object.
   at NA.PMS.OnlineScheme.OnlineSchemeRepository.GetUploadedDocumentsAsDataSource(DataSourceRequest request, SchemeFormViewModel model) in d:\TFSProject\NoidaAuthority\Source\NA.PMS\NA.PMS.OnlineScheme\Repositories\OnlineSchemeRepository.cs:line 1105
   at NA.PMS.OnlineScheme.Controllers.HousingSchemeController.GetUploadedDocumentsAsDataSource(DataSourceRequest request, SchemeFormViewModel model) in d:\TFSProject\NoidaAuthority\Source\NA.PMS\NA.PMS.OnlineScheme\Controllers\HousingSchemeController.cs:line 183
   at lambda_method(Closure , ControllerBase , Object[] )
   at System.Web.Mvc.ActionMethodDispatcher.Execute(ControllerBase controller, Object[] parameters)
   at System.Web.Mvc.ReflectedActionDescriptor.Execute(ControllerContext controllerContext, IDictionary`2 parameters)
   at System.Web.Mvc.ControllerActionInvoker.InvokeActionMethod(ControllerContext controllerContext, ActionDescriptor actionDescriptor, IDictionary`2 parameters)
   at System.Web.Mvc.Async.AsyncControllerActionInvoker.ActionInvocation.InvokeSynchronousActionMethod()
   at System.Web.Mvc.Async.AsyncControllerActionInvoker.<BeginInvokeSynchronousActionMethod>b__39(IAsyncResult asyncResult, ActionInvocation innerInvokeState)
   at System.Web.Mvc.Async.AsyncResultWrapper.WrappedAsyncResult`2.CallEndDelegate(IAsyncResult asyncResult)
   at System.Web.Mvc.Async.AsyncResultWrapper.WrappedAsyncResultBase`1.End()
   at System.Web.Mvc.Async.AsyncResultWrapper.End[TResult](IAsyncResult asyncResult, Object tag)
   at System.Web.Mvc.Async.AsyncControllerActionInvoker.EndInvokeActionMethod(IAsyncResult asyncResult)
   at System.Web.Mvc.Async.AsyncControllerActionInvoker.AsyncInvocationWithFilters.<InvokeActionMethodFilterAsynchronouslyRecursive>b__3d()
   at System.Web.Mvc.Async.AsyncControllerActionInvoker.AsyncInvocationWithFilters.<>c__DisplayClass46.<InvokeActionMethodFilterAsynchronouslyRecursive>b__3f()
   at System.Web.Mvc.Async.AsyncControllerActionInvoker.<>c__DisplayClass33.<BeginInvokeActionMethodWithFilters>b__32(IAsyncResult asyncResult)
   at System.Web.Mvc.Async.AsyncResultWrapper.WrappedAsyncResult`1.CallEndDelegate(IAsyncResult asyncResult)
   at System.Web.Mvc.Async.AsyncResultWrapper.WrappedAsyncResultBase`1.End()
   at System.Web.Mvc.Async.AsyncResultWrapper.End[TResult](IAsyncResult asyncResult, Object tag)
   at System.Web.Mvc.Async.AsyncControllerActionInvoker.EndInvokeActionMethodWithFilters(IAsyncResult asyncResult)
   at System.Web.Mvc.Async.AsyncControllerActionInvoker.<>c__DisplayClass21.<>c__DisplayClass2b.<BeginInvokeAction>b__1c()
   at System.Web.Mvc.Async.AsyncControllerActionInvoker.<>c__DisplayClass21.<BeginInvokeAction>b__1e(IAsyncResult asyncResult)
   at System.Web.Mvc.Async.AsyncResultWrapper.WrappedAsyncResult`1.CallEndDelegate(IAsyncResult asyncResult)
   at System.Web.Mvc.Async.AsyncResultWrapper.WrappedAsyncResultBase`1.End()
   at System.Web.Mvc.Async.AsyncResultWrapper.End[TResult](IAsyncResult asyncResult, Object tag)
   at System.Web.Mvc.Async.AsyncControllerActionInvoker.EndInvokeAction(IAsyncResult asyncResult)
   at System.Web.Mvc.Controller.<BeginExecuteCore>b__1d(IAsyncResult asyncResult, ExecuteCoreState innerState)
   at System.Web.Mvc.Async.AsyncResultWrapper.WrappedAsyncVoid`1.CallEndDelegate(IAsyncResult asyncResult)
   at System.Web.Mvc.Async.AsyncResultWrapper.WrappedAsyncResultBase`1.End()
   at System.Web.Mvc.Async.AsyncResultWrapper.End[TResult](IAsyncResult asyncResult, Object tag)
   at System.Web.Mvc.Async.AsyncResultWrapper.End(IAsyncResult asyncResult, Object tag)
   at System.Web.Mvc.Controller.EndExecuteCore(IAsyncResult asyncResult)
   at System.Web.Mvc.Controller.<BeginExecute>b__15(IAsyncResult asyncResult, Controller controller)
   at System.Web.Mvc.Async.AsyncResultWrapper.WrappedAsyncVoid`1.CallEndDelegate(IAsyncResult asyncResult)
   at System.Web.Mvc.Async.AsyncResultWrapper.WrappedAsyncResultBase`1.End()
   at System.Web.Mvc.Async.AsyncResultWrapper.End[TResult](IAsyncResult asyncResult, Object tag)
   at System.Web.Mvc.Async.AsyncResultWrapper.End(IAsyncResult asyncResult, Object tag)
   at System.Web.Mvc.Controller.EndExecute(IAsyncResult asyncResult)
   at System.Web.Mvc.Controller.System.Web.Mvc.Async.IAsyncController.EndExecute(IAsyncResult asyncResult)
   at System.Web.Mvc.MvcHandler.<BeginProcessRequest>b__5(IAsyncResult asyncResult, ProcessRequestState innerState)
   at System.Web.Mvc.Async.AsyncResultWrapper.WrappedAsyncVoid`1.CallEndDelegate(IAsyncResult asyncResult)
   at System.Web.Mvc.Async.AsyncResultWrapper.WrappedAsyncResultBase`1.End()
   at System.Web.Mvc.Async.AsyncResultWrapper.End[TResult](IAsyncResult asyncResult, Object tag)
   at System.Web.Mvc.Async.AsyncResultWrapper.End(IAsyncResult asyncResult, Object tag)
   at System.Web.Mvc.MvcHandler.EndProcessRequest(IAsyncResult asyncResult)
   at System.Web.Mvc.MvcHandler.System.Web.IHttpAsyncHandler.EndProcessRequest(IAsyncResult result)
   at System.Web.HttpApplication.CallHandlerExecutionStep.System.Web.HttpApplication.IExecutionStep.Execute()
   at System.Web.HttpApplication.ExecuteStepImpl(IExecutionStep step)
   at System.Web.HttpApplication.ExecuteStep(IExecutionStep step, Boolean& completedSynchronously)
2021-01-08 16:18:59,562 => ERROR NA.PMS.Common.Logger.LogService.LogError():97 - Global Exception
System.NullReferenceException: Object reference not set to an instance of an object.
   at NA.PMS.OnlineScheme.OnlineSchemeRepository.GetUploadedDocumentsAsDataSource(DataSourceRequest request, SchemeFormViewModel model) in d:\TFSProject\NoidaAuthority\Source\NA.PMS\NA.PMS.OnlineScheme\Repositories\OnlineSchemeRepository.cs:line 1105
   at NA.PMS.OnlineScheme.Controllers.HousingSchemeController.GetUploadedDocumentsAsDataSource(DataSourceRequest request, SchemeFormViewModel model) in d:\TFSProject\NoidaAuthority\Source\NA.PMS\NA.PMS.OnlineScheme\Controllers\HousingSchemeController.cs:line 183
   at lambda_method(Closure , ControllerBase , Object[] )
   at System.Web.Mvc.ActionMethodDispatcher.Execute(ControllerBase controller, Object[] parameters)
   at System.Web.Mvc.ReflectedActionDescriptor.Execute(ControllerContext controllerContext, IDictionary`2 parameters)
   at System.Web.Mvc.ControllerActionInvoker.InvokeActionMethod(ControllerContext controllerContext, ActionDescriptor actionDescriptor, IDictionary`2 parameters)
   at System.Web.Mvc.Async.AsyncControllerActionInvoker.ActionInvocation.InvokeSynchronousActionMethod()
   at System.Web.Mvc.Async.AsyncControllerActionInvoker.<BeginInvokeSynchronousActionMethod>b__39(IAsyncResult asyncResult, ActionInvocation innerInvokeState)
   at System.Web.Mvc.Async.AsyncResultWrapper.WrappedAsyncResult`2.CallEndDelegate(IAsyncResult asyncResult)
   at System.Web.Mvc.Async.AsyncResultWrapper.WrappedAsyncResultBase`1.End()
   at System.Web.Mvc.Async.AsyncResultWrapper.End[TResult](IAsyncResult asyncResult, Object tag)
   at System.Web.Mvc.Async.AsyncControllerActionInvoker.EndInvokeActionMethod(IAsyncResult asyncResult)
   at System.Web.Mvc.Async.AsyncControllerActionInvoker.AsyncInvocationWithFilters.<InvokeActionMethodFilterAsynchronouslyRecursive>b__3d()
   at System.Web.Mvc.Async.AsyncControllerActionInvoker.AsyncInvocationWithFilters.<>c__DisplayClass46.<InvokeActionMethodFilterAsynchronouslyRecursive>b__3f()
   at System.Web.Mvc.Async.AsyncControllerActionInvoker.<>c__DisplayClass33.<BeginInvokeActionMethodWithFilters>b__32(IAsyncResult asyncResult)
   at System.Web.Mvc.Async.AsyncResultWrapper.WrappedAsyncResult`1.CallEndDelegate(IAsyncResult asyncResult)
   at System.Web.Mvc.Async.AsyncResultWrapper.WrappedAsyncResultBase`1.End()
   at System.Web.Mvc.Async.AsyncResultWrapper.End[TResult](IAsyncResult asyncResult, Object tag)
   at System.Web.Mvc.Async.AsyncControllerActionInvoker.EndInvokeActionMethodWithFilters(IAsyncResult asyncResult)
   at System.Web.Mvc.Async.AsyncControllerActionInvoker.<>c__DisplayClass21.<>c__DisplayClass2b.<BeginInvokeAction>b__1c()
   at System.Web.Mvc.Async.AsyncControllerActionInvoker.<>c__DisplayClass21.<BeginInvokeAction>b__1e(IAsyncResult asyncResult)
   at System.Web.Mvc.Async.AsyncResultWrapper.WrappedAsyncResult`1.CallEndDelegate(IAsyncResult asyncResult)
   at System.Web.Mvc.Async.AsyncResultWrapper.WrappedAsyncResultBase`1.End()
   at System.Web.Mvc.Async.AsyncResultWrapper.End[TResult](IAsyncResult asyncResult, Object tag)
   at System.Web.Mvc.Async.AsyncControllerActionInvoker.EndInvokeAction(IAsyncResult asyncResult)
   at System.Web.Mvc.Controller.<BeginExecuteCore>b__1d(IAsyncResult asyncResult, ExecuteCoreState innerState)
   at System.Web.Mvc.Async.AsyncResultWrapper.WrappedAsyncVoid`1.CallEndDelegate(IAsyncResult asyncResult)
   at System.Web.Mvc.Async.AsyncResultWrapper.WrappedAsyncResultBase`1.End()
   at System.Web.Mvc.Async.AsyncResultWrapper.End[TResult](IAsyncResult asyncResult, Object tag)
   at System.Web.Mvc.Async.AsyncResultWrapper.End(IAsyncResult asyncResult, Object tag)
   at System.Web.Mvc.Controller.EndExecuteCore(IAsyncResult asyncResult)
   at System.Web.Mvc.Controller.<BeginExecute>b__15(IAsyncResult asyncResult, Controller controller)
   at System.Web.Mvc.Async.AsyncResultWrapper.WrappedAsyncVoid`1.CallEndDelegate(IAsyncResult asyncResult)
   at System.Web.Mvc.Async.AsyncResultWrapper.WrappedAsyncResultBase`1.End()
   at System.Web.Mvc.Async.AsyncResultWrapper.End[TResult](IAsyncResult asyncResult, Object tag)
   at System.Web.Mvc.Async.AsyncResultWrapper.End(IAsyncResult asyncResult, Object tag)
   at System.Web.Mvc.Controller.EndExecute(IAsyncResult asyncResult)
   at System.Web.Mvc.Controller.System.Web.Mvc.Async.IAsyncController.EndExecute(IAsyncResult asyncResult)
   at System.Web.Mvc.MvcHandler.<BeginProcessRequest>b__5(IAsyncResult asyncResult, ProcessRequestState innerState)
   at System.Web.Mvc.Async.AsyncResultWrapper.WrappedAsyncVoid`1.CallEndDelegate(IAsyncResult asyncResult)
   at System.Web.Mvc.Async.AsyncResultWrapper.WrappedAsyncResultBase`1.End()
   at System.Web.Mvc.Async.AsyncResultWrapper.End[TResult](IAsyncResult asyncResult, Object tag)
   at System.Web.Mvc.Async.AsyncResultWrapper.End(IAsyncResult asyncResult, Object tag)
   at System.Web.Mvc.MvcHandler.EndProcessRequest(IAsyncResult asyncResult)
   at System.Web.Mvc.MvcHandler.System.Web.IHttpAsyncHandler.EndProcessRequest(IAsyncResult result)
   at System.Web.HttpApplication.CallHandlerExecutionStep.System.Web.HttpApplication.IExecutionStep.Execute()
   at System.Web.HttpApplication.ExecuteStepImpl(IExecutionStep step)
   at System.Web.HttpApplication.ExecuteStep(IExecutionStep step, Boolean& completedSynchronously)
2021-01-08 16:33:24,361 => INFO  NA.PMS.Common.Logger.LogService.LogInformation():24 - Executing Action: Login on Controller: Account For User : .
2021-01-08 16:33:24,580 => INFO  NA.PMS.Common.Logger.LogService.LogInformation():24 - Executed Action: Login on Controller: Account For User : .
2021-01-08 17:16:18,276 => INFO  NA.PMS.Common.Logger.LogService.LogInformation():24 - Executing Action: Login on Controller: Account For User : .
2021-01-08 17:16:18,403 => INFO  NA.PMS.Common.Logger.LogService.LogInformation():24 - Executed Action: Login on Controller: Account For User : .
2021-01-08 17:23:40,295 => ERROR NA.PMS.Common.Logger.LogService.LogError():97 - Global Exception
System.NullReferenceException: Object reference not set to an instance of an object.
   at ASP._Page_Areas_Online_Views_Shared__SchemeFormPayment_cshtml.Execute() in d:\TFSProject\NoidaAuthority\Source\NA.PMS\NA.PMS.Web\Areas\Online\Views\Shared\_SchemeFormPayment.cshtml:line 96
   at System.Web.WebPages.WebPageBase.ExecutePageHierarchy()
   at System.Web.Mvc.WebViewPage.ExecutePageHierarchy()
   at System.Web.WebPages.WebPageBase.ExecutePageHierarchy(WebPageContext pageContext, TextWriter writer, WebPageRenderingBase startPage)
   at System.Web.Mvc.RazorView.RenderView(ViewContext viewContext, TextWriter writer, Object instance)
   at System.Web.Mvc.BuildManagerCompiledView.Render(ViewContext viewContext, TextWriter writer)
   at System.Web.Mvc.HtmlHelper.RenderPartialInternal(String partialViewName, ViewDataDictionary viewData, Object model, TextWriter writer, ViewEngineCollection viewEngineCollection)
   at System.Web.Mvc.Html.RenderPartialExtensions.RenderPartial(HtmlHelper htmlHelper, String partialViewName)
   at ASP._Page_Areas_Online_Views_Housing_PreviewSchemeForm_cshtml.Execute() in d:\TFSProject\NoidaAuthority\Source\NA.PMS\NA.PMS.Web\Areas\Online\Views\Housing\PreviewSchemeForm.cshtml:line 575
   at System.Web.WebPages.WebPageBase.ExecutePageHierarchy()
   at System.Web.Mvc.WebViewPage.ExecutePageHierarchy()
   at System.Web.WebPages.WebPageBase.ExecutePageHierarchy(WebPageContext pageContext, TextWriter writer, WebPageRenderingBase startPage)
   at System.Web.Mvc.RazorView.RenderView(ViewContext viewContext, TextWriter writer, Object instance)
   at System.Web.Mvc.BuildManagerCompiledView.Render(ViewContext viewContext, TextWriter writer)
   at System.Web.Mvc.ViewResultBase.ExecuteResult(ControllerContext context)
   at System.Web.Mvc.ControllerActionInvoker.InvokeActionResult(ControllerContext controllerContext, ActionResult actionResult)
   at System.Web.Mvc.ControllerActionInvoker.InvokeActionResultFilterRecursive(IList`1 filters, Int32 filterIndex, ResultExecutingContext preContext, ControllerContext controllerContext, ActionResult actionResult)
   at System.Web.Mvc.ControllerActionInvoker.InvokeActionResultFilterRecursive(IList`1 filters, Int32 filterIndex, ResultExecutingContext preContext, ControllerContext controllerContext, ActionResult actionResult)
   at System.Web.Mvc.ControllerActionInvoker.InvokeActionResultWithFilters(ControllerContext controllerContext, IList`1 filters, ActionResult actionResult)
   at System.Web.Mvc.Async.AsyncControllerActionInvoker.<>c__DisplayClass21.<>c__DisplayClass2b.<BeginInvokeAction>b__1c()
   at System.Web.Mvc.Async.AsyncControllerActionInvoker.<>c__DisplayClass21.<BeginInvokeAction>b__1e(IAsyncResult asyncResult)
   at System.Web.Mvc.Async.AsyncResultWrapper.WrappedAsyncResult`1.CallEndDelegate(IAsyncResult asyncResult)
   at System.Web.Mvc.Async.AsyncResultWrapper.WrappedAsyncResultBase`1.End()
   at System.Web.Mvc.Async.AsyncResultWrapper.End[TResult](IAsyncResult asyncResult, Object tag)
   at System.Web.Mvc.Async.AsyncControllerActionInvoker.EndInvokeAction(IAsyncResult asyncResult)
   at System.Web.Mvc.Controller.<BeginExecuteCore>b__1d(IAsyncResult asyncResult, ExecuteCoreState innerState)
   at System.Web.Mvc.Async.AsyncResultWrapper.WrappedAsyncVoid`1.CallEndDelegate(IAsyncResult asyncResult)
   at System.Web.Mvc.Async.AsyncResultWrapper.WrappedAsyncResultBase`1.End()
   at System.Web.Mvc.Async.AsyncResultWrapper.End[TResult](IAsyncResult asyncResult, Object tag)
   at System.Web.Mvc.Async.AsyncResultWrapper.End(IAsyncResult asyncResult, Object tag)
   at System.Web.Mvc.Controller.EndExecuteCore(IAsyncResult asyncResult)
   at System.Web.Mvc.Controller.<BeginExecute>b__15(IAsyncResult asyncResult, Controller controller)
   at System.Web.Mvc.Async.AsyncResultWrapper.WrappedAsyncVoid`1.CallEndDelegate(IAsyncResult asyncResult)
   at System.Web.Mvc.Async.AsyncResultWrapper.WrappedAsyncResultBase`1.End()
   at System.Web.Mvc.Async.AsyncResultWrapper.End[TResult](IAsyncResult asyncResult, Object tag)
   at System.Web.Mvc.Async.AsyncResultWrapper.End(IAsyncResult asyncResult, Object tag)
   at System.Web.Mvc.Controller.EndExecute(IAsyncResult asyncResult)
   at System.Web.Mvc.Controller.System.Web.Mvc.Async.IAsyncController.EndExecute(IAsyncResult asyncResult)
   at System.Web.Mvc.MvcHandler.<BeginProcessRequest>b__5(IAsyncResult asyncResult, ProcessRequestState innerState)
   at System.Web.Mvc.Async.AsyncResultWrapper.WrappedAsyncVoid`1.CallEndDelegate(IAsyncResult asyncResult)
   at System.Web.Mvc.Async.AsyncResultWrapper.WrappedAsyncResultBase`1.End()
   at System.Web.Mvc.Async.AsyncResultWrapper.End[TResult](IAsyncResult asyncResult, Object tag)
   at System.Web.Mvc.Async.AsyncResultWrapper.End(IAsyncResult asyncResult, Object tag)
   at System.Web.Mvc.MvcHandler.EndProcessRequest(IAsyncResult asyncResult)
   at System.Web.Mvc.MvcHandler.System.Web.IHttpAsyncHandler.EndProcessRequest(IAsyncResult result)
   at System.Web.HttpApplication.CallHandlerExecutionStep.System.Web.HttpApplication.IExecutionStep.Execute()
   at System.Web.HttpApplication.ExecuteStepImpl(IExecutionStep step)
   at System.Web.HttpApplication.ExecuteStep(IExecutionStep step, Boolean& completedSynchronously)
2021-01-08 18:16:40,259 => INFO  NA.PMS.Common.Logger.LogService.LogInformation():24 - Executing Action: Login on Controller: Account For User : .
2021-01-08 18:16:40,459 => INFO  NA.PMS.Common.Logger.LogService.LogInformation():24 - Executed Action: Login on Controller: Account For User : .
2021-01-08 18:19:10,350 => INFO  NA.PMS.Common.Logger.LogService.LogInformation():24 - Executing Action: ValidateOnlineFormPayment on Controller: Application For User : .
2021-01-08 18:19:10,500 => INFO  NA.PMS.Common.Logger.LogService.LogInformation():24 - Executed Action: ValidateOnlineFormPayment on Controller: Application For User : .
2021-01-08 18:19:18,099 => INFO  NA.PMS.Common.Logger.LogService.LogInformation():24 - Executing Action: ValidateOnlineFormPayment on Controller: Application For User : .
2021-01-08 18:19:18,197 => INFO  NA.PMS.Common.Logger.LogService.LogInformation():24 - Executed Action: ValidateOnlineFormPayment on Controller: Application For User : .
2021-01-08 18:19:47,894 => INFO  NA.PMS.Common.Logger.LogService.LogInformation():24 - Executing Action: GetApplicantTypeList on Controller: Application For User : .
2021-01-08 18:19:47,946 => INFO  NA.PMS.Common.Logger.LogService.LogInformation():24 - Executed Action: GetApplicantTypeList on Controller: Application For User : .
2021-01-08 18:19:47,982 => INFO  NA.PMS.Common.Logger.LogService.LogInformation():24 - Executing Action: GetSectorList on Controller: Application For User : .
2021-01-08 18:19:48,066 => INFO  NA.PMS.Common.Logger.LogService.LogInformation():24 - Executed Action: GetSectorList on Controller: Application For User : .
2021-01-08 18:19:48,446 => INFO  NA.PMS.Common.Logger.LogService.LogInformation():24 - Executing Action: GetDirectorTypeList on Controller: Application For User : .
2021-01-08 18:19:48,492 => INFO  NA.PMS.Common.Logger.LogService.LogInformation():24 - Executed Action: GetDirectorTypeList on Controller: Application For User : .
2021-01-08 18:19:48,618 => INFO  NA.PMS.Common.Logger.LogService.LogInformation():24 - Executing Action: GetCompanyTypeList on Controller: Application For User : .
2021-01-08 18:19:48,672 => INFO  NA.PMS.Common.Logger.LogService.LogInformation():24 - Executed Action: GetCompanyTypeList on Controller: Application For User : .
2021-01-08 18:20:48,122 => INFO  NA.PMS.Common.Logger.LogService.LogInformation():24 - Executing Action: GetFormSubTypeList on Controller: Application For User : .
2021-01-08 18:20:48,164 => INFO  NA.PMS.Common.Logger.LogService.LogInformation():24 - Executed Action: GetFormSubTypeList on Controller: Application For User : .
2021-01-08 18:20:48,205 => INFO  NA.PMS.Common.Logger.LogService.LogInformation():24 - Executing Action: GetFormSubTypeList on Controller: Application For User : .
2021-01-08 18:20:48,242 => INFO  NA.PMS.Common.Logger.LogService.LogInformation():24 - Executed Action: GetFormSubTypeList on Controller: Application For User : .
2021-01-08 18:35:48,763 => INFO  NA.PMS.Common.Logger.LogService.LogInformation():24 - Executing Action: GetApplicantTypeList on Controller: Application For User : .
2021-01-08 18:35:48,817 => INFO  NA.PMS.Common.Logger.LogService.LogInformation():24 - Executed Action: GetApplicantTypeList on Controller: Application For User : .
2021-01-08 18:35:48,979 => INFO  NA.PMS.Common.Logger.LogService.LogInformation():24 - Executing Action: GetCompanyTypeList on Controller: Application For User : .
2021-01-08 18:35:49,047 => INFO  NA.PMS.Common.Logger.LogService.LogInformation():24 - Executed Action: GetCompanyTypeList on Controller: Application For User : .
2021-01-08 18:35:49,324 => INFO  NA.PMS.Common.Logger.LogService.LogInformation():24 - Executing Action: GetDirectorTypeList on Controller: Application For User : .
2021-01-08 18:35:49,367 => INFO  NA.PMS.Common.Logger.LogService.LogInformation():24 - Executed Action: GetDirectorTypeList on Controller: Application For User : .
2021-01-08 18:36:22,486 => INFO  NA.PMS.Common.Logger.LogService.LogInformation():24 - Executing Action: GetApplicantTypeList on Controller: Application For User : .
2021-01-08 18:36:22,532 => INFO  NA.PMS.Common.Logger.LogService.LogInformation():24 - Executed Action: GetApplicantTypeList on Controller: Application For User : .
2021-01-08 18:36:22,678 => INFO  NA.PMS.Common.Logger.LogService.LogInformation():24 - Executing Action: GetCompanyTypeList on Controller: Application For User : .
2021-01-08 18:36:22,734 => INFO  NA.PMS.Common.Logger.LogService.LogInformation():24 - Executed Action: GetCompanyTypeList on Controller: Application For User : .
2021-01-08 18:36:23,036 => INFO  NA.PMS.Common.Logger.LogService.LogInformation():24 - Executing Action: GetDirectorTypeList on Controller: Application For User : .
2021-01-08 18:36:23,087 => INFO  NA.PMS.Common.Logger.LogService.LogInformation():24 - Executed Action: GetDirectorTypeList on Controller: Application For User : .
2021-01-08 18:37:54,083 => INFO  NA.PMS.Common.Logger.LogService.LogInformation():24 - Executing Action: GetApplicantTypeList on Controller: Application For User : .
2021-01-08 18:37:54,125 => INFO  NA.PMS.Common.Logger.LogService.LogInformation():24 - Executed Action: GetApplicantTypeList on Controller: Application For User : .
2021-01-08 18:37:54,179 => INFO  NA.PMS.Common.Logger.LogService.LogInformation():24 - Executing Action: GetDirectorTypeList on Controller: Application For User : .
2021-01-08 18:37:54,227 => INFO  NA.PMS.Common.Logger.LogService.LogInformation():24 - Executed Action: GetDirectorTypeList on Controller: Application For User : .
2021-01-08 18:37:54,681 => INFO  NA.PMS.Common.Logger.LogService.LogInformation():24 - Executing Action: GetCompanyTypeList on Controller: Application For User : .
2021-01-08 18:37:54,731 => INFO  NA.PMS.Common.Logger.LogService.LogInformation():24 - Executed Action: GetCompanyTypeList on Controller: Application For User : .
2021-01-08 18:38:19,619 => INFO  NA.PMS.Common.Logger.LogService.LogInformation():24 - Executing Action: GetFormSubTypeList on Controller: Application For User : .
2021-01-08 18:38:19,660 => INFO  NA.PMS.Common.Logger.LogService.LogInformation():24 - Executed Action: GetFormSubTypeList on Controller: Application For User : .
2021-01-08 18:54:14,490 => INFO  NA.PMS.Common.Logger.LogService.LogInformation():24 - Executing Action: GetApplicantTypeList on Controller: Application For User : .
2021-01-08 18:54:14,535 => INFO  NA.PMS.Common.Logger.LogService.LogInformation():24 - Executed Action: GetApplicantTypeList on Controller: Application For User : .
2021-01-08 18:54:14,662 => INFO  NA.PMS.Common.Logger.LogService.LogInformation():24 - Executing Action: GetCompanyTypeList on Controller: Application For User : .
2021-01-08 18:54:14,745 => INFO  NA.PMS.Common.Logger.LogService.LogInformation():24 - Executed Action: GetCompanyTypeList on Controller: Application For User : .
2021-01-08 18:54:15,046 => INFO  NA.PMS.Common.Logger.LogService.LogInformation():24 - Executing Action: GetDirectorTypeList on Controller: Application For User : .
2021-01-08 18:54:15,083 => INFO  NA.PMS.Common.Logger.LogService.LogInformation():24 - Executed Action: GetDirectorTypeList on Controller: Application For User : .
2021-01-08 18:54:29,559 => INFO  NA.PMS.Common.Logger.LogService.LogInformation():24 - Executing Action: GetApplicationFeeAndCharges on Controller: Application For User : .
2021-01-08 18:54:29,690 => INFO  NA.PMS.Common.Logger.LogService.LogInformation():24 - Executed Action: GetApplicationFeeAndCharges on Controller: Application For User : .
2021-01-08 18:54:32,600 => INFO  NA.PMS.Common.Logger.LogService.LogInformation():24 - Executing Action: ValidatePANnumber on Controller: Application For User : .
2021-01-08 18:54:32,655 => INFO  NA.PMS.Common.Logger.LogService.LogInformation():24 - Executed Action: ValidatePANnumber on Controller: Application For User : .
2021-01-08 19:16:28,030 => INFO  NA.PMS.Common.Logger.LogService.LogInformation():24 - Executing Action: Login on Controller: Account For User : .
2021-01-08 19:16:28,179 => INFO  NA.PMS.Common.Logger.LogService.LogInformation():24 - Executed Action: Login on Controller: Account For User : .
2021-01-08 19:17:19,528 => INFO  NA.PMS.Common.Logger.LogService.LogInformation():24 - Executing Action: GetApplicantTypeList on Controller: Application For User : .
2021-01-08 19:17:19,611 => INFO  NA.PMS.Common.Logger.LogService.LogInformation():24 - Executed Action: GetApplicantTypeList on Controller: Application For User : .
2021-01-08 19:17:19,867 => INFO  NA.PMS.Common.Logger.LogService.LogInformation():24 - Executing Action: GetCompanyTypeList on Controller: Application For User : .
2021-01-08 19:17:19,934 => INFO  NA.PMS.Common.Logger.LogService.LogInformation():24 - Executed Action: GetCompanyTypeList on Controller: Application For User : .
2021-01-08 19:17:20,067 => INFO  NA.PMS.Common.Logger.LogService.LogInformation():24 - Executing Action: GetDirectorTypeList on Controller: Application For User : .
2021-01-08 19:17:20,111 => INFO  NA.PMS.Common.Logger.LogService.LogInformation():24 - Executed Action: GetDirectorTypeList on Controller: Application For User : .
2021-01-08 19:17:26,272 => INFO  NA.PMS.Common.Logger.LogService.LogInformation():24 - Executing Action: GetApplicationFeeAndCharges on Controller: Application For User : .
2021-01-08 19:17:26,421 => INFO  NA.PMS.Common.Logger.LogService.LogInformation():24 - Executed Action: GetApplicationFeeAndCharges on Controller: Application For User : .
2021-01-08 19:20:34,030 => INFO  NA.PMS.Common.Logger.LogService.LogInformation():24 - Executing Action: GetApplicantTypeList on Controller: Application For User : .
2021-01-08 19:20:34,077 => INFO  NA.PMS.Common.Logger.LogService.LogInformation():24 - Executed Action: GetApplicantTypeList on Controller: Application For User : .
2021-01-08 19:20:34,206 => INFO  NA.PMS.Common.Logger.LogService.LogInformation():24 - Executing Action: GetCompanyTypeList on Controller: Application For User : .
2021-01-08 19:20:34,276 => INFO  NA.PMS.Common.Logger.LogService.LogInformation():24 - Executed Action: GetCompanyTypeList on Controller: Application For User : .
2021-01-08 19:20:34,576 => INFO  NA.PMS.Common.Logger.LogService.LogInformation():24 - Executing Action: GetDirectorTypeList on Controller: Application For User : .
2021-01-08 19:20:34,614 => INFO  NA.PMS.Common.Logger.LogService.LogInformation():24 - Executed Action: GetDirectorTypeList on Controller: Application For User : .
2021-01-08 19:21:30,194 => INFO  NA.PMS.Common.Logger.LogService.LogInformation():24 - Executing Action: GetApplicantTypeList on Controller: Application For User : .
2021-01-08 19:21:30,312 => INFO  NA.PMS.Common.Logger.LogService.LogInformation():24 - Executed Action: GetApplicantTypeList on Controller: Application For User : .
2021-01-08 19:21:30,366 => INFO  NA.PMS.Common.Logger.LogService.LogInformation():24 - Executing Action: GetCompanyTypeList on Controller: Application For User : .
2021-01-08 19:21:30,410 => INFO  NA.PMS.Common.Logger.LogService.LogInformation():24 - Executed Action: GetCompanyTypeList on Controller: Application For User : .
2021-01-08 19:21:31,268 => INFO  NA.PMS.Common.Logger.LogService.LogInformation():24 - Executing Action: GetDirectorTypeList on Controller: Application For User : .
2021-01-08 19:21:31,322 => INFO  NA.PMS.Common.Logger.LogService.LogInformation():24 - Executed Action: GetDirectorTypeList on Controller: Application For User : .
2021-01-08 19:25:34,485 => INFO  NA.PMS.Common.Logger.LogService.LogInformation():24 - Executing Action: GetApplicationFeeAndCharges on Controller: Application For User : .
2021-01-08 19:25:34,555 => INFO  NA.PMS.Common.Logger.LogService.LogInformation():24 - Executed Action: GetApplicationFeeAndCharges on Controller: Application For User : .
2021-01-08 19:29:00,162 => INFO  NA.PMS.Common.Logger.LogService.LogInformation():24 - Executing Action: GetApplicantTypeList on Controller: Application For User : .
2021-01-08 19:29:00,226 => INFO  NA.PMS.Common.Logger.LogService.LogInformation():24 - Executed Action: GetApplicantTypeList on Controller: Application For User : .
2021-01-08 19:29:00,438 => INFO  NA.PMS.Common.Logger.LogService.LogInformation():24 - Executing Action: GetCompanyTypeList on Controller: Application For User : .
2021-01-08 19:29:00,489 => INFO  NA.PMS.Common.Logger.LogService.LogInformation():24 - Executed Action: GetCompanyTypeList on Controller: Application For User : .
2021-01-08 19:29:00,746 => INFO  NA.PMS.Common.Logger.LogService.LogInformation():24 - Executing Action: GetDirectorTypeList on Controller: Application For User : .
2021-01-08 19:29:00,788 => INFO  NA.PMS.Common.Logger.LogService.LogInformation():24 - Executed Action: GetDirectorTypeList on Controller: Application For User : .
2021-01-08 19:29:01,258 => INFO  NA.PMS.Common.Logger.LogService.LogInformation():24 - Executing Action: GetBankListforOnline on Controller: Application For User : .
2021-01-08 19:29:01,303 => INFO  NA.PMS.Common.Logger.LogService.LogInformation():24 - Executed Action: GetBankListforOnline on Controller: Application For User : .
2021-01-08 19:31:10,233 => INFO  NA.PMS.Common.Logger.LogService.LogInformation():24 - Executing Action: GetApplicantTypeList on Controller: Application For User : .
2021-01-08 19:31:10,283 => INFO  NA.PMS.Common.Logger.LogService.LogInformation():24 - Executed Action: GetApplicantTypeList on Controller: Application For User : .
2021-01-08 19:31:10,415 => INFO  NA.PMS.Common.Logger.LogService.LogInformation():24 - Executing Action: GetCompanyTypeList on Controller: Application For User : .
2021-01-08 19:31:10,456 => INFO  NA.PMS.Common.Logger.LogService.LogInformation():24 - Executed Action: GetCompanyTypeList on Controller: Application For User : .
2021-01-08 19:31:10,796 => INFO  NA.PMS.Common.Logger.LogService.LogInformation():24 - Executing Action: GetDirectorTypeList on Controller: Application For User : .
2021-01-08 19:31:10,833 => INFO  NA.PMS.Common.Logger.LogService.LogInformation():24 - Executed Action: GetDirectorTypeList on Controller: Application For User : .
2021-01-08 19:31:11,308 => INFO  NA.PMS.Common.Logger.LogService.LogInformation():24 - Executing Action: GetBankListforOnline on Controller: Application For User : .
2021-01-08 19:31:11,353 => INFO  NA.PMS.Common.Logger.LogService.LogInformation():24 - Executed Action: GetBankListforOnline on Controller: Application For User : .
2021-01-08 19:34:11,133 => INFO  NA.PMS.Common.Logger.LogService.LogInformation():24 - Executing Action: GetApplicantTypeList on Controller: Application For User : .
2021-01-08 19:34:11,176 => INFO  NA.PMS.Common.Logger.LogService.LogInformation():24 - Executed Action: GetApplicantTypeList on Controller: Application For User : .
2021-01-08 19:34:11,230 => INFO  NA.PMS.Common.Logger.LogService.LogInformation():24 - Executing Action: GetCompanyTypeList on Controller: Application For User : .
2021-01-08 19:34:11,283 => INFO  NA.PMS.Common.Logger.LogService.LogInformation():24 - Executed Action: GetCompanyTypeList on Controller: Application For User : .
2021-01-08 19:34:11,681 => INFO  NA.PMS.Common.Logger.LogService.LogInformation():24 - Executing Action: GetDirectorTypeList on Controller: Application For User : .
2021-01-08 19:34:11,727 => INFO  NA.PMS.Common.Logger.LogService.LogInformation():24 - Executed Action: GetDirectorTypeList on Controller: Application For User : .
2021-01-08 19:34:12,198 => INFO  NA.PMS.Common.Logger.LogService.LogInformation():24 - Executing Action: GetBankListforOnline on Controller: Application For User : .
2021-01-08 19:34:12,250 => INFO  NA.PMS.Common.Logger.LogService.LogInformation():24 - Executed Action: GetBankListforOnline on Controller: Application For User : .
2021-01-08 19:35:08,771 => INFO  NA.PMS.Common.Logger.LogService.LogInformation():24 - Executing Action: GetApplicantTypeList on Controller: Application For User : .
2021-01-08 19:35:08,834 => INFO  NA.PMS.Common.Logger.LogService.LogInformation():24 - Executed Action: GetApplicantTypeList on Controller: Application For User : .
2021-01-08 19:35:08,931 => INFO  NA.PMS.Common.Logger.LogService.LogInformation():24 - Executing Action: GetCompanyTypeList on Controller: Application For User : .
2021-01-08 19:35:08,975 => INFO  NA.PMS.Common.Logger.LogService.LogInformation():24 - Executed Action: GetCompanyTypeList on Controller: Application For User : .
2021-01-08 19:35:09,836 => INFO  NA.PMS.Common.Logger.LogService.LogInformation():24 - Executing Action: GetBankListforOnline on Controller: Application For User : .
2021-01-08 19:35:09,888 => INFO  NA.PMS.Common.Logger.LogService.LogInformation():24 - Executed Action: GetBankListforOnline on Controller: Application For User : .
2021-01-08 19:35:10,351 => INFO  NA.PMS.Common.Logger.LogService.LogInformation():24 - Executing Action: GetDirectorTypeList on Controller: Application For User : .
2021-01-08 19:35:10,400 => INFO  NA.PMS.Common.Logger.LogService.LogInformation():24 - Executed Action: GetDirectorTypeList on Controller: Application For User : .
2021-01-08 19:36:09,409 => INFO  NA.PMS.Common.Logger.LogService.LogInformation():24 - Executing Action: GetApplicantTypeList on Controller: Application For User : .
2021-01-08 19:36:09,450 => INFO  NA.PMS.Common.Logger.LogService.LogInformation():24 - Executed Action: GetApplicantTypeList on Controller: Application For User : .
2021-01-08 19:36:09,491 => INFO  NA.PMS.Common.Logger.LogService.LogInformation():24 - Executing Action: GetBankListforOnline on Controller: Application For User : .
2021-01-08 19:36:09,541 => INFO  NA.PMS.Common.Logger.LogService.LogInformation():24 - Executed Action: GetBankListforOnline on Controller: Application For User : .
2021-01-08 19:36:09,614 => INFO  NA.PMS.Common.Logger.LogService.LogInformation():24 - Executing Action: GetCompanyTypeList on Controller: Application For User : .
2021-01-08 19:36:09,658 => INFO  NA.PMS.Common.Logger.LogService.LogInformation():24 - Executed Action: GetCompanyTypeList on Controller: Application For User : .
2021-01-08 19:36:09,959 => INFO  NA.PMS.Common.Logger.LogService.LogInformation():24 - Executing Action: GetDirectorTypeList on Controller: Application For User : .
2021-01-08 19:36:09,995 => INFO  NA.PMS.Common.Logger.LogService.LogInformation():24 - Executed Action: GetDirectorTypeList on Controller: Application For User : .
2021-01-08 19:39:56,673 => INFO  NA.PMS.Common.Logger.LogService.LogInformation():24 - Executing Action: GetApplicantTypeList on Controller: Application For User : .
2021-01-08 19:39:56,713 => INFO  NA.PMS.Common.Logger.LogService.LogInformation():24 - Executed Action: GetApplicantTypeList on Controller: Application For User : .
2021-01-08 19:39:56,746 => INFO  NA.PMS.Common.Logger.LogService.LogInformation():24 - Executing Action: GetBankListforOnline on Controller: Application For User : .
2021-01-08 19:39:56,819 => INFO  NA.PMS.Common.Logger.LogService.LogInformation():24 - Executed Action: GetBankListforOnline on Controller: Application For User : .
2021-01-08 19:39:56,923 => INFO  NA.PMS.Common.Logger.LogService.LogInformation():24 - Executing Action: GetCompanyTypeList on Controller: Application For User : .
2021-01-08 19:39:56,973 => INFO  NA.PMS.Common.Logger.LogService.LogInformation():24 - Executed Action: GetCompanyTypeList on Controller: Application For User : .
2021-01-08 19:39:57,226 => INFO  NA.PMS.Common.Logger.LogService.LogInformation():24 - Executing Action: GetDirectorTypeList on Controller: Application For User : .
2021-01-08 19:39:57,265 => INFO  NA.PMS.Common.Logger.LogService.LogInformation():24 - Executed Action: GetDirectorTypeList on Controller: Application For User : .
2021-01-08 19:40:32,599 => INFO  NA.PMS.Common.Logger.LogService.LogInformation():24 - Executing Action: GetApplicantTypeList on Controller: Application For User : .
2021-01-08 19:40:32,648 => INFO  NA.PMS.Common.Logger.LogService.LogInformation():24 - Executed Action: GetApplicantTypeList on Controller: Application For User : .
2021-01-08 19:40:32,715 => INFO  NA.PMS.Common.Logger.LogService.LogInformation():24 - Executing Action: GetDirectorTypeList on Controller: Application For User : .
2021-01-08 19:40:32,781 => INFO  NA.PMS.Common.Logger.LogService.LogInformation():24 - Executed Action: GetDirectorTypeList on Controller: Application For User : .
2021-01-08 19:40:32,854 => INFO  NA.PMS.Common.Logger.LogService.LogInformation():24 - Executing Action: GetCompanyTypeList on Controller: Application For User : .
2021-01-08 19:40:32,939 => INFO  NA.PMS.Common.Logger.LogService.LogInformation():24 - Executed Action: GetCompanyTypeList on Controller: Application For User : .
2021-01-08 19:40:33,245 => INFO  NA.PMS.Common.Logger.LogService.LogInformation():24 - Executing Action: GetBankListforOnline on Controller: Application For User : .
2021-01-08 19:40:33,282 => INFO  NA.PMS.Common.Logger.LogService.LogInformation():24 - Executed Action: GetBankListforOnline on Controller: Application For User : .
2021-01-08 19:42:31,574 => INFO  NA.PMS.Common.Logger.LogService.LogInformation():24 - Executing Action: GetApplicantTypeList on Controller: Application For User : .
2021-01-08 19:42:31,641 => INFO  NA.PMS.Common.Logger.LogService.LogInformation():24 - Executed Action: GetApplicantTypeList on Controller: Application For User : .
2021-01-08 19:42:31,715 => INFO  NA.PMS.Common.Logger.LogService.LogInformation():24 - Executing Action: GetCompanyTypeList on Controller: Application For User : .
2021-01-08 19:42:31,759 => INFO  NA.PMS.Common.Logger.LogService.LogInformation():24 - Executed Action: GetCompanyTypeList on Controller: Application For User : .
2021-01-08 19:42:32,075 => INFO  NA.PMS.Common.Logger.LogService.LogInformation():24 - Executing Action: GetBankListforOnline on Controller: Application For User : .
2021-01-08 19:42:32,117 => INFO  NA.PMS.Common.Logger.LogService.LogInformation():24 - Executed Action: GetBankListforOnline on Controller: Application For User : .
2021-01-08 19:42:32,610 => INFO  NA.PMS.Common.Logger.LogService.LogInformation():24 - Executing Action: GetDirectorTypeList on Controller: Application For User : .
2021-01-08 19:42:32,659 => INFO  NA.PMS.Common.Logger.LogService.LogInformation():24 - Executed Action: GetDirectorTypeList on Controller: Application For User : .
2021-01-08 19:43:43,971 => INFO  NA.PMS.Common.Logger.LogService.LogInformation():24 - Executing Action: GetApplicantTypeList on Controller: Application For User : .
2021-01-08 19:43:44,046 => INFO  NA.PMS.Common.Logger.LogService.LogInformation():24 - Executed Action: GetApplicantTypeList on Controller: Application For User : .
2021-01-08 19:43:44,076 => INFO  NA.PMS.Common.Logger.LogService.LogInformation():24 - Executing Action: GetDirectorTypeList on Controller: Application For User : .
2021-01-08 19:43:44,130 => INFO  NA.PMS.Common.Logger.LogService.LogInformation():24 - Executed Action: GetDirectorTypeList on Controller: Application For User : .
2021-01-08 19:43:44,601 => INFO  NA.PMS.Common.Logger.LogService.LogInformation():24 - Executing Action: GetBankListforOnline on Controller: Application For User : .
2021-01-08 19:43:44,642 => INFO  NA.PMS.Common.Logger.LogService.LogInformation():24 - Executed Action: GetBankListforOnline on Controller: Application For User : .
2021-01-08 19:43:44,682 => INFO  NA.PMS.Common.Logger.LogService.LogInformation():24 - Executing Action: GetCompanyTypeList on Controller: Application For User : .
2021-01-08 19:43:44,725 => INFO  NA.PMS.Common.Logger.LogService.LogInformation():24 - Executed Action: GetCompanyTypeList on Controller: Application For User : .
2021-01-08 19:44:52,462 => INFO  NA.PMS.Common.Logger.LogService.LogInformation():24 - Executing Action: GetApplicantTypeList on Controller: Application For User : .
2021-01-08 19:44:52,509 => INFO  NA.PMS.Common.Logger.LogService.LogInformation():24 - Executed Action: GetApplicantTypeList on Controller: Application For User : .
2021-01-08 19:44:52,643 => INFO  NA.PMS.Common.Logger.LogService.LogInformation():24 - Executing Action: GetCompanyTypeList on Controller: Application For User : .
2021-01-08 19:44:52,695 => INFO  NA.PMS.Common.Logger.LogService.LogInformation():24 - Executed Action: GetCompanyTypeList on Controller: Application For User : .
2021-01-08 19:44:53,018 => INFO  NA.PMS.Common.Logger.LogService.LogInformation():24 - Executing Action: GetDirectorTypeList on Controller: Application For User : .
2021-01-08 19:44:53,056 => INFO  NA.PMS.Common.Logger.LogService.LogInformation():24 - Executed Action: GetDirectorTypeList on Controller: Application For User : .
2021-01-08 19:44:53,543 => INFO  NA.PMS.Common.Logger.LogService.LogInformation():24 - Executing Action: GetBankListforOnline on Controller: Application For User : .
2021-01-08 19:44:53,594 => INFO  NA.PMS.Common.Logger.LogService.LogInformation():24 - Executed Action: GetBankListforOnline on Controller: Application For User : .
2021-01-08 19:48:51,185 => INFO  NA.PMS.Common.Logger.LogService.LogInformation():24 - Executing Action: GetApplicantTypeList on Controller: Application For User : .
2021-01-08 19:48:51,281 => INFO  NA.PMS.Common.Logger.LogService.LogInformation():24 - Executed Action: GetApplicantTypeList on Controller: Application For User : .
2021-01-08 19:48:51,361 => INFO  NA.PMS.Common.Logger.LogService.LogInformation():24 - Executing Action: GetCompanyTypeList on Controller: Application For User : .
2021-01-08 19:48:51,412 => INFO  NA.PMS.Common.Logger.LogService.LogInformation():24 - Executed Action: GetCompanyTypeList on Controller: Application For User : .
2021-01-08 19:48:51,747 => INFO  NA.PMS.Common.Logger.LogService.LogInformation():24 - Executing Action: GetDirectorTypeList on Controller: Application For User : .
2021-01-08 19:48:51,786 => INFO  NA.PMS.Common.Logger.LogService.LogInformation():24 - Executed Action: GetDirectorTypeList on Controller: Application For User : .
2021-01-08 19:48:52,274 => INFO  NA.PMS.Common.Logger.LogService.LogInformation():24 - Executing Action: GetBankListforOnline on Controller: Application For User : .
2021-01-08 19:48:52,321 => INFO  NA.PMS.Common.Logger.LogService.LogInformation():24 - Executed Action: GetBankListforOnline on Controller: Application For User : .
2021-01-08 19:51:34,186 => INFO  NA.PMS.Common.Logger.LogService.LogInformation():24 - Executing Action: GetApplicantTypeList on Controller: Application For User : .
2021-01-08 19:51:34,270 => INFO  NA.PMS.Common.Logger.LogService.LogInformation():24 - Executed Action: GetApplicantTypeList on Controller: Application For User : .
2021-01-08 19:51:34,367 => INFO  NA.PMS.Common.Logger.LogService.LogInformation():24 - Executing Action: GetCompanyTypeList on Controller: Application For User : .
2021-01-08 19:51:34,413 => INFO  NA.PMS.Common.Logger.LogService.LogInformation():24 - Executed Action: GetCompanyTypeList on Controller: Application For User : .
2021-01-08 19:51:34,760 => INFO  NA.PMS.Common.Logger.LogService.LogInformation():24 - Executing Action: GetDirectorTypeList on Controller: Application For User : .
2021-01-08 19:51:34,796 => INFO  NA.PMS.Common.Logger.LogService.LogInformation():24 - Executed Action: GetDirectorTypeList on Controller: Application For User : .
2021-01-08 19:51:35,276 => INFO  NA.PMS.Common.Logger.LogService.LogInformation():24 - Executing Action: GetBankListforOnline on Controller: Application For User : .
2021-01-08 19:51:35,320 => INFO  NA.PMS.Common.Logger.LogService.LogInformation():24 - Executed Action: GetBankListforOnline on Controller: Application For User : .
2021-01-08 19:52:07,215 => INFO  NA.PMS.Common.Logger.LogService.LogInformation():24 - Executing Action: GetApplicantTypeList on Controller: Application For User : .
2021-01-08 19:52:07,303 => INFO  NA.PMS.Common.Logger.LogService.LogInformation():24 - Executed Action: GetApplicantTypeList on Controller: Application For User : .
2021-01-08 19:52:07,380 => INFO  NA.PMS.Common.Logger.LogService.LogInformation():24 - Executing Action: GetCompanyTypeList on Controller: Application For User : .
2021-01-08 19:52:07,425 => INFO  NA.PMS.Common.Logger.LogService.LogInformation():24 - Executed Action: GetCompanyTypeList on Controller: Application For User : .
2021-01-08 19:52:07,765 => INFO  NA.PMS.Common.Logger.LogService.LogInformation():24 - Executing Action: GetBankListforOnline on Controller: Application For User : .
2021-01-08 19:52:07,811 => INFO  NA.PMS.Common.Logger.LogService.LogInformation():24 - Executed Action: GetBankListforOnline on Controller: Application For User : .
2021-01-08 19:52:08,282 => INFO  NA.PMS.Common.Logger.LogService.LogInformation():24 - Executing Action: GetDirectorTypeList on Controller: Application For User : .
2021-01-08 19:52:08,331 => INFO  NA.PMS.Common.Logger.LogService.LogInformation():24 - Executed Action: GetDirectorTypeList on Controller: Application For User : .
2021-01-08 19:52:40,097 => INFO  NA.PMS.Common.Logger.LogService.LogInformation():24 - Executing Action: GetApplicantTypeList on Controller: Application For User : .
2021-01-08 19:52:40,205 => INFO  NA.PMS.Common.Logger.LogService.LogInformation():24 - Executed Action: GetApplicantTypeList on Controller: Application For User : .
2021-01-08 19:52:40,310 => INFO  NA.PMS.Common.Logger.LogService.LogInformation():24 - Executing Action: GetCompanyTypeList on Controller: Application For User : .
2021-01-08 19:52:40,354 => INFO  NA.PMS.Common.Logger.LogService.LogInformation():24 - Executed Action: GetCompanyTypeList on Controller: Application For User : .
2021-01-08 19:52:40,598 => INFO  NA.PMS.Common.Logger.LogService.LogInformation():24 - Executing Action: GetDirectorTypeList on Controller: Application For User : .
2021-01-08 19:52:40,633 => INFO  NA.PMS.Common.Logger.LogService.LogInformation():24 - Executed Action: GetDirectorTypeList on Controller: Application For User : .
2021-01-08 19:52:40,678 => INFO  NA.PMS.Common.Logger.LogService.LogInformation():24 - Executing Action: GetBankListforOnline on Controller: Application For User : .
2021-01-08 19:52:40,714 => INFO  NA.PMS.Common.Logger.LogService.LogInformation():24 - Executed Action: GetBankListforOnline on Controller: Application For User : .
2021-01-08 19:55:18,037 => INFO  NA.PMS.Common.Logger.LogService.LogInformation():24 - Executing Action: GetDirectorTypeList on Controller: Application For User : .
2021-01-08 19:55:18,037 => INFO  NA.PMS.Common.Logger.LogService.LogInformation():24 - Executing Action: GetApplicantTypeList on Controller: Application For User : .
2021-01-08 19:55:18,037 => INFO  NA.PMS.Common.Logger.LogService.LogInformation():24 - Executing Action: GetBankListforOnline on Controller: Application For User : .
2021-01-08 19:55:22,538 => INFO  NA.PMS.Common.Logger.LogService.LogInformation():24 - Executed Action: GetApplicantTypeList on Controller: Application For User : .
2021-01-08 19:55:22,538 => INFO  NA.PMS.Common.Logger.LogService.LogInformation():24 - Executed Action: GetDirectorTypeList on Controller: Application For User : .
2021-01-08 19:55:22,538 => INFO  NA.PMS.Common.Logger.LogService.LogInformation():24 - Executed Action: GetBankListforOnline on Controller: Application For User : .
2021-01-08 19:55:22,702 => INFO  NA.PMS.Common.Logger.LogService.LogInformation():24 - Executing Action: GetCompanyTypeList on Controller: Application For User : .
2021-01-08 19:55:22,768 => INFO  NA.PMS.Common.Logger.LogService.LogInformation():24 - Executed Action: GetCompanyTypeList on Controller: Application For User : .
2021-01-08 19:56:45,177 => INFO  NA.PMS.Common.Logger.LogService.LogInformation():24 - Executing Action: GetApplicationFeeAndCharges on Controller: Application For User : .
2021-01-08 19:56:45,395 => INFO  NA.PMS.Common.Logger.LogService.LogInformation():24 - Executed Action: GetApplicationFeeAndCharges on Controller: Application For User : .
2021-01-08 19:57:14,369 => INFO  NA.PMS.Common.Logger.LogService.LogInformation():24 - Executing Action: ValidatePANnumber on Controller: Application For User : .
2021-01-08 19:57:14,550 => INFO  NA.PMS.Common.Logger.LogService.LogInformation():24 - Executed Action: ValidatePANnumber on Controller: Application For User : .
2021-01-08 19:57:18,245 => INFO  NA.PMS.Common.Logger.LogService.LogInformation():24 - Executing Action: SendOTP on Controller: Application For User : .
2021-01-08 19:57:18,808 => INFO  NA.PMS.Common.Logger.LogService.LogInformation():24 - Executed Action: SendOTP on Controller: Application For User : .
2021-01-08 19:58:18,570 => INFO  NA.PMS.Common.Logger.LogService.LogInformation():24 - Executing Action: GetApplicantTypeList on Controller: Application For User : .
2021-01-08 19:58:18,613 => INFO  NA.PMS.Common.Logger.LogService.LogInformation():24 - Executed Action: GetApplicantTypeList on Controller: Application For User : .
2021-01-08 19:58:18,668 => INFO  NA.PMS.Common.Logger.LogService.LogInformation():24 - Executing Action: GetBankListforOnline on Controller: Application For User : .
2021-01-08 19:58:18,725 => INFO  NA.PMS.Common.Logger.LogService.LogInformation():24 - Executed Action: GetBankListforOnline on Controller: Application For User : .
2021-01-08 19:58:18,782 => INFO  NA.PMS.Common.Logger.LogService.LogInformation():24 - Executing Action: GetCompanyTypeList on Controller: Application For User : .
2021-01-08 19:58:18,854 => INFO  NA.PMS.Common.Logger.LogService.LogInformation():24 - Executed Action: GetCompanyTypeList on Controller: Application For User : .
2021-01-08 19:58:19,116 => INFO  NA.PMS.Common.Logger.LogService.LogInformation():24 - Executing Action: GetDirectorTypeList on Controller: Application For User : .
2021-01-08 19:58:19,152 => INFO  NA.PMS.Common.Logger.LogService.LogInformation():24 - Executed Action: GetDirectorTypeList on Controller: Application For User : .
2021-01-08 19:59:54,942 => INFO  NA.PMS.Common.Logger.LogService.LogInformation():24 - Executing Action: GetApplicantTypeList on Controller: Application For User : .
2021-01-08 19:59:54,985 => INFO  NA.PMS.Common.Logger.LogService.LogInformation():24 - Executed Action: GetApplicantTypeList on Controller: Application For User : .
2021-01-08 19:59:55,044 => INFO  NA.PMS.Common.Logger.LogService.LogInformation():24 - Executing Action: GetDirectorTypeList on Controller: Application For User : .
2021-01-08 19:59:55,092 => INFO  NA.PMS.Common.Logger.LogService.LogInformation():24 - Executed Action: GetDirectorTypeList on Controller: Application For User : .
2021-01-08 19:59:55,181 => INFO  NA.PMS.Common.Logger.LogService.LogInformation():24 - Executing Action: GetCompanyTypeList on Controller: Application For User : .
2021-01-08 19:59:55,229 => INFO  NA.PMS.Common.Logger.LogService.LogInformation():24 - Executed Action: GetCompanyTypeList on Controller: Application For User : .
2021-01-08 19:59:55,563 => INFO  NA.PMS.Common.Logger.LogService.LogInformation():24 - Executing Action: GetBankListforOnline on Controller: Application For User : .
2021-01-08 19:59:55,601 => INFO  NA.PMS.Common.Logger.LogService.LogInformation():24 - Executed Action: GetBankListforOnline on Controller: Application For User : .
2021-01-08 20:00:50,591 => INFO  NA.PMS.Common.Logger.LogService.LogInformation():24 - Executing Action: GetApplicantTypeList on Controller: Application For User : .
2021-01-08 20:00:50,628 => INFO  NA.PMS.Common.Logger.LogService.LogInformation():24 - Executed Action: GetApplicantTypeList on Controller: Application For User : .
2021-01-08 20:00:50,672 => INFO  NA.PMS.Common.Logger.LogService.LogInformation():24 - Executing Action: GetBankListforOnline on Controller: Application For User : .
2021-01-08 20:00:50,716 => INFO  NA.PMS.Common.Logger.LogService.LogInformation():24 - Executed Action: GetBankListforOnline on Controller: Application For User : .
2021-01-08 20:00:50,843 => INFO  NA.PMS.Common.Logger.LogService.LogInformation():24 - Executing Action: GetCompanyTypeList on Controller: Application For User : .
2021-01-08 20:00:50,916 => INFO  NA.PMS.Common.Logger.LogService.LogInformation():24 - Executed Action: GetCompanyTypeList on Controller: Application For User : .
2021-01-08 20:00:51,280 => INFO  NA.PMS.Common.Logger.LogService.LogInformation():24 - Executing Action: GetDirectorTypeList on Controller: Application For User : .
2021-01-08 20:00:51,317 => INFO  NA.PMS.Common.Logger.LogService.LogInformation():24 - Executed Action: GetDirectorTypeList on Controller: Application For User : .
2021-01-08 20:04:50,243 => INFO  NA.PMS.Common.Logger.LogService.LogInformation():24 - Executing Action: GetApplicantTypeList on Controller: Application For User : .
2021-01-08 20:04:50,291 => INFO  NA.PMS.Common.Logger.LogService.LogInformation():24 - Executed Action: GetApplicantTypeList on Controller: Application For User : .
2021-01-08 20:04:50,327 => INFO  NA.PMS.Common.Logger.LogService.LogInformation():24 - Executing Action: GetBankListforOnline on Controller: Application For User : .
2021-01-08 20:04:50,379 => INFO  NA.PMS.Common.Logger.LogService.LogInformation():24 - Executed Action: GetBankListforOnline on Controller: Application For User : .
2021-01-08 20:04:50,450 => INFO  NA.PMS.Common.Logger.LogService.LogInformation():24 - Executing Action: GetCompanyTypeList on Controller: Application For User : .
2021-01-08 20:04:50,501 => INFO  NA.PMS.Common.Logger.LogService.LogInformation():24 - Executed Action: GetCompanyTypeList on Controller: Application For User : .
2021-01-08 20:04:50,809 => INFO  NA.PMS.Common.Logger.LogService.LogInformation():24 - Executing Action: GetDirectorTypeList on Controller: Application For User : .
2021-01-08 20:04:50,850 => INFO  NA.PMS.Common.Logger.LogService.LogInformation():24 - Executed Action: GetDirectorTypeList on Controller: Application For User : .
