2021-02-20 00:00:08,349 => INFO  NA.PMS.Common.Logger.LogService.LogInformation():24 - Executing Action: Login on Controller: Account For User : .
2021-02-20 00:00:34,396 => INFO  NA.PMS.Common.Logger.LogService.LogInformation():24 - Executed Action: Login on Controller: Account For User : .
2021-02-20 00:00:34,431 => INFO  NA.PMS.Common.Logger.LogService.LogInformation():24 - Executing Action: Login on Controller: Account For User : svamadmin.
2021-02-20 00:00:34,445 => INFO  NA.PMS.Common.Logger.LogService.LogInformation():24 - Executed Action: Login on Controller: Account For User : svamadmin.
2021-02-20 00:00:40,475 => INFO  NA.PMS.Common.Logger.LogService.LogInformation():24 - Executing Action: LoginAfterVerifyOTP on Controller: Account For User : svamadmin.
2021-02-20 00:01:04,461 => INFO  NA.PMS.Common.Logger.LogService.LogInformation():24 - Executed Action: LoginAfterVerifyOTP on Controller: Account For User : svamadmin.
2021-02-20 00:01:08,080 => INFO  NA.PMS.Common.Logger.LogService.LogInformation():24 - Executing Action: Login on Controller: Account For User : svamadmin.
2021-02-20 00:01:08,105 => INFO  NA.PMS.Common.Logger.LogService.LogInformation():24 - Executed Action: Login on Controller: Account For User : svamadmin.
2021-02-20 00:01:11,698 => INFO  NA.PMS.Common.Logger.LogService.LogInformation():24 - Executing Action: GetDepartmentForAdvanceSearch on Controller: PropertyAllotment For User : svamadmin.
2021-02-20 00:01:12,221 => INFO  NA.PMS.Common.Logger.LogService.LogInformation():24 - Executed Action: GetDepartmentForAdvanceSearch on Controller: PropertyAllotment For User : svamadmin.
2021-02-20 00:04:14,551 => INFO  NA.PMS.Common.Logger.LogService.LogInformation():24 - Executing Action: Login on Controller: Account For User : svamadmin.
2021-02-20 00:04:14,771 => INFO  NA.PMS.Common.Logger.LogService.LogInformation():24 - Executed Action: Login on Controller: Account For User : svamadmin.
2021-02-20 00:04:35,719 => INFO  NA.PMS.Common.Logger.LogService.LogInformation():24 - Executing Action: Login on Controller: Account For User : svamadmin.
2021-02-20 00:04:53,001 => INFO  NA.PMS.Common.Logger.LogService.LogInformation():24 - Executed Action: Login on Controller: Account For User : svamadmin.
2021-02-20 00:04:53,151 => ERROR NA.PMS.Common.Logger.LogService.LogError():97 - Global Exception
System.Data.Entity.Core.EntityException: The underlying provider failed on Open. ---> System.Data.SqlClient.SqlException: A network-related or instance-specific error occurred while establishing a connection to SQL Server. The server was not found or was not accessible. Verify that the instance name is correct and that SQL Server is configured to allow remote connections. (provider: Named Pipes Provider, error: 40 - Could not open a connection to SQL Server) ---> System.ComponentModel.Win32Exception: The network path was not found
   --- End of inner exception stack trace ---
   at System.Data.SqlClient.SqlInternalConnectionTds..ctor(DbConnectionPoolIdentity identity, SqlConnectionString connectionOptions, SqlCredential credential, Object providerInfo, String newPassword, SecureString newSecurePassword, Boolean redirectedUserInstance, SqlConnectionString userConnectionOptions, SessionData reconnectSessionData, DbConnectionPool pool, String accessToken, Boolean applyTransientFaultHandling, SqlAuthenticationProviderManager sqlAuthProviderManager)
   at System.Data.SqlClient.SqlConnectionFactory.CreateConnection(DbConnectionOptions options, DbConnectionPoolKey poolKey, Object poolGroupProviderInfo, DbConnectionPool pool, DbConnection owningConnection, DbConnectionOptions userOptions)
   at System.Data.ProviderBase.DbConnectionFactory.CreatePooledConnection(DbConnectionPool pool, DbConnection owningObject, DbConnectionOptions options, DbConnectionPoolKey poolKey, DbConnectionOptions userOptions)
   at System.Data.ProviderBase.DbConnectionPool.CreateObject(DbConnection owningObject, DbConnectionOptions userOptions, DbConnectionInternal oldConnection)
   at System.Data.ProviderBase.DbConnectionPool.UserCreateRequest(DbConnection owningObject, DbConnectionOptions userOptions, DbConnectionInternal oldConnection)
   at System.Data.ProviderBase.DbConnectionPool.TryGetConnection(DbConnection owningObject, UInt32 waitForMultipleObjectsTimeout, Boolean allowCreate, Boolean onlyOneCheckConnection, DbConnectionOptions userOptions, DbConnectionInternal& connection)
   at System.Data.ProviderBase.DbConnectionPool.TryGetConnection(DbConnection owningObject, TaskCompletionSource`1 retry, DbConnectionOptions userOptions, DbConnectionInternal& connection)
   at System.Data.ProviderBase.DbConnectionFactory.TryGetConnection(DbConnection owningConnection, TaskCompletionSource`1 retry, DbConnectionOptions userOptions, DbConnectionInternal oldConnection, DbConnectionInternal& connection)
   at System.Data.ProviderBase.DbConnectionInternal.TryOpenConnectionInternal(DbConnection outerConnection, DbConnectionFactory connectionFactory, TaskCompletionSource`1 retry, DbConnectionOptions userOptions)
   at System.Data.ProviderBase.DbConnectionClosed.TryOpenConnection(DbConnection outerConnection, DbConnectionFactory connectionFactory, TaskCompletionSource`1 retry, DbConnectionOptions userOptions)
   at System.Data.SqlClient.SqlConnection.TryOpenInner(TaskCompletionSource`1 retry)
   at System.Data.SqlClient.SqlConnection.TryOpen(TaskCompletionSource`1 retry)
   at System.Data.SqlClient.SqlConnection.Open()
   at System.Data.Entity.Infrastructure.Interception.DbConnectionDispatcher.<Open>b__36(DbConnection t, DbConnectionInterceptionContext c)
   at System.Data.Entity.Infrastructure.Interception.InternalDispatcher`1.Dispatch[TTarget,TInterceptionContext](TTarget target, Action`2 operation, TInterceptionContext interceptionContext, Action`3 executing, Action`3 executed)
   at System.Data.Entity.Infrastructure.Interception.DbConnectionDispatcher.Open(DbConnection connection, DbInterceptionContext interceptionContext)
   at System.Data.Entity.Core.EntityClient.EntityConnection.<Open>b__2()
   at System.Data.Entity.SqlServer.DefaultSqlExecutionStrategy.<>c__DisplayClass1.<Execute>b__0()
   at System.Data.Entity.SqlServer.DefaultSqlExecutionStrategy.Execute[TResult](Func`1 operation)
   at System.Data.Entity.SqlServer.DefaultSqlExecutionStrategy.Execute(Action operation)
   at System.Data.Entity.Core.EntityClient.EntityConnection.Open()
   --- End of inner exception stack trace ---
   at System.Data.Entity.Core.EntityClient.EntityConnection.Open()
   at System.Data.Entity.Core.Objects.ObjectContext.EnsureConnection(Boolean shouldMonitorTransactions)
   at System.Data.Entity.Core.Objects.ObjectContext.ExecuteInTransaction[T](Func`1 func, IDbExecutionStrategy executionStrategy, Boolean startLocalTransaction, Boolean releaseConnectionOnSuccess)
   at System.Data.Entity.Core.Objects.ObjectQuery`1.<>c__DisplayClass7.<GetResults>b__5()
   at System.Data.Entity.SqlServer.DefaultSqlExecutionStrategy.Execute[TResult](Func`1 operation)
   at System.Data.Entity.Core.Objects.ObjectQuery`1.GetResults(Nullable`1 forMergeOption)
   at System.Data.Entity.Core.Objects.ObjectQuery`1.<System.Collections.Generic.IEnumerable<T>.GetEnumerator>b__0()
   at System.Data.Entity.Internal.LazyEnumerator`1.MoveNext()
   at System.Linq.Enumerable.FirstOrDefault[TSource](IEnumerable`1 source)
   at System.Data.Entity.Core.Objects.ELinq.ObjectQueryProvider.<GetElementFunction>b__1[TResult](IEnumerable`1 sequence)
   at System.Data.Entity.Core.Objects.ELinq.ObjectQueryProvider.ExecuteSingle[TResult](IEnumerable`1 query, Expression queryRoot)
   at System.Data.Entity.Core.Objects.ELinq.ObjectQueryProvider.System.Linq.IQueryProvider.Execute[TResult](Expression expression)
   at System.Data.Entity.Internal.Linq.DbQueryProvider.Execute[TResult](Expression expression)
   at System.Linq.Queryable.FirstOrDefault[TSource](IQueryable`1 source, Expression`1 predicate)
   at NA.PMS.Repository.LoginRepository.ValidateUser(String userName, String password) in d:\TFSProject\NoidaAuthority\Source\NA.PMS\NA.PMS.Repository\Login\LoginRepository.cs:line 54
   at NA.PMS.Service.LoginService.ValidateUser(String userName, String password) in d:\TFSProject\NoidaAuthority\Source\NA.PMS\NA.PMS.Service\Login\LoginService.cs:line 28
   at NA.PMS.Web.Controllers.Common.PMSMembershipProvider.ValidateUser(String username, String password) in d:\TFSProject\NoidaAuthority\Source\NA.PMS\NA.PMS.Web\Controllers\Common\PMSMembershipProvider.cs:line 167
   at System.Web.Security.Membership.ValidateUser(String username, String password)
   at NA.PMS.Web.Controllers.AccountController.<Login>d__2.MoveNext() in d:\TFSProject\NoidaAuthority\Source\NA.PMS\NA.PMS.Web\Controllers\AccountController.cs:line 174
--- End of stack trace from previous location where exception was thrown ---
   at System.Runtime.CompilerServices.TaskAwaiter.ThrowForNonSuccess(Task task)
   at System.Runtime.CompilerServices.TaskAwaiter.HandleNonSuccessAndDebuggerNotification(Task task)
   at System.Runtime.CompilerServices.TaskAwaiter.GetResult()
   at System.Threading.Tasks.TaskHelpersExtensions.ThrowIfFaulted(Task task)
   at System.Web.Mvc.Async.TaskAsyncActionDescriptor.EndExecute(IAsyncResult asyncResult)
   at System.Web.Mvc.Async.AsyncControllerActionInvoker.<>c__DisplayClass37.<BeginInvokeAsynchronousActionMethod>b__36(IAsyncResult asyncResult)
   at System.Web.Mvc.Async.AsyncResultWrapper.WrappedAsyncResult`1.CallEndDelegate(IAsyncResult asyncResult)
   at System.Web.Mvc.Async.AsyncResultWrapper.WrappedAsyncResultBase`1.End()
   at System.Web.Mvc.Async.AsyncResultWrapper.End[TResult](IAsyncResult asyncResult, Object tag)
   at System.Web.Mvc.Async.AsyncControllerActionInvoker.EndInvokeActionMethod(IAsyncResult asyncResult)
   at System.Web.Mvc.Async.AsyncControllerActionInvoker.AsyncInvocationWithFilters.<InvokeActionMethodFilterAsynchronouslyRecursive>b__3d()
   at System.Web.Mvc.Async.AsyncControllerActionInvoker.AsyncInvocationWithFilters.<>c__DisplayClass46.<InvokeActionMethodFilterAsynchronouslyRecursive>b__3f()
   at System.Web.Mvc.Async.AsyncControllerActionInvoker.AsyncInvocationWithFilters.<>c__DisplayClass46.<InvokeActionMethodFilterAsynchronouslyRecursive>b__3f()
   at System.Web.Mvc.Async.AsyncControllerActionInvoker.<>c__DisplayClass33.<BeginInvokeActionMethodWithFilters>b__32(IAsyncResult asyncResult)
   at System.Web.Mvc.Async.AsyncResultWrapper.WrappedAsyncResult`1.CallEndDelegate(IAsyncResult asyncResult)
   at System.Web.Mvc.Async.AsyncResultWrapper.WrappedAsyncResultBase`1.End()
   at System.Web.Mvc.Async.AsyncResultWrapper.End[TResult](IAsyncResult asyncResult, Object tag)
   at System.Web.Mvc.Async.AsyncControllerActionInvoker.EndInvokeActionMethodWithFilters(IAsyncResult asyncResult)
   at System.Web.Mvc.Async.AsyncControllerActionInvoker.<>c__DisplayClass21.<>c__DisplayClass2b.<BeginInvokeAction>b__1c()
   at System.Web.Mvc.Async.AsyncControllerActionInvoker.<>c__DisplayClass21.<BeginInvokeAction>b__1e(IAsyncResult asyncResult)
   at System.Web.Mvc.Async.AsyncResultWrapper.WrappedAsyncResult`1.CallEndDelegate(IAsyncResult asyncResult)
   at System.Web.Mvc.Async.AsyncResultWrapper.WrappedAsyncResultBase`1.End()
   at System.Web.Mvc.Async.AsyncResultWrapper.End[TResult](IAsyncResult asyncResult, Object tag)
   at System.Web.Mvc.Async.AsyncControllerActionInvoker.EndInvokeAction(IAsyncResult asyncResult)
   at System.Web.Mvc.Controller.<BeginExecuteCore>b__1d(IAsyncResult asyncResult, ExecuteCoreState innerState)
   at System.Web.Mvc.Async.AsyncResultWrapper.WrappedAsyncVoid`1.CallEndDelegate(IAsyncResult asyncResult)
   at System.Web.Mvc.Async.AsyncResultWrapper.WrappedAsyncResultBase`1.End()
   at System.Web.Mvc.Async.AsyncResultWrapper.End[TResult](IAsyncResult asyncResult, Object tag)
   at System.Web.Mvc.Async.AsyncResultWrapper.End(IAsyncResult asyncResult, Object tag)
   at System.Web.Mvc.Controller.EndExecuteCore(IAsyncResult asyncResult)
   at System.Web.Mvc.Controller.<BeginExecute>b__15(IAsyncResult asyncResult, Controller controller)
   at System.Web.Mvc.Async.AsyncResultWrapper.WrappedAsyncVoid`1.CallEndDelegate(IAsyncResult asyncResult)
   at System.Web.Mvc.Async.AsyncResultWrapper.WrappedAsyncResultBase`1.End()
   at System.Web.Mvc.Async.AsyncResultWrapper.End[TResult](IAsyncResult asyncResult, Object tag)
   at System.Web.Mvc.Async.AsyncResultWrapper.End(IAsyncResult asyncResult, Object tag)
   at System.Web.Mvc.Controller.EndExecute(IAsyncResult asyncResult)
   at System.Web.Mvc.Controller.System.Web.Mvc.Async.IAsyncController.EndExecute(IAsyncResult asyncResult)
   at System.Web.Mvc.MvcHandler.<BeginProcessRequest>b__5(IAsyncResult asyncResult, ProcessRequestState innerState)
   at System.Web.Mvc.Async.AsyncResultWrapper.WrappedAsyncVoid`1.CallEndDelegate(IAsyncResult asyncResult)
   at System.Web.Mvc.Async.AsyncResultWrapper.WrappedAsyncResultBase`1.End()
   at System.Web.Mvc.Async.AsyncResultWrapper.End[TResult](IAsyncResult asyncResult, Object tag)
   at System.Web.Mvc.Async.AsyncResultWrapper.End(IAsyncResult asyncResult, Object tag)
   at System.Web.Mvc.MvcHandler.EndProcessRequest(IAsyncResult asyncResult)
   at System.Web.Mvc.MvcHandler.System.Web.IHttpAsyncHandler.EndProcessRequest(IAsyncResult result)
   at System.Web.HttpApplication.CallHandlerExecutionStep.System.Web.HttpApplication.IExecutionStep.Execute()
   at System.Web.HttpApplication.ExecuteStepImpl(IExecutionStep step)
   at System.Web.HttpApplication.ExecuteStep(IExecutionStep step, Boolean& completedSynchronously)
2021-02-20 00:05:01,849 => INFO  NA.PMS.Common.Logger.LogService.LogInformation():24 - Executing Action: Login on Controller: Account For User : svamadmin.
2021-02-20 00:05:01,868 => INFO  NA.PMS.Common.Logger.LogService.LogInformation():24 - Executed Action: Login on Controller: Account For User : svamadmin.
2021-02-20 00:05:10,357 => INFO  NA.PMS.Common.Logger.LogService.LogInformation():24 - Executing Action: Login on Controller: Account For User : svamadmin.
2021-02-20 00:05:33,813 => INFO  NA.PMS.Common.Logger.LogService.LogInformation():24 - Executed Action: Login on Controller: Account For User : svamadmin.
2021-02-20 00:05:33,900 => ERROR NA.PMS.Common.Logger.LogService.LogError():97 - Global Exception
System.Data.Entity.Core.EntityException: The underlying provider failed on Open. ---> System.Data.SqlClient.SqlException: A network-related or instance-specific error occurred while establishing a connection to SQL Server. The server was not found or was not accessible. Verify that the instance name is correct and that SQL Server is configured to allow remote connections. (provider: Named Pipes Provider, error: 40 - Could not open a connection to SQL Server) ---> System.ComponentModel.Win32Exception: The network path was not found
   --- End of inner exception stack trace ---
   at System.Data.SqlClient.SqlInternalConnectionTds..ctor(DbConnectionPoolIdentity identity, SqlConnectionString connectionOptions, SqlCredential credential, Object providerInfo, String newPassword, SecureString newSecurePassword, Boolean redirectedUserInstance, SqlConnectionString userConnectionOptions, SessionData reconnectSessionData, DbConnectionPool pool, String accessToken, Boolean applyTransientFaultHandling, SqlAuthenticationProviderManager sqlAuthProviderManager)
   at System.Data.SqlClient.SqlConnectionFactory.CreateConnection(DbConnectionOptions options, DbConnectionPoolKey poolKey, Object poolGroupProviderInfo, DbConnectionPool pool, DbConnection owningConnection, DbConnectionOptions userOptions)
   at System.Data.ProviderBase.DbConnectionFactory.CreatePooledConnection(DbConnectionPool pool, DbConnection owningObject, DbConnectionOptions options, DbConnectionPoolKey poolKey, DbConnectionOptions userOptions)
   at System.Data.ProviderBase.DbConnectionPool.CreateObject(DbConnection owningObject, DbConnectionOptions userOptions, DbConnectionInternal oldConnection)
   at System.Data.ProviderBase.DbConnectionPool.UserCreateRequest(DbConnection owningObject, DbConnectionOptions userOptions, DbConnectionInternal oldConnection)
   at System.Data.ProviderBase.DbConnectionPool.TryGetConnection(DbConnection owningObject, UInt32 waitForMultipleObjectsTimeout, Boolean allowCreate, Boolean onlyOneCheckConnection, DbConnectionOptions userOptions, DbConnectionInternal& connection)
   at System.Data.ProviderBase.DbConnectionPool.TryGetConnection(DbConnection owningObject, TaskCompletionSource`1 retry, DbConnectionOptions userOptions, DbConnectionInternal& connection)
   at System.Data.ProviderBase.DbConnectionFactory.TryGetConnection(DbConnection owningConnection, TaskCompletionSource`1 retry, DbConnectionOptions userOptions, DbConnectionInternal oldConnection, DbConnectionInternal& connection)
   at System.Data.ProviderBase.DbConnectionInternal.TryOpenConnectionInternal(DbConnection outerConnection, DbConnectionFactory connectionFactory, TaskCompletionSource`1 retry, DbConnectionOptions userOptions)
   at System.Data.ProviderBase.DbConnectionClosed.TryOpenConnection(DbConnection outerConnection, DbConnectionFactory connectionFactory, TaskCompletionSource`1 retry, DbConnectionOptions userOptions)
   at System.Data.SqlClient.SqlConnection.TryOpenInner(TaskCompletionSource`1 retry)
   at System.Data.SqlClient.SqlConnection.TryOpen(TaskCompletionSource`1 retry)
   at System.Data.SqlClient.SqlConnection.Open()
   at System.Data.Entity.Infrastructure.Interception.DbConnectionDispatcher.<Open>b__36(DbConnection t, DbConnectionInterceptionContext c)
   at System.Data.Entity.Infrastructure.Interception.InternalDispatcher`1.Dispatch[TTarget,TInterceptionContext](TTarget target, Action`2 operation, TInterceptionContext interceptionContext, Action`3 executing, Action`3 executed)
   at System.Data.Entity.Infrastructure.Interception.DbConnectionDispatcher.Open(DbConnection connection, DbInterceptionContext interceptionContext)
   at System.Data.Entity.Core.EntityClient.EntityConnection.<Open>b__2()
   at System.Data.Entity.SqlServer.DefaultSqlExecutionStrategy.<>c__DisplayClass1.<Execute>b__0()
   at System.Data.Entity.SqlServer.DefaultSqlExecutionStrategy.Execute[TResult](Func`1 operation)
   at System.Data.Entity.SqlServer.DefaultSqlExecutionStrategy.Execute(Action operation)
   at System.Data.Entity.Core.EntityClient.EntityConnection.Open()
   --- End of inner exception stack trace ---
   at System.Data.Entity.Core.EntityClient.EntityConnection.Open()
   at System.Data.Entity.Core.Objects.ObjectContext.EnsureConnection(Boolean shouldMonitorTransactions)
   at System.Data.Entity.Core.Objects.ObjectContext.ExecuteInTransaction[T](Func`1 func, IDbExecutionStrategy executionStrategy, Boolean startLocalTransaction, Boolean releaseConnectionOnSuccess)
   at System.Data.Entity.Core.Objects.ObjectQuery`1.<>c__DisplayClass7.<GetResults>b__5()
   at System.Data.Entity.SqlServer.DefaultSqlExecutionStrategy.Execute[TResult](Func`1 operation)
   at System.Data.Entity.Core.Objects.ObjectQuery`1.GetResults(Nullable`1 forMergeOption)
   at System.Data.Entity.Core.Objects.ObjectQuery`1.<System.Collections.Generic.IEnumerable<T>.GetEnumerator>b__0()
   at System.Data.Entity.Internal.LazyEnumerator`1.MoveNext()
   at System.Linq.Enumerable.FirstOrDefault[TSource](IEnumerable`1 source)
   at System.Data.Entity.Core.Objects.ELinq.ObjectQueryProvider.<GetElementFunction>b__1[TResult](IEnumerable`1 sequence)
   at System.Data.Entity.Core.Objects.ELinq.ObjectQueryProvider.ExecuteSingle[TResult](IEnumerable`1 query, Expression queryRoot)
   at System.Data.Entity.Core.Objects.ELinq.ObjectQueryProvider.System.Linq.IQueryProvider.Execute[TResult](Expression expression)
   at System.Data.Entity.Internal.Linq.DbQueryProvider.Execute[TResult](Expression expression)
   at System.Linq.Queryable.FirstOrDefault[TSource](IQueryable`1 source, Expression`1 predicate)
   at NA.PMS.Repository.LoginRepository.ValidateUser(String userName, String password) in d:\TFSProject\NoidaAuthority\Source\NA.PMS\NA.PMS.Repository\Login\LoginRepository.cs:line 54
   at NA.PMS.Service.LoginService.ValidateUser(String userName, String password) in d:\TFSProject\NoidaAuthority\Source\NA.PMS\NA.PMS.Service\Login\LoginService.cs:line 28
   at NA.PMS.Web.Controllers.Common.PMSMembershipProvider.ValidateUser(String username, String password) in d:\TFSProject\NoidaAuthority\Source\NA.PMS\NA.PMS.Web\Controllers\Common\PMSMembershipProvider.cs:line 167
   at System.Web.Security.Membership.ValidateUser(String username, String password)
   at NA.PMS.Web.Controllers.AccountController.<Login>d__2.MoveNext() in d:\TFSProject\NoidaAuthority\Source\NA.PMS\NA.PMS.Web\Controllers\AccountController.cs:line 174
--- End of stack trace from previous location where exception was thrown ---
   at System.Runtime.CompilerServices.TaskAwaiter.ThrowForNonSuccess(Task task)
   at System.Runtime.CompilerServices.TaskAwaiter.HandleNonSuccessAndDebuggerNotification(Task task)
   at System.Runtime.CompilerServices.TaskAwaiter.GetResult()
   at System.Threading.Tasks.TaskHelpersExtensions.ThrowIfFaulted(Task task)
   at System.Web.Mvc.Async.TaskAsyncActionDescriptor.EndExecute(IAsyncResult asyncResult)
   at System.Web.Mvc.Async.AsyncControllerActionInvoker.<>c__DisplayClass37.<BeginInvokeAsynchronousActionMethod>b__36(IAsyncResult asyncResult)
   at System.Web.Mvc.Async.AsyncResultWrapper.WrappedAsyncResult`1.CallEndDelegate(IAsyncResult asyncResult)
   at System.Web.Mvc.Async.AsyncResultWrapper.WrappedAsyncResultBase`1.End()
   at System.Web.Mvc.Async.AsyncResultWrapper.End[TResult](IAsyncResult asyncResult, Object tag)
   at System.Web.Mvc.Async.AsyncControllerActionInvoker.EndInvokeActionMethod(IAsyncResult asyncResult)
   at System.Web.Mvc.Async.AsyncControllerActionInvoker.AsyncInvocationWithFilters.<InvokeActionMethodFilterAsynchronouslyRecursive>b__3d()
   at System.Web.Mvc.Async.AsyncControllerActionInvoker.AsyncInvocationWithFilters.<>c__DisplayClass46.<InvokeActionMethodFilterAsynchronouslyRecursive>b__3f()
   at System.Web.Mvc.Async.AsyncControllerActionInvoker.AsyncInvocationWithFilters.<>c__DisplayClass46.<InvokeActionMethodFilterAsynchronouslyRecursive>b__3f()
   at System.Web.Mvc.Async.AsyncControllerActionInvoker.<>c__DisplayClass33.<BeginInvokeActionMethodWithFilters>b__32(IAsyncResult asyncResult)
   at System.Web.Mvc.Async.AsyncResultWrapper.WrappedAsyncResult`1.CallEndDelegate(IAsyncResult asyncResult)
   at System.Web.Mvc.Async.AsyncResultWrapper.WrappedAsyncResultBase`1.End()
   at System.Web.Mvc.Async.AsyncResultWrapper.End[TResult](IAsyncResult asyncResult, Object tag)
   at System.Web.Mvc.Async.AsyncControllerActionInvoker.EndInvokeActionMethodWithFilters(IAsyncResult asyncResult)
   at System.Web.Mvc.Async.AsyncControllerActionInvoker.<>c__DisplayClass21.<>c__DisplayClass2b.<BeginInvokeAction>b__1c()
   at System.Web.Mvc.Async.AsyncControllerActionInvoker.<>c__DisplayClass21.<BeginInvokeAction>b__1e(IAsyncResult asyncResult)
   at System.Web.Mvc.Async.AsyncResultWrapper.WrappedAsyncResult`1.CallEndDelegate(IAsyncResult asyncResult)
   at System.Web.Mvc.Async.AsyncResultWrapper.WrappedAsyncResultBase`1.End()
   at System.Web.Mvc.Async.AsyncResultWrapper.End[TResult](IAsyncResult asyncResult, Object tag)
   at System.Web.Mvc.Async.AsyncControllerActionInvoker.EndInvokeAction(IAsyncResult asyncResult)
   at System.Web.Mvc.Controller.<BeginExecuteCore>b__1d(IAsyncResult asyncResult, ExecuteCoreState innerState)
   at System.Web.Mvc.Async.AsyncResultWrapper.WrappedAsyncVoid`1.CallEndDelegate(IAsyncResult asyncResult)
   at System.Web.Mvc.Async.AsyncResultWrapper.WrappedAsyncResultBase`1.End()
   at System.Web.Mvc.Async.AsyncResultWrapper.End[TResult](IAsyncResult asyncResult, Object tag)
   at System.Web.Mvc.Async.AsyncResultWrapper.End(IAsyncResult asyncResult, Object tag)
   at System.Web.Mvc.Controller.EndExecuteCore(IAsyncResult asyncResult)
   at System.Web.Mvc.Controller.<BeginExecute>b__15(IAsyncResult asyncResult, Controller controller)
   at System.Web.Mvc.Async.AsyncResultWrapper.WrappedAsyncVoid`1.CallEndDelegate(IAsyncResult asyncResult)
   at System.Web.Mvc.Async.AsyncResultWrapper.WrappedAsyncResultBase`1.End()
   at System.Web.Mvc.Async.AsyncResultWrapper.End[TResult](IAsyncResult asyncResult, Object tag)
   at System.Web.Mvc.Async.AsyncResultWrapper.End(IAsyncResult asyncResult, Object tag)
   at System.Web.Mvc.Controller.EndExecute(IAsyncResult asyncResult)
   at System.Web.Mvc.Controller.System.Web.Mvc.Async.IAsyncController.EndExecute(IAsyncResult asyncResult)
   at System.Web.Mvc.MvcHandler.<BeginProcessRequest>b__5(IAsyncResult asyncResult, ProcessRequestState innerState)
   at System.Web.Mvc.Async.AsyncResultWrapper.WrappedAsyncVoid`1.CallEndDelegate(IAsyncResult asyncResult)
   at System.Web.Mvc.Async.AsyncResultWrapper.WrappedAsyncResultBase`1.End()
   at System.Web.Mvc.Async.AsyncResultWrapper.End[TResult](IAsyncResult asyncResult, Object tag)
   at System.Web.Mvc.Async.AsyncResultWrapper.End(IAsyncResult asyncResult, Object tag)
   at System.Web.Mvc.MvcHandler.EndProcessRequest(IAsyncResult asyncResult)
   at System.Web.Mvc.MvcHandler.System.Web.IHttpAsyncHandler.EndProcessRequest(IAsyncResult result)
   at System.Web.HttpApplication.CallHandlerExecutionStep.System.Web.HttpApplication.IExecutionStep.Execute()
   at System.Web.HttpApplication.ExecuteStepImpl(IExecutionStep step)
   at System.Web.HttpApplication.ExecuteStep(IExecutionStep step, Boolean& completedSynchronously)
2021-02-20 00:05:43,498 => INFO  NA.PMS.Common.Logger.LogService.LogInformation():24 - Executing Action: Login on Controller: Account For User : svamadmin.
2021-02-20 00:05:43,518 => INFO  NA.PMS.Common.Logger.LogService.LogInformation():24 - Executed Action: Login on Controller: Account For User : svamadmin.
2021-02-20 00:05:46,053 => INFO  NA.PMS.Common.Logger.LogService.LogInformation():24 - Executing Action: Login on Controller: Account For User : svamadmin.
2021-02-20 00:05:46,070 => INFO  NA.PMS.Common.Logger.LogService.LogInformation():24 - Executed Action: Login on Controller: Account For User : svamadmin.
2021-02-20 00:05:57,499 => INFO  NA.PMS.Common.Logger.LogService.LogInformation():24 - Executing Action: Login on Controller: Account For User : svamadmin.
2021-02-20 00:07:07,324 => INFO  NA.PMS.Common.Logger.LogService.LogInformation():24 - Executed Action: Login on Controller: Account For User : svamadmin.
2021-02-20 00:07:07,426 => ERROR NA.PMS.Common.Logger.LogService.LogError():97 - Global Exception
System.Data.Entity.Core.EntityCommandExecutionException: An error occurred while executing the command definition. See the inner exception for details. ---> System.Data.SqlClient.SqlException: Execution Timeout Expired.  The timeout period elapsed prior to completion of the operation or the server is not responding. ---> System.ComponentModel.Win32Exception: The wait operation timed out
   --- End of inner exception stack trace ---
   at System.Data.SqlClient.SqlInternalConnection.OnError(SqlException exception, Boolean breakConnection, Action`1 wrapCloseInAction)
   at System.Data.SqlClient.TdsParser.ThrowExceptionAndWarning(TdsParserStateObject stateObj, Boolean callerHasConnectionLock, Boolean asyncClose)
   at System.Data.SqlClient.TdsParserStateObject.ReadSniError(TdsParserStateObject stateObj, UInt32 error)
   at System.Data.SqlClient.TdsParserStateObject.ReadSniSyncOverAsync()
   at System.Data.SqlClient.TdsParserStateObject.TryReadNetworkPacket()
   at System.Data.SqlClient.TdsParserStateObject.TryPrepareBuffer()
   at System.Data.SqlClient.TdsParserStateObject.TryReadByte(Byte& value)
   at System.Data.SqlClient.TdsParser.TryRun(RunBehavior runBehavior, SqlCommand cmdHandler, SqlDataReader dataStream, BulkCopySimpleResultSet bulkCopyHandler, TdsParserStateObject stateObj, Boolean& dataReady)
   at System.Data.SqlClient.SqlDataReader.TryConsumeMetaData()
   at System.Data.SqlClient.SqlDataReader.get_MetaData()
   at System.Data.SqlClient.SqlCommand.FinishExecuteReader(SqlDataReader ds, RunBehavior runBehavior, String resetOptionsString, Boolean isInternal, Boolean forDescribeParameterEncryption, Boolean shouldCacheForAlwaysEncrypted)
   at System.Data.SqlClient.SqlCommand.RunExecuteReaderTds(CommandBehavior cmdBehavior, RunBehavior runBehavior, Boolean returnStream, Boolean async, Int32 timeout, Task& task, Boolean asyncWrite, Boolean inRetry, SqlDataReader ds, Boolean describeParameterEncryptionRequest)
   at System.Data.SqlClient.SqlCommand.RunExecuteReader(CommandBehavior cmdBehavior, RunBehavior runBehavior, Boolean returnStream, String method, TaskCompletionSource`1 completion, Int32 timeout, Task& task, Boolean& usedCache, Boolean asyncWrite, Boolean inRetry)
   at System.Data.SqlClient.SqlCommand.RunExecuteReader(CommandBehavior cmdBehavior, RunBehavior runBehavior, Boolean returnStream, String method)
   at System.Data.SqlClient.SqlCommand.ExecuteReader(CommandBehavior behavior, String method)
   at System.Data.SqlClient.SqlCommand.ExecuteDbDataReader(CommandBehavior behavior)
   at System.Data.Common.DbCommand.ExecuteReader(CommandBehavior behavior)
   at System.Data.Entity.Infrastructure.Interception.DbCommandDispatcher.<Reader>b__c(DbCommand t, DbCommandInterceptionContext`1 c)
   at System.Data.Entity.Infrastructure.Interception.InternalDispatcher`1.Dispatch[TTarget,TInterceptionContext,TResult](TTarget target, Func`3 operation, TInterceptionContext interceptionContext, Action`3 executing, Action`3 executed)
   at System.Data.Entity.Infrastructure.Interception.DbCommandDispatcher.Reader(DbCommand command, DbCommandInterceptionContext interceptionContext)
   at System.Data.Entity.Internal.InterceptableDbCommand.ExecuteDbDataReader(CommandBehavior behavior)
   at System.Data.Common.DbCommand.ExecuteReader(CommandBehavior behavior)
   at System.Data.Entity.Core.EntityClient.Internal.EntityCommandDefinition.ExecuteStoreCommands(EntityCommand entityCommand, CommandBehavior behavior)
   --- End of inner exception stack trace ---
   at System.Data.Entity.Core.EntityClient.Internal.EntityCommandDefinition.ExecuteStoreCommands(EntityCommand entityCommand, CommandBehavior behavior)
   at System.Data.Entity.Core.Objects.Internal.ObjectQueryExecutionPlan.Execute[TResultType](ObjectContext context, ObjectParameterCollection parameterValues)
   at System.Data.Entity.Core.Objects.ObjectQuery`1.<>c__DisplayClass7.<GetResults>b__6()
   at System.Data.Entity.Core.Objects.ObjectContext.ExecuteInTransaction[T](Func`1 func, IDbExecutionStrategy executionStrategy, Boolean startLocalTransaction, Boolean releaseConnectionOnSuccess)
   at System.Data.Entity.Core.Objects.ObjectQuery`1.<>c__DisplayClass7.<GetResults>b__5()
   at System.Data.Entity.SqlServer.DefaultSqlExecutionStrategy.Execute[TResult](Func`1 operation)
   at System.Data.Entity.Core.Objects.ObjectQuery`1.GetResults(Nullable`1 forMergeOption)
   at System.Data.Entity.Core.Objects.ObjectQuery`1.<System.Collections.Generic.IEnumerable<T>.GetEnumerator>b__0()
   at System.Data.Entity.Internal.LazyEnumerator`1.MoveNext()
   at System.Linq.Enumerable.FirstOrDefault[TSource](IEnumerable`1 source)
   at System.Data.Entity.Core.Objects.ELinq.ObjectQueryProvider.<GetElementFunction>b__1[TResult](IEnumerable`1 sequence)
   at System.Data.Entity.Core.Objects.ELinq.ObjectQueryProvider.ExecuteSingle[TResult](IEnumerable`1 query, Expression queryRoot)
   at System.Data.Entity.Core.Objects.ELinq.ObjectQueryProvider.System.Linq.IQueryProvider.Execute[TResult](Expression expression)
   at System.Data.Entity.Internal.Linq.DbQueryProvider.Execute[TResult](Expression expression)
   at System.Linq.Queryable.FirstOrDefault[TSource](IQueryable`1 source)
   at NA.PMS.Repository.LoginRepository.GetLoginUserDetails(String userName) in d:\TFSProject\NoidaAuthority\Source\NA.PMS\NA.PMS.Repository\Login\LoginRepository.cs:line 533
   at NA.PMS.Service.LoginService.GetLoginUserDetails(String userName) in d:\TFSProject\NoidaAuthority\Source\NA.PMS\NA.PMS.Service\Login\LoginService.cs:line 158
   at NA.PMS.Web.Controllers.Common.PMSMembershipProvider.GetLoginUserDetails(String userName) in d:\TFSProject\NoidaAuthority\Source\NA.PMS\NA.PMS.Web\Controllers\Common\PMSMembershipProvider.cs:line 240
   at NA.PMS.Web.Controllers.AccountController.<Login>d__2.MoveNext() in d:\TFSProject\NoidaAuthority\Source\NA.PMS\NA.PMS.Web\Controllers\AccountController.cs:line 181
--- End of stack trace from previous location where exception was thrown ---
   at System.Runtime.CompilerServices.TaskAwaiter.ThrowForNonSuccess(Task task)
   at System.Runtime.CompilerServices.TaskAwaiter.HandleNonSuccessAndDebuggerNotification(Task task)
   at System.Runtime.CompilerServices.TaskAwaiter.GetResult()
   at System.Threading.Tasks.TaskHelpersExtensions.ThrowIfFaulted(Task task)
   at System.Web.Mvc.Async.TaskAsyncActionDescriptor.EndExecute(IAsyncResult asyncResult)
   at System.Web.Mvc.Async.AsyncControllerActionInvoker.<>c__DisplayClass37.<BeginInvokeAsynchronousActionMethod>b__36(IAsyncResult asyncResult)
   at System.Web.Mvc.Async.AsyncResultWrapper.WrappedAsyncResult`1.CallEndDelegate(IAsyncResult asyncResult)
   at System.Web.Mvc.Async.AsyncResultWrapper.WrappedAsyncResultBase`1.End()
   at System.Web.Mvc.Async.AsyncResultWrapper.End[TResult](IAsyncResult asyncResult, Object tag)
   at System.Web.Mvc.Async.AsyncControllerActionInvoker.EndInvokeActionMethod(IAsyncResult asyncResult)
   at System.Web.Mvc.Async.AsyncControllerActionInvoker.AsyncInvocationWithFilters.<InvokeActionMethodFilterAsynchronouslyRecursive>b__3d()
   at System.Web.Mvc.Async.AsyncControllerActionInvoker.AsyncInvocationWithFilters.<>c__DisplayClass46.<InvokeActionMethodFilterAsynchronouslyRecursive>b__3f()
   at System.Web.Mvc.Async.AsyncControllerActionInvoker.AsyncInvocationWithFilters.<>c__DisplayClass46.<InvokeActionMethodFilterAsynchronouslyRecursive>b__3f()
   at System.Web.Mvc.Async.AsyncControllerActionInvoker.<>c__DisplayClass33.<BeginInvokeActionMethodWithFilters>b__32(IAsyncResult asyncResult)
   at System.Web.Mvc.Async.AsyncResultWrapper.WrappedAsyncResult`1.CallEndDelegate(IAsyncResult asyncResult)
   at System.Web.Mvc.Async.AsyncResultWrapper.WrappedAsyncResultBase`1.End()
   at System.Web.Mvc.Async.AsyncResultWrapper.End[TResult](IAsyncResult asyncResult, Object tag)
   at System.Web.Mvc.Async.AsyncControllerActionInvoker.EndInvokeActionMethodWithFilters(IAsyncResult asyncResult)
   at System.Web.Mvc.Async.AsyncControllerActionInvoker.<>c__DisplayClass21.<>c__DisplayClass2b.<BeginInvokeAction>b__1c()
   at System.Web.Mvc.Async.AsyncControllerActionInvoker.<>c__DisplayClass21.<BeginInvokeAction>b__1e(IAsyncResult asyncResult)
   at System.Web.Mvc.Async.AsyncResultWrapper.WrappedAsyncResult`1.CallEndDelegate(IAsyncResult asyncResult)
   at System.Web.Mvc.Async.AsyncResultWrapper.WrappedAsyncResultBase`1.End()
   at System.Web.Mvc.Async.AsyncResultWrapper.End[TResult](IAsyncResult asyncResult, Object tag)
   at System.Web.Mvc.Async.AsyncControllerActionInvoker.EndInvokeAction(IAsyncResult asyncResult)
   at System.Web.Mvc.Controller.<BeginExecuteCore>b__1d(IAsyncResult asyncResult, ExecuteCoreState innerState)
   at System.Web.Mvc.Async.AsyncResultWrapper.WrappedAsyncVoid`1.CallEndDelegate(IAsyncResult asyncResult)
   at System.Web.Mvc.Async.AsyncResultWrapper.WrappedAsyncResultBase`1.End()
   at System.Web.Mvc.Async.AsyncResultWrapper.End[TResult](IAsyncResult asyncResult, Object tag)
   at System.Web.Mvc.Async.AsyncResultWrapper.End(IAsyncResult asyncResult, Object tag)
   at System.Web.Mvc.Controller.EndExecuteCore(IAsyncResult asyncResult)
   at System.Web.Mvc.Controller.<BeginExecute>b__15(IAsyncResult asyncResult, Controller controller)
   at System.Web.Mvc.Async.AsyncResultWrapper.WrappedAsyncVoid`1.CallEndDelegate(IAsyncResult asyncResult)
   at System.Web.Mvc.Async.AsyncResultWrapper.WrappedAsyncResultBase`1.End()
   at System.Web.Mvc.Async.AsyncResultWrapper.End[TResult](IAsyncResult asyncResult, Object tag)
   at System.Web.Mvc.Async.AsyncResultWrapper.End(IAsyncResult asyncResult, Object tag)
   at System.Web.Mvc.Controller.EndExecute(IAsyncResult asyncResult)
   at System.Web.Mvc.Controller.System.Web.Mvc.Async.IAsyncController.EndExecute(IAsyncResult asyncResult)
   at System.Web.Mvc.MvcHandler.<BeginProcessRequest>b__5(IAsyncResult asyncResult, ProcessRequestState innerState)
   at System.Web.Mvc.Async.AsyncResultWrapper.WrappedAsyncVoid`1.CallEndDelegate(IAsyncResult asyncResult)
   at System.Web.Mvc.Async.AsyncResultWrapper.WrappedAsyncResultBase`1.End()
   at System.Web.Mvc.Async.AsyncResultWrapper.End[TResult](IAsyncResult asyncResult, Object tag)
   at System.Web.Mvc.Async.AsyncResultWrapper.End(IAsyncResult asyncResult, Object tag)
   at System.Web.Mvc.MvcHandler.EndProcessRequest(IAsyncResult asyncResult)
   at System.Web.Mvc.MvcHandler.System.Web.IHttpAsyncHandler.EndProcessRequest(IAsyncResult result)
   at System.Web.HttpApplication.CallHandlerExecutionStep.System.Web.HttpApplication.IExecutionStep.Execute()
   at System.Web.HttpApplication.ExecuteStepImpl(IExecutionStep step)
   at System.Web.HttpApplication.ExecuteStep(IExecutionStep step, Boolean& completedSynchronously)
2021-02-20 00:07:19,883 => INFO  NA.PMS.Common.Logger.LogService.LogInformation():24 - Executing Action: Login on Controller: Account For User : svamadmin.
2021-02-20 00:07:19,899 => INFO  NA.PMS.Common.Logger.LogService.LogInformation():24 - Executed Action: Login on Controller: Account For User : svamadmin.
2021-02-20 00:15:52,556 => INFO  NA.PMS.Common.Logger.LogService.LogInformation():24 - Executing Action: Login on Controller: Account For User : svamadmin.
2021-02-20 00:16:40,615 => INFO  NA.PMS.Common.Logger.LogService.LogInformation():24 - Executed Action: Login on Controller: Account For User : svamadmin.
2021-02-20 00:16:40,698 => ERROR NA.PMS.Common.Logger.LogService.LogError():97 - Global Exception
System.Data.Entity.Core.EntityCommandExecutionException: An error occurred while executing the command definition. See the inner exception for details. ---> System.Data.SqlClient.SqlException: Execution Timeout Expired.  The timeout period elapsed prior to completion of the operation or the server is not responding. ---> System.ComponentModel.Win32Exception: The wait operation timed out
   --- End of inner exception stack trace ---
   at System.Data.SqlClient.SqlInternalConnection.OnError(SqlException exception, Boolean breakConnection, Action`1 wrapCloseInAction)
   at System.Data.SqlClient.TdsParser.ThrowExceptionAndWarning(TdsParserStateObject stateObj, Boolean callerHasConnectionLock, Boolean asyncClose)
   at System.Data.SqlClient.TdsParserStateObject.ReadSniError(TdsParserStateObject stateObj, UInt32 error)
   at System.Data.SqlClient.TdsParserStateObject.ReadSniSyncOverAsync()
   at System.Data.SqlClient.TdsParserStateObject.TryReadNetworkPacket()
   at System.Data.SqlClient.TdsParserStateObject.TryPrepareBuffer()
   at System.Data.SqlClient.TdsParserStateObject.TryReadByte(Byte& value)
   at System.Data.SqlClient.TdsParser.TryRun(RunBehavior runBehavior, SqlCommand cmdHandler, SqlDataReader dataStream, BulkCopySimpleResultSet bulkCopyHandler, TdsParserStateObject stateObj, Boolean& dataReady)
   at System.Data.SqlClient.SqlDataReader.TryConsumeMetaData()
   at System.Data.SqlClient.SqlDataReader.get_MetaData()
   at System.Data.SqlClient.SqlCommand.FinishExecuteReader(SqlDataReader ds, RunBehavior runBehavior, String resetOptionsString, Boolean isInternal, Boolean forDescribeParameterEncryption, Boolean shouldCacheForAlwaysEncrypted)
   at System.Data.SqlClient.SqlCommand.RunExecuteReaderTds(CommandBehavior cmdBehavior, RunBehavior runBehavior, Boolean returnStream, Boolean async, Int32 timeout, Task& task, Boolean asyncWrite, Boolean inRetry, SqlDataReader ds, Boolean describeParameterEncryptionRequest)
   at System.Data.SqlClient.SqlCommand.RunExecuteReader(CommandBehavior cmdBehavior, RunBehavior runBehavior, Boolean returnStream, String method, TaskCompletionSource`1 completion, Int32 timeout, Task& task, Boolean& usedCache, Boolean asyncWrite, Boolean inRetry)
   at System.Data.SqlClient.SqlCommand.RunExecuteReader(CommandBehavior cmdBehavior, RunBehavior runBehavior, Boolean returnStream, String method)
   at System.Data.SqlClient.SqlCommand.ExecuteReader(CommandBehavior behavior, String method)
   at System.Data.SqlClient.SqlCommand.ExecuteDbDataReader(CommandBehavior behavior)
   at System.Data.Common.DbCommand.ExecuteReader(CommandBehavior behavior)
   at System.Data.Entity.Infrastructure.Interception.DbCommandDispatcher.<Reader>b__c(DbCommand t, DbCommandInterceptionContext`1 c)
   at System.Data.Entity.Infrastructure.Interception.InternalDispatcher`1.Dispatch[TTarget,TInterceptionContext,TResult](TTarget target, Func`3 operation, TInterceptionContext interceptionContext, Action`3 executing, Action`3 executed)
   at System.Data.Entity.Infrastructure.Interception.DbCommandDispatcher.Reader(DbCommand command, DbCommandInterceptionContext interceptionContext)
   at System.Data.Entity.Internal.InterceptableDbCommand.ExecuteDbDataReader(CommandBehavior behavior)
   at System.Data.Common.DbCommand.ExecuteReader(CommandBehavior behavior)
   at System.Data.Entity.Core.EntityClient.Internal.EntityCommandDefinition.ExecuteStoreCommands(EntityCommand entityCommand, CommandBehavior behavior)
   --- End of inner exception stack trace ---
   at System.Data.Entity.Core.EntityClient.Internal.EntityCommandDefinition.ExecuteStoreCommands(EntityCommand entityCommand, CommandBehavior behavior)
   at System.Data.Entity.Core.Objects.Internal.ObjectQueryExecutionPlan.Execute[TResultType](ObjectContext context, ObjectParameterCollection parameterValues)
   at System.Data.Entity.Core.Objects.ObjectQuery`1.<>c__DisplayClass7.<GetResults>b__6()
   at System.Data.Entity.Core.Objects.ObjectContext.ExecuteInTransaction[T](Func`1 func, IDbExecutionStrategy executionStrategy, Boolean startLocalTransaction, Boolean releaseConnectionOnSuccess)
   at System.Data.Entity.Core.Objects.ObjectQuery`1.<>c__DisplayClass7.<GetResults>b__5()
   at System.Data.Entity.SqlServer.DefaultSqlExecutionStrategy.Execute[TResult](Func`1 operation)
   at System.Data.Entity.Core.Objects.ObjectQuery`1.GetResults(Nullable`1 forMergeOption)
   at System.Data.Entity.Core.Objects.ObjectQuery`1.<System.Collections.Generic.IEnumerable<T>.GetEnumerator>b__0()
   at System.Data.Entity.Internal.LazyEnumerator`1.MoveNext()
   at System.Linq.Enumerable.FirstOrDefault[TSource](IEnumerable`1 source)
   at System.Data.Entity.Core.Objects.ELinq.ObjectQueryProvider.<GetElementFunction>b__1[TResult](IEnumerable`1 sequence)
   at System.Data.Entity.Core.Objects.ELinq.ObjectQueryProvider.ExecuteSingle[TResult](IEnumerable`1 query, Expression queryRoot)
   at System.Data.Entity.Core.Objects.ELinq.ObjectQueryProvider.System.Linq.IQueryProvider.Execute[TResult](Expression expression)
   at System.Data.Entity.Internal.Linq.DbQueryProvider.Execute[TResult](Expression expression)
   at System.Linq.Queryable.FirstOrDefault[TSource](IQueryable`1 source)
   at NA.PMS.Repository.LoginRepository.GetLoginUserDetails(String userName) in d:\TFSProject\NoidaAuthority\Source\NA.PMS\NA.PMS.Repository\Login\LoginRepository.cs:line 533
   at NA.PMS.Service.LoginService.GetLoginUserDetails(String userName) in d:\TFSProject\NoidaAuthority\Source\NA.PMS\NA.PMS.Service\Login\LoginService.cs:line 158
   at NA.PMS.Web.Controllers.Common.PMSMembershipProvider.GetLoginUserDetails(String userName) in d:\TFSProject\NoidaAuthority\Source\NA.PMS\NA.PMS.Web\Controllers\Common\PMSMembershipProvider.cs:line 240
   at NA.PMS.Web.Controllers.AccountController.<Login>d__2.MoveNext() in d:\TFSProject\NoidaAuthority\Source\NA.PMS\NA.PMS.Web\Controllers\AccountController.cs:line 181
--- End of stack trace from previous location where exception was thrown ---
   at System.Runtime.CompilerServices.TaskAwaiter.ThrowForNonSuccess(Task task)
   at System.Runtime.CompilerServices.TaskAwaiter.HandleNonSuccessAndDebuggerNotification(Task task)
   at System.Runtime.CompilerServices.TaskAwaiter.GetResult()
   at System.Threading.Tasks.TaskHelpersExtensions.ThrowIfFaulted(Task task)
   at System.Web.Mvc.Async.TaskAsyncActionDescriptor.EndExecute(IAsyncResult asyncResult)
   at System.Web.Mvc.Async.AsyncControllerActionInvoker.<>c__DisplayClass37.<BeginInvokeAsynchronousActionMethod>b__36(IAsyncResult asyncResult)
   at System.Web.Mvc.Async.AsyncResultWrapper.WrappedAsyncResult`1.CallEndDelegate(IAsyncResult asyncResult)
   at System.Web.Mvc.Async.AsyncResultWrapper.WrappedAsyncResultBase`1.End()
   at System.Web.Mvc.Async.AsyncResultWrapper.End[TResult](IAsyncResult asyncResult, Object tag)
   at System.Web.Mvc.Async.AsyncControllerActionInvoker.EndInvokeActionMethod(IAsyncResult asyncResult)
   at System.Web.Mvc.Async.AsyncControllerActionInvoker.AsyncInvocationWithFilters.<InvokeActionMethodFilterAsynchronouslyRecursive>b__3d()
   at System.Web.Mvc.Async.AsyncControllerActionInvoker.AsyncInvocationWithFilters.<>c__DisplayClass46.<InvokeActionMethodFilterAsynchronouslyRecursive>b__3f()
   at System.Web.Mvc.Async.AsyncControllerActionInvoker.AsyncInvocationWithFilters.<>c__DisplayClass46.<InvokeActionMethodFilterAsynchronouslyRecursive>b__3f()
   at System.Web.Mvc.Async.AsyncControllerActionInvoker.<>c__DisplayClass33.<BeginInvokeActionMethodWithFilters>b__32(IAsyncResult asyncResult)
   at System.Web.Mvc.Async.AsyncResultWrapper.WrappedAsyncResult`1.CallEndDelegate(IAsyncResult asyncResult)
   at System.Web.Mvc.Async.AsyncResultWrapper.WrappedAsyncResultBase`1.End()
   at System.Web.Mvc.Async.AsyncResultWrapper.End[TResult](IAsyncResult asyncResult, Object tag)
   at System.Web.Mvc.Async.AsyncControllerActionInvoker.EndInvokeActionMethodWithFilters(IAsyncResult asyncResult)
   at System.Web.Mvc.Async.AsyncControllerActionInvoker.<>c__DisplayClass21.<>c__DisplayClass2b.<BeginInvokeAction>b__1c()
   at System.Web.Mvc.Async.AsyncControllerActionInvoker.<>c__DisplayClass21.<BeginInvokeAction>b__1e(IAsyncResult asyncResult)
   at System.Web.Mvc.Async.AsyncResultWrapper.WrappedAsyncResult`1.CallEndDelegate(IAsyncResult asyncResult)
   at System.Web.Mvc.Async.AsyncResultWrapper.WrappedAsyncResultBase`1.End()
   at System.Web.Mvc.Async.AsyncResultWrapper.End[TResult](IAsyncResult asyncResult, Object tag)
   at System.Web.Mvc.Async.AsyncControllerActionInvoker.EndInvokeAction(IAsyncResult asyncResult)
   at System.Web.Mvc.Controller.<BeginExecuteCore>b__1d(IAsyncResult asyncResult, ExecuteCoreState innerState)
   at System.Web.Mvc.Async.AsyncResultWrapper.WrappedAsyncVoid`1.CallEndDelegate(IAsyncResult asyncResult)
   at System.Web.Mvc.Async.AsyncResultWrapper.WrappedAsyncResultBase`1.End()
   at System.Web.Mvc.Async.AsyncResultWrapper.End[TResult](IAsyncResult asyncResult, Object tag)
   at System.Web.Mvc.Async.AsyncResultWrapper.End(IAsyncResult asyncResult, Object tag)
   at System.Web.Mvc.Controller.EndExecuteCore(IAsyncResult asyncResult)
   at System.Web.Mvc.Controller.<BeginExecute>b__15(IAsyncResult asyncResult, Controller controller)
   at System.Web.Mvc.Async.AsyncResultWrapper.WrappedAsyncVoid`1.CallEndDelegate(IAsyncResult asyncResult)
   at System.Web.Mvc.Async.AsyncResultWrapper.WrappedAsyncResultBase`1.End()
   at System.Web.Mvc.Async.AsyncResultWrapper.End[TResult](IAsyncResult asyncResult, Object tag)
   at System.Web.Mvc.Async.AsyncResultWrapper.End(IAsyncResult asyncResult, Object tag)
   at System.Web.Mvc.Controller.EndExecute(IAsyncResult asyncResult)
   at System.Web.Mvc.Controller.System.Web.Mvc.Async.IAsyncController.EndExecute(IAsyncResult asyncResult)
   at System.Web.Mvc.MvcHandler.<BeginProcessRequest>b__5(IAsyncResult asyncResult, ProcessRequestState innerState)
   at System.Web.Mvc.Async.AsyncResultWrapper.WrappedAsyncVoid`1.CallEndDelegate(IAsyncResult asyncResult)
   at System.Web.Mvc.Async.AsyncResultWrapper.WrappedAsyncResultBase`1.End()
   at System.Web.Mvc.Async.AsyncResultWrapper.End[TResult](IAsyncResult asyncResult, Object tag)
   at System.Web.Mvc.Async.AsyncResultWrapper.End(IAsyncResult asyncResult, Object tag)
   at System.Web.Mvc.MvcHandler.EndProcessRequest(IAsyncResult asyncResult)
   at System.Web.Mvc.MvcHandler.System.Web.IHttpAsyncHandler.EndProcessRequest(IAsyncResult result)
   at System.Web.HttpApplication.CallHandlerExecutionStep.System.Web.HttpApplication.IExecutionStep.Execute()
   at System.Web.HttpApplication.ExecuteStepImpl(IExecutionStep step)
   at System.Web.HttpApplication.ExecuteStep(IExecutionStep step, Boolean& completedSynchronously)
2021-02-20 00:16:55,026 => INFO  NA.PMS.Common.Logger.LogService.LogInformation():24 - Executing Action: Login on Controller: Account For User : svamadmin.
2021-02-20 00:16:55,046 => INFO  NA.PMS.Common.Logger.LogService.LogInformation():24 - Executed Action: Login on Controller: Account For User : svamadmin.
2021-02-20 00:17:07,911 => INFO  NA.PMS.Common.Logger.LogService.LogInformation():24 - Executing Action: Login on Controller: Account For User : svamadmin.
2021-02-20 00:17:23,445 => INFO  NA.PMS.Common.Logger.LogService.LogInformation():24 - Executed Action: Login on Controller: Account For User : svamadmin.
2021-02-20 00:17:23,529 => ERROR NA.PMS.Common.Logger.LogService.LogError():97 - Global Exception
System.Data.Entity.Core.EntityException: The underlying provider failed on Open. ---> System.Data.SqlClient.SqlException: A connection was successfully established with the server, but then an error occurred during the pre-login handshake. (provider: SSL Provider, error: 0 - The wait operation timed out.) ---> System.ComponentModel.Win32Exception: The wait operation timed out
   --- End of inner exception stack trace ---
   at System.Data.SqlClient.SqlInternalConnectionTds..ctor(DbConnectionPoolIdentity identity, SqlConnectionString connectionOptions, SqlCredential credential, Object providerInfo, String newPassword, SecureString newSecurePassword, Boolean redirectedUserInstance, SqlConnectionString userConnectionOptions, SessionData reconnectSessionData, DbConnectionPool pool, String accessToken, Boolean applyTransientFaultHandling, SqlAuthenticationProviderManager sqlAuthProviderManager)
   at System.Data.SqlClient.SqlConnectionFactory.CreateConnection(DbConnectionOptions options, DbConnectionPoolKey poolKey, Object poolGroupProviderInfo, DbConnectionPool pool, DbConnection owningConnection, DbConnectionOptions userOptions)
   at System.Data.ProviderBase.DbConnectionFactory.CreatePooledConnection(DbConnectionPool pool, DbConnection owningObject, DbConnectionOptions options, DbConnectionPoolKey poolKey, DbConnectionOptions userOptions)
   at System.Data.ProviderBase.DbConnectionPool.CreateObject(DbConnection owningObject, DbConnectionOptions userOptions, DbConnectionInternal oldConnection)
   at System.Data.ProviderBase.DbConnectionPool.UserCreateRequest(DbConnection owningObject, DbConnectionOptions userOptions, DbConnectionInternal oldConnection)
   at System.Data.ProviderBase.DbConnectionPool.TryGetConnection(DbConnection owningObject, UInt32 waitForMultipleObjectsTimeout, Boolean allowCreate, Boolean onlyOneCheckConnection, DbConnectionOptions userOptions, DbConnectionInternal& connection)
   at System.Data.ProviderBase.DbConnectionPool.TryGetConnection(DbConnection owningObject, TaskCompletionSource`1 retry, DbConnectionOptions userOptions, DbConnectionInternal& connection)
   at System.Data.ProviderBase.DbConnectionFactory.TryGetConnection(DbConnection owningConnection, TaskCompletionSource`1 retry, DbConnectionOptions userOptions, DbConnectionInternal oldConnection, DbConnectionInternal& connection)
   at System.Data.ProviderBase.DbConnectionInternal.TryOpenConnectionInternal(DbConnection outerConnection, DbConnectionFactory connectionFactory, TaskCompletionSource`1 retry, DbConnectionOptions userOptions)
   at System.Data.ProviderBase.DbConnectionClosed.TryOpenConnection(DbConnection outerConnection, DbConnectionFactory connectionFactory, TaskCompletionSource`1 retry, DbConnectionOptions userOptions)
   at System.Data.SqlClient.SqlConnection.TryOpenInner(TaskCompletionSource`1 retry)
   at System.Data.SqlClient.SqlConnection.TryOpen(TaskCompletionSource`1 retry)
   at System.Data.SqlClient.SqlConnection.Open()
   at System.Data.Entity.Infrastructure.Interception.DbConnectionDispatcher.<Open>b__36(DbConnection t, DbConnectionInterceptionContext c)
   at System.Data.Entity.Infrastructure.Interception.InternalDispatcher`1.Dispatch[TTarget,TInterceptionContext](TTarget target, Action`2 operation, TInterceptionContext interceptionContext, Action`3 executing, Action`3 executed)
   at System.Data.Entity.Infrastructure.Interception.DbConnectionDispatcher.Open(DbConnection connection, DbInterceptionContext interceptionContext)
   at System.Data.Entity.Core.EntityClient.EntityConnection.<Open>b__2()
   at System.Data.Entity.SqlServer.DefaultSqlExecutionStrategy.<>c__DisplayClass1.<Execute>b__0()
   at System.Data.Entity.SqlServer.DefaultSqlExecutionStrategy.Execute[TResult](Func`1 operation)
   at System.Data.Entity.SqlServer.DefaultSqlExecutionStrategy.Execute(Action operation)
   at System.Data.Entity.Core.EntityClient.EntityConnection.Open()
   --- End of inner exception stack trace ---
   at System.Data.Entity.Core.EntityClient.EntityConnection.Open()
   at System.Data.Entity.Core.Objects.ObjectContext.EnsureConnection(Boolean shouldMonitorTransactions)
   at System.Data.Entity.Core.Objects.ObjectContext.ExecuteInTransaction[T](Func`1 func, IDbExecutionStrategy executionStrategy, Boolean startLocalTransaction, Boolean releaseConnectionOnSuccess)
   at System.Data.Entity.Core.Objects.ObjectQuery`1.<>c__DisplayClass7.<GetResults>b__5()
   at System.Data.Entity.SqlServer.DefaultSqlExecutionStrategy.Execute[TResult](Func`1 operation)
   at System.Data.Entity.Core.Objects.ObjectQuery`1.GetResults(Nullable`1 forMergeOption)
   at System.Data.Entity.Core.Objects.ObjectQuery`1.<System.Collections.Generic.IEnumerable<T>.GetEnumerator>b__0()
   at System.Data.Entity.Internal.LazyEnumerator`1.MoveNext()
   at System.Linq.Enumerable.FirstOrDefault[TSource](IEnumerable`1 source)
   at System.Data.Entity.Core.Objects.ELinq.ObjectQueryProvider.<GetElementFunction>b__1[TResult](IEnumerable`1 sequence)
   at System.Data.Entity.Core.Objects.ELinq.ObjectQueryProvider.ExecuteSingle[TResult](IEnumerable`1 query, Expression queryRoot)
   at System.Data.Entity.Core.Objects.ELinq.ObjectQueryProvider.System.Linq.IQueryProvider.Execute[TResult](Expression expression)
   at System.Data.Entity.Internal.Linq.DbQueryProvider.Execute[TResult](Expression expression)
   at System.Linq.Queryable.FirstOrDefault[TSource](IQueryable`1 source, Expression`1 predicate)
   at NA.PMS.Repository.LoginRepository.ValidateUser(String userName, String password) in d:\TFSProject\NoidaAuthority\Source\NA.PMS\NA.PMS.Repository\Login\LoginRepository.cs:line 54
   at NA.PMS.Service.LoginService.ValidateUser(String userName, String password) in d:\TFSProject\NoidaAuthority\Source\NA.PMS\NA.PMS.Service\Login\LoginService.cs:line 28
   at NA.PMS.Web.Controllers.Common.PMSMembershipProvider.ValidateUser(String username, String password) in d:\TFSProject\NoidaAuthority\Source\NA.PMS\NA.PMS.Web\Controllers\Common\PMSMembershipProvider.cs:line 167
   at System.Web.Security.Membership.ValidateUser(String username, String password)
   at NA.PMS.Web.Controllers.AccountController.<Login>d__2.MoveNext() in d:\TFSProject\NoidaAuthority\Source\NA.PMS\NA.PMS.Web\Controllers\AccountController.cs:line 174
--- End of stack trace from previous location where exception was thrown ---
   at System.Runtime.CompilerServices.TaskAwaiter.ThrowForNonSuccess(Task task)
   at System.Runtime.CompilerServices.TaskAwaiter.HandleNonSuccessAndDebuggerNotification(Task task)
   at System.Runtime.CompilerServices.TaskAwaiter.GetResult()
   at System.Threading.Tasks.TaskHelpersExtensions.ThrowIfFaulted(Task task)
   at System.Web.Mvc.Async.TaskAsyncActionDescriptor.EndExecute(IAsyncResult asyncResult)
   at System.Web.Mvc.Async.AsyncControllerActionInvoker.<>c__DisplayClass37.<BeginInvokeAsynchronousActionMethod>b__36(IAsyncResult asyncResult)
   at System.Web.Mvc.Async.AsyncResultWrapper.WrappedAsyncResult`1.CallEndDelegate(IAsyncResult asyncResult)
   at System.Web.Mvc.Async.AsyncResultWrapper.WrappedAsyncResultBase`1.End()
   at System.Web.Mvc.Async.AsyncResultWrapper.End[TResult](IAsyncResult asyncResult, Object tag)
   at System.Web.Mvc.Async.AsyncControllerActionInvoker.EndInvokeActionMethod(IAsyncResult asyncResult)
   at System.Web.Mvc.Async.AsyncControllerActionInvoker.AsyncInvocationWithFilters.<InvokeActionMethodFilterAsynchronouslyRecursive>b__3d()
   at System.Web.Mvc.Async.AsyncControllerActionInvoker.AsyncInvocationWithFilters.<>c__DisplayClass46.<InvokeActionMethodFilterAsynchronouslyRecursive>b__3f()
   at System.Web.Mvc.Async.AsyncControllerActionInvoker.AsyncInvocationWithFilters.<>c__DisplayClass46.<InvokeActionMethodFilterAsynchronouslyRecursive>b__3f()
   at System.Web.Mvc.Async.AsyncControllerActionInvoker.<>c__DisplayClass33.<BeginInvokeActionMethodWithFilters>b__32(IAsyncResult asyncResult)
   at System.Web.Mvc.Async.AsyncResultWrapper.WrappedAsyncResult`1.CallEndDelegate(IAsyncResult asyncResult)
   at System.Web.Mvc.Async.AsyncResultWrapper.WrappedAsyncResultBase`1.End()
   at System.Web.Mvc.Async.AsyncResultWrapper.End[TResult](IAsyncResult asyncResult, Object tag)
   at System.Web.Mvc.Async.AsyncControllerActionInvoker.EndInvokeActionMethodWithFilters(IAsyncResult asyncResult)
   at System.Web.Mvc.Async.AsyncControllerActionInvoker.<>c__DisplayClass21.<>c__DisplayClass2b.<BeginInvokeAction>b__1c()
   at System.Web.Mvc.Async.AsyncControllerActionInvoker.<>c__DisplayClass21.<BeginInvokeAction>b__1e(IAsyncResult asyncResult)
   at System.Web.Mvc.Async.AsyncResultWrapper.WrappedAsyncResult`1.CallEndDelegate(IAsyncResult asyncResult)
   at System.Web.Mvc.Async.AsyncResultWrapper.WrappedAsyncResultBase`1.End()
   at System.Web.Mvc.Async.AsyncResultWrapper.End[TResult](IAsyncResult asyncResult, Object tag)
   at System.Web.Mvc.Async.AsyncControllerActionInvoker.EndInvokeAction(IAsyncResult asyncResult)
   at System.Web.Mvc.Controller.<BeginExecuteCore>b__1d(IAsyncResult asyncResult, ExecuteCoreState innerState)
   at System.Web.Mvc.Async.AsyncResultWrapper.WrappedAsyncVoid`1.CallEndDelegate(IAsyncResult asyncResult)
   at System.Web.Mvc.Async.AsyncResultWrapper.WrappedAsyncResultBase`1.End()
   at System.Web.Mvc.Async.AsyncResultWrapper.End[TResult](IAsyncResult asyncResult, Object tag)
   at System.Web.Mvc.Async.AsyncResultWrapper.End(IAsyncResult asyncResult, Object tag)
   at System.Web.Mvc.Controller.EndExecuteCore(IAsyncResult asyncResult)
   at System.Web.Mvc.Controller.<BeginExecute>b__15(IAsyncResult asyncResult, Controller controller)
   at System.Web.Mvc.Async.AsyncResultWrapper.WrappedAsyncVoid`1.CallEndDelegate(IAsyncResult asyncResult)
   at System.Web.Mvc.Async.AsyncResultWrapper.WrappedAsyncResultBase`1.End()
   at System.Web.Mvc.Async.AsyncResultWrapper.End[TResult](IAsyncResult asyncResult, Object tag)
   at System.Web.Mvc.Async.AsyncResultWrapper.End(IAsyncResult asyncResult, Object tag)
   at System.Web.Mvc.Controller.EndExecute(IAsyncResult asyncResult)
   at System.Web.Mvc.Controller.System.Web.Mvc.Async.IAsyncController.EndExecute(IAsyncResult asyncResult)
   at System.Web.Mvc.MvcHandler.<BeginProcessRequest>b__5(IAsyncResult asyncResult, ProcessRequestState innerState)
   at System.Web.Mvc.Async.AsyncResultWrapper.WrappedAsyncVoid`1.CallEndDelegate(IAsyncResult asyncResult)
   at System.Web.Mvc.Async.AsyncResultWrapper.WrappedAsyncResultBase`1.End()
   at System.Web.Mvc.Async.AsyncResultWrapper.End[TResult](IAsyncResult asyncResult, Object tag)
   at System.Web.Mvc.Async.AsyncResultWrapper.End(IAsyncResult asyncResult, Object tag)
   at System.Web.Mvc.MvcHandler.EndProcessRequest(IAsyncResult asyncResult)
   at System.Web.Mvc.MvcHandler.System.Web.IHttpAsyncHandler.EndProcessRequest(IAsyncResult result)
   at System.Web.HttpApplication.CallHandlerExecutionStep.System.Web.HttpApplication.IExecutionStep.Execute()
   at System.Web.HttpApplication.ExecuteStepImpl(IExecutionStep step)
   at System.Web.HttpApplication.ExecuteStep(IExecutionStep step, Boolean& completedSynchronously)
2021-02-20 00:19:27,370 => INFO  NA.PMS.Common.Logger.LogService.LogInformation():24 - Executing Action: Login on Controller: Account For User : svamadmin.
2021-02-20 00:19:27,410 => INFO  NA.PMS.Common.Logger.LogService.LogInformation():24 - Executed Action: Login on Controller: Account For User : svamadmin.
2021-02-20 00:19:37,628 => INFO  NA.PMS.Common.Logger.LogService.LogInformation():24 - Executing Action: Login on Controller: Account For User : svamadmin.
2021-02-20 00:19:39,325 => INFO  NA.PMS.Common.Logger.LogService.LogInformation():24 - Executed Action: Login on Controller: Account For User : svamadmin.
2021-02-20 00:19:39,369 => INFO  NA.PMS.Common.Logger.LogService.LogInformation():24 - Executing Action: Login on Controller: Account For User : svamadmin.
2021-02-20 00:19:39,396 => INFO  NA.PMS.Common.Logger.LogService.LogInformation():24 - Executed Action: Login on Controller: Account For User : svamadmin.
2021-02-20 00:19:43,088 => INFO  NA.PMS.Common.Logger.LogService.LogInformation():24 - Executing Action: LoginAfterVerifyOTP on Controller: Account For User : svamadmin.
2021-02-20 00:19:44,748 => INFO  NA.PMS.Common.Logger.LogService.LogInformation():24 - Executed Action: LoginAfterVerifyOTP on Controller: Account For User : svamadmin.
2021-02-20 00:19:46,608 => INFO  NA.PMS.Common.Logger.LogService.LogInformation():24 - Executing Action: Login on Controller: Account For User : svamadmin.
2021-02-20 00:19:46,638 => INFO  NA.PMS.Common.Logger.LogService.LogInformation():24 - Executed Action: Login on Controller: Account For User : svamadmin.
2021-02-20 00:19:47,588 => INFO  NA.PMS.Common.Logger.LogService.LogInformation():24 - Executing Action: GetDepartmentForAdvanceSearch on Controller: PropertyAllotment For User : svamadmin.
2021-02-20 00:19:47,715 => INFO  NA.PMS.Common.Logger.LogService.LogInformation():24 - Executed Action: GetDepartmentForAdvanceSearch on Controller: PropertyAllotment For User : svamadmin.
2021-02-20 00:20:35,267 => ERROR NA.PMS.Common.Logger.LogService.LogError():97 - Global Exception
System.NotSupportedException: The specified type member 'UserName' is not supported in LINQ to Entities. Only initializers, entity members, and entity navigation properties are supported.
   at System.Data.Entity.Core.Objects.ELinq.ExpressionConverter.MemberAccessTranslator.TypedTranslate(ExpressionConverter parent, MemberExpression linq)
   at System.Data.Entity.Core.Objects.ELinq.ExpressionConverter.TypedTranslator`1.Translate(ExpressionConverter parent, Expression linq)
   at System.Data.Entity.Core.Objects.ELinq.ExpressionConverter.TranslateExpression(Expression linq)
   at System.Data.Entity.Core.Objects.ELinq.ExpressionConverter.TranslateLambda(LambdaExpression lambda, DbExpression input)
   at System.Data.Entity.Core.Objects.ELinq.ExpressionConverter.TranslateLambda(LambdaExpression lambda, DbExpression input, DbExpressionBinding& binding)
   at System.Data.Entity.Core.Objects.ELinq.ExpressionConverter.MethodCallTranslator.OneLambdaTranslator.Translate(ExpressionConverter parent, MethodCallExpression call, DbExpression& source, DbExpressionBinding& sourceBinding, DbExpression& lambda)
   at System.Data.Entity.Core.Objects.ELinq.ExpressionConverter.MethodCallTranslator.OneLambdaTranslator.Translate(ExpressionConverter parent, MethodCallExpression call)
   at System.Data.Entity.Core.Objects.ELinq.ExpressionConverter.MethodCallTranslator.SequenceMethodTranslator.Translate(ExpressionConverter parent, MethodCallExpression call, SequenceMethod sequenceMethod)
   at System.Data.Entity.Core.Objects.ELinq.ExpressionConverter.MethodCallTranslator.TypedTranslate(ExpressionConverter parent, MethodCallExpression linq)
   at System.Data.Entity.Core.Objects.ELinq.ExpressionConverter.TypedTranslator`1.Translate(ExpressionConverter parent, Expression linq)
   at System.Data.Entity.Core.Objects.ELinq.ExpressionConverter.TranslateExpression(Expression linq)
   at System.Data.Entity.Core.Objects.ELinq.ExpressionConverter.MethodCallTranslator.UnarySequenceMethodTranslator.Translate(ExpressionConverter parent, MethodCallExpression call)
   at System.Data.Entity.Core.Objects.ELinq.ExpressionConverter.MethodCallTranslator.SequenceMethodTranslator.Translate(ExpressionConverter parent, MethodCallExpression call, SequenceMethod sequenceMethod)
   at System.Data.Entity.Core.Objects.ELinq.ExpressionConverter.MethodCallTranslator.TypedTranslate(ExpressionConverter parent, MethodCallExpression linq)
   at System.Data.Entity.Core.Objects.ELinq.ExpressionConverter.TypedTranslator`1.Translate(ExpressionConverter parent, Expression linq)
   at System.Data.Entity.Core.Objects.ELinq.ExpressionConverter.TranslateExpression(Expression linq)
   at System.Data.Entity.Core.Objects.ELinq.ExpressionConverter.MethodCallTranslator.UnarySequenceMethodTranslator.Translate(ExpressionConverter parent, MethodCallExpression call)
   at System.Data.Entity.Core.Objects.ELinq.ExpressionConverter.MethodCallTranslator.SequenceMethodTranslator.Translate(ExpressionConverter parent, MethodCallExpression call, SequenceMethod sequenceMethod)
   at System.Data.Entity.Core.Objects.ELinq.ExpressionConverter.MethodCallTranslator.TypedTranslate(ExpressionConverter parent, MethodCallExpression linq)
   at System.Data.Entity.Core.Objects.ELinq.ExpressionConverter.TypedTranslator`1.Translate(ExpressionConverter parent, Expression linq)
   at System.Data.Entity.Core.Objects.ELinq.ExpressionConverter.TranslateExpression(Expression linq)
   at System.Data.Entity.Core.Objects.ELinq.ExpressionConverter.Convert()
   at System.Data.Entity.Core.Objects.ELinq.ELinqQueryState.GetExecutionPlan(Nullable`1 forMergeOption)
   at System.Data.Entity.Core.Objects.ObjectQuery`1.<>c__DisplayClass7.<GetResults>b__6()
   at System.Data.Entity.Core.Objects.ObjectContext.ExecuteInTransaction[T](Func`1 func, IDbExecutionStrategy executionStrategy, Boolean startLocalTransaction, Boolean releaseConnectionOnSuccess)
   at System.Data.Entity.Core.Objects.ObjectQuery`1.<>c__DisplayClass7.<GetResults>b__5()
   at System.Data.Entity.SqlServer.DefaultSqlExecutionStrategy.Execute[TResult](Func`1 operation)
   at System.Data.Entity.Core.Objects.ObjectQuery`1.GetResults(Nullable`1 forMergeOption)
   at System.Data.Entity.Core.Objects.ObjectQuery`1.<System.Collections.Generic.IEnumerable<T>.GetEnumerator>b__0()
   at System.Data.Entity.Internal.LazyEnumerator`1.MoveNext()
   at Kendo.Mvc.Extensions.QueryableExtensions.Execute[TModel,TResult](IQueryable source, Func`2 selector)
   at Kendo.Mvc.Extensions.QueryableExtensions.CreateDataSourceResult[TModel,TResult](IQueryable queryable, DataSourceRequest request, ModelStateDictionary modelState, Func`2 selector)
   at Kendo.Mvc.Extensions.QueryableExtensions.ToDataSourceResult(IQueryable queryable, DataSourceRequest request, ModelStateDictionary modelState)
   at Kendo.Mvc.Extensions.QueryableExtensions.ToDataSourceResult(IQueryable enumerable, DataSourceRequest request)
   at NA.PMS.UserManagement.AdminRepository.GetDepartmentListAsDataSource(DataSourceRequest request, NDARoleViewModel model) in d:\TFSProject\NoidaAuthority\Source\NA.PMS\NA.PMS.UserManagement\Repositories\AdminRepository.cs:line 1712
   at NA.PMS.UserManagement.NoidaAdminController.GetDepartmentListAsDataSource(DataSourceRequest request, NDARoleViewModel model) in d:\TFSProject\NoidaAuthority\Source\NA.PMS\NA.PMS.UserManagement\Controllers\NoidaAdminController.cs:line 339
   at lambda_method(Closure , ControllerBase , Object[] )
   at System.Web.Mvc.ActionMethodDispatcher.Execute(ControllerBase controller, Object[] parameters)
   at System.Web.Mvc.ReflectedActionDescriptor.Execute(ControllerContext controllerContext, IDictionary`2 parameters)
   at System.Web.Mvc.ControllerActionInvoker.InvokeActionMethod(ControllerContext controllerContext, ActionDescriptor actionDescriptor, IDictionary`2 parameters)
   at System.Web.Mvc.Async.AsyncControllerActionInvoker.ActionInvocation.InvokeSynchronousActionMethod()
   at System.Web.Mvc.Async.AsyncControllerActionInvoker.<BeginInvokeSynchronousActionMethod>b__39(IAsyncResult asyncResult, ActionInvocation innerInvokeState)
   at System.Web.Mvc.Async.AsyncResultWrapper.WrappedAsyncResult`2.CallEndDelegate(IAsyncResult asyncResult)
   at System.Web.Mvc.Async.AsyncResultWrapper.WrappedAsyncResultBase`1.End()
   at System.Web.Mvc.Async.AsyncResultWrapper.End[TResult](IAsyncResult asyncResult, Object tag)
   at System.Web.Mvc.Async.AsyncControllerActionInvoker.EndInvokeActionMethod(IAsyncResult asyncResult)
   at System.Web.Mvc.Async.AsyncControllerActionInvoker.AsyncInvocationWithFilters.<InvokeActionMethodFilterAsynchronouslyRecursive>b__3d()
   at System.Web.Mvc.Async.AsyncControllerActionInvoker.AsyncInvocationWithFilters.<>c__DisplayClass46.<InvokeActionMethodFilterAsynchronouslyRecursive>b__3f()
   at System.Web.Mvc.Async.AsyncControllerActionInvoker.<>c__DisplayClass33.<BeginInvokeActionMethodWithFilters>b__32(IAsyncResult asyncResult)
   at System.Web.Mvc.Async.AsyncResultWrapper.WrappedAsyncResult`1.CallEndDelegate(IAsyncResult asyncResult)
   at System.Web.Mvc.Async.AsyncResultWrapper.WrappedAsyncResultBase`1.End()
   at System.Web.Mvc.Async.AsyncResultWrapper.End[TResult](IAsyncResult asyncResult, Object tag)
   at System.Web.Mvc.Async.AsyncControllerActionInvoker.EndInvokeActionMethodWithFilters(IAsyncResult asyncResult)
   at System.Web.Mvc.Async.AsyncControllerActionInvoker.<>c__DisplayClass21.<>c__DisplayClass2b.<BeginInvokeAction>b__1c()
   at System.Web.Mvc.Async.AsyncControllerActionInvoker.<>c__DisplayClass21.<BeginInvokeAction>b__1e(IAsyncResult asyncResult)
   at System.Web.Mvc.Async.AsyncResultWrapper.WrappedAsyncResult`1.CallEndDelegate(IAsyncResult asyncResult)
   at System.Web.Mvc.Async.AsyncResultWrapper.WrappedAsyncResultBase`1.End()
   at System.Web.Mvc.Async.AsyncResultWrapper.End[TResult](IAsyncResult asyncResult, Object tag)
   at System.Web.Mvc.Async.AsyncControllerActionInvoker.EndInvokeAction(IAsyncResult asyncResult)
   at System.Web.Mvc.Controller.<BeginExecuteCore>b__1d(IAsyncResult asyncResult, ExecuteCoreState innerState)
   at System.Web.Mvc.Async.AsyncResultWrapper.WrappedAsyncVoid`1.CallEndDelegate(IAsyncResult asyncResult)
   at System.Web.Mvc.Async.AsyncResultWrapper.WrappedAsyncResultBase`1.End()
   at System.Web.Mvc.Async.AsyncResultWrapper.End[TResult](IAsyncResult asyncResult, Object tag)
   at System.Web.Mvc.Async.AsyncResultWrapper.End(IAsyncResult asyncResult, Object tag)
   at System.Web.Mvc.Controller.EndExecuteCore(IAsyncResult asyncResult)
   at System.Web.Mvc.Controller.<BeginExecute>b__15(IAsyncResult asyncResult, Controller controller)
   at System.Web.Mvc.Async.AsyncResultWrapper.WrappedAsyncVoid`1.CallEndDelegate(IAsyncResult asyncResult)
   at System.Web.Mvc.Async.AsyncResultWrapper.WrappedAsyncResultBase`1.End()
   at System.Web.Mvc.Async.AsyncResultWrapper.End[TResult](IAsyncResult asyncResult, Object tag)
   at System.Web.Mvc.Async.AsyncResultWrapper.End(IAsyncResult asyncResult, Object tag)
   at System.Web.Mvc.Controller.EndExecute(IAsyncResult asyncResult)
   at System.Web.Mvc.Controller.System.Web.Mvc.Async.IAsyncController.EndExecute(IAsyncResult asyncResult)
   at System.Web.Mvc.MvcHandler.<BeginProcessRequest>b__5(IAsyncResult asyncResult, ProcessRequestState innerState)
   at System.Web.Mvc.Async.AsyncResultWrapper.WrappedAsyncVoid`1.CallEndDelegate(IAsyncResult asyncResult)
   at System.Web.Mvc.Async.AsyncResultWrapper.WrappedAsyncResultBase`1.End()
   at System.Web.Mvc.Async.AsyncResultWrapper.End[TResult](IAsyncResult asyncResult, Object tag)
   at System.Web.Mvc.Async.AsyncResultWrapper.End(IAsyncResult asyncResult, Object tag)
   at System.Web.Mvc.MvcHandler.EndProcessRequest(IAsyncResult asyncResult)
   at System.Web.Mvc.MvcHandler.System.Web.IHttpAsyncHandler.EndProcessRequest(IAsyncResult result)
   at System.Web.HttpApplication.CallHandlerExecutionStep.System.Web.HttpApplication.IExecutionStep.Execute()
   at System.Web.HttpApplication.ExecuteStepImpl(IExecutionStep step)
   at System.Web.HttpApplication.ExecuteStep(IExecutionStep step, Boolean& completedSynchronously)
2021-02-20 00:22:05,673 => INFO  NA.PMS.Common.Logger.LogService.LogInformation():24 - Executing Action: Login on Controller: Account For User : svamadmin.
2021-02-20 00:22:05,944 => INFO  NA.PMS.Common.Logger.LogService.LogInformation():24 - Executed Action: Login on Controller: Account For User : svamadmin.
2021-02-20 00:22:24,515 => INFO  NA.PMS.Common.Logger.LogService.LogInformation():24 - Executing Action: Login on Controller: Account For User : svamadmin.
2021-02-20 00:22:28,418 => INFO  NA.PMS.Common.Logger.LogService.LogInformation():24 - Executed Action: Login on Controller: Account For User : svamadmin.
2021-02-20 00:22:28,441 => INFO  NA.PMS.Common.Logger.LogService.LogInformation():24 - Executing Action: Login on Controller: Account For User : svamadmin.
2021-02-20 00:22:28,444 => INFO  NA.PMS.Common.Logger.LogService.LogInformation():24 - Executed Action: Login on Controller: Account For User : svamadmin.
2021-02-20 00:22:33,339 => INFO  NA.PMS.Common.Logger.LogService.LogInformation():24 - Executing Action: LoginAfterVerifyOTP on Controller: Account For User : svamadmin.
2021-02-20 00:22:34,982 => INFO  NA.PMS.Common.Logger.LogService.LogInformation():24 - Executed Action: LoginAfterVerifyOTP on Controller: Account For User : svamadmin.
2021-02-20 00:22:36,403 => INFO  NA.PMS.Common.Logger.LogService.LogInformation():24 - Executing Action: Login on Controller: Account For User : svamadmin.
2021-02-20 00:22:36,465 => INFO  NA.PMS.Common.Logger.LogService.LogInformation():24 - Executed Action: Login on Controller: Account For User : svamadmin.
2021-02-20 00:22:38,131 => INFO  NA.PMS.Common.Logger.LogService.LogInformation():24 - Executing Action: GetDepartmentForAdvanceSearch on Controller: PropertyAllotment For User : svamadmin.
2021-02-20 00:22:38,226 => INFO  NA.PMS.Common.Logger.LogService.LogInformation():24 - Executed Action: GetDepartmentForAdvanceSearch on Controller: PropertyAllotment For User : svamadmin.
2021-02-20 00:36:12,284 => ERROR NA.PMS.Common.Logger.LogService.LogError():97 - Global Exception
System.Web.HttpCompileException (0x80004005): d:\TFSProject\NoidaAuthority\Source\NA.PMS\NA.PMS.Web\Areas\Admin\Views\Organization\ManageDepartment.cshtml(63): error CS1502: The best overloaded method match for 'System.Web.WebPages.WebPageExecutingBase.Write(System.Web.WebPages.HelperResult)' has some invalid arguments
   at System.Web.Compilation.AssemblyBuilder.Compile()
   at System.Web.Compilation.BuildProvidersCompiler.PerformBuild()
   at System.Web.Compilation.BuildManager.CompileWebFile(VirtualPath virtualPath)
   at System.Web.Compilation.BuildManager.GetVPathBuildResultInternal(VirtualPath virtualPath, Boolean noBuild, Boolean allowCrossApp, Boolean allowBuildInPrecompile, Boolean throwIfNotFound, Boolean ensureIsUpToDate)
   at System.Web.Compilation.BuildManager.GetVPathBuildResultWithNoAssert(HttpContext context, VirtualPath virtualPath, Boolean noBuild, Boolean allowCrossApp, Boolean allowBuildInPrecompile, Boolean throwIfNotFound, Boolean ensureIsUpToDate)
   at System.Web.Compilation.BuildManager.GetVirtualPathObjectFactory(VirtualPath virtualPath, HttpContext context, Boolean allowCrossApp, Boolean throwIfNotFound)
   at System.Web.Compilation.BuildManager.GetCompiledType(VirtualPath virtualPath)
   at System.Web.Compilation.BuildManager.GetCompiledType(String virtualPath)
   at System.Web.Mvc.BuildManagerWrapper.System.Web.Mvc.IBuildManager.GetCompiledType(String virtualPath)
   at System.Web.Mvc.BuildManagerCompiledView.Render(ViewContext viewContext, TextWriter writer)
   at System.Web.Mvc.ViewResultBase.ExecuteResult(ControllerContext context)
   at System.Web.Mvc.ControllerActionInvoker.InvokeActionResult(ControllerContext controllerContext, ActionResult actionResult)
   at System.Web.Mvc.ControllerActionInvoker.InvokeActionResultFilterRecursive(IList`1 filters, Int32 filterIndex, ResultExecutingContext preContext, ControllerContext controllerContext, ActionResult actionResult)
   at System.Web.Mvc.ControllerActionInvoker.InvokeActionResultFilterRecursive(IList`1 filters, Int32 filterIndex, ResultExecutingContext preContext, ControllerContext controllerContext, ActionResult actionResult)
   at System.Web.Mvc.ControllerActionInvoker.InvokeActionResultWithFilters(ControllerContext controllerContext, IList`1 filters, ActionResult actionResult)
   at System.Web.Mvc.Async.AsyncControllerActionInvoker.<>c__DisplayClass21.<>c__DisplayClass2b.<BeginInvokeAction>b__1c()
   at System.Web.Mvc.Async.AsyncControllerActionInvoker.<>c__DisplayClass21.<BeginInvokeAction>b__1e(IAsyncResult asyncResult)
   at System.Web.Mvc.Async.AsyncResultWrapper.WrappedAsyncResult`1.CallEndDelegate(IAsyncResult asyncResult)
   at System.Web.Mvc.Async.AsyncResultWrapper.WrappedAsyncResultBase`1.End()
   at System.Web.Mvc.Async.AsyncResultWrapper.End[TResult](IAsyncResult asyncResult, Object tag)
   at System.Web.Mvc.Async.AsyncControllerActionInvoker.EndInvokeAction(IAsyncResult asyncResult)
   at System.Web.Mvc.Controller.<BeginExecuteCore>b__1d(IAsyncResult asyncResult, ExecuteCoreState innerState)
   at System.Web.Mvc.Async.AsyncResultWrapper.WrappedAsyncVoid`1.CallEndDelegate(IAsyncResult asyncResult)
   at System.Web.Mvc.Async.AsyncResultWrapper.WrappedAsyncResultBase`1.End()
   at System.Web.Mvc.Async.AsyncResultWrapper.End[TResult](IAsyncResult asyncResult, Object tag)
   at System.Web.Mvc.Async.AsyncResultWrapper.End(IAsyncResult asyncResult, Object tag)
   at System.Web.Mvc.Controller.EndExecuteCore(IAsyncResult asyncResult)
   at System.Web.Mvc.Controller.<BeginExecute>b__15(IAsyncResult asyncResult, Controller controller)
   at System.Web.Mvc.Async.AsyncResultWrapper.WrappedAsyncVoid`1.CallEndDelegate(IAsyncResult asyncResult)
   at System.Web.Mvc.Async.AsyncResultWrapper.WrappedAsyncResultBase`1.End()
   at System.Web.Mvc.Async.AsyncResultWrapper.End[TResult](IAsyncResult asyncResult, Object tag)
   at System.Web.Mvc.Async.AsyncResultWrapper.End(IAsyncResult asyncResult, Object tag)
   at System.Web.Mvc.Controller.EndExecute(IAsyncResult asyncResult)
   at System.Web.Mvc.Controller.System.Web.Mvc.Async.IAsyncController.EndExecute(IAsyncResult asyncResult)
   at System.Web.Mvc.MvcHandler.<BeginProcessRequest>b__5(IAsyncResult asyncResult, ProcessRequestState innerState)
   at System.Web.Mvc.Async.AsyncResultWrapper.WrappedAsyncVoid`1.CallEndDelegate(IAsyncResult asyncResult)
   at System.Web.Mvc.Async.AsyncResultWrapper.WrappedAsyncResultBase`1.End()
   at System.Web.Mvc.Async.AsyncResultWrapper.End[TResult](IAsyncResult asyncResult, Object tag)
   at System.Web.Mvc.Async.AsyncResultWrapper.End(IAsyncResult asyncResult, Object tag)
   at System.Web.Mvc.MvcHandler.EndProcessRequest(IAsyncResult asyncResult)
   at System.Web.Mvc.MvcHandler.System.Web.IHttpAsyncHandler.EndProcessRequest(IAsyncResult result)
   at System.Web.HttpApplication.CallHandlerExecutionStep.System.Web.HttpApplication.IExecutionStep.Execute()
   at System.Web.HttpApplication.ExecuteStepImpl(IExecutionStep step)
   at System.Web.HttpApplication.ExecuteStep(IExecutionStep step, Boolean& completedSynchronously)
2021-02-20 00:37:13,470 => INFO  NA.PMS.Common.Logger.LogService.LogInformation():24 - Executing Action: GetDepartmentList on Controller: Application For User : svamadmin.
2021-02-20 00:37:13,569 => INFO  NA.PMS.Common.Logger.LogService.LogInformation():24 - Executed Action: GetDepartmentList on Controller: Application For User : svamadmin.
2021-02-20 00:38:24,707 => INFO  NA.PMS.Common.Logger.LogService.LogInformation():24 - Executing Action: GetDepartmentList on Controller: Application For User : svamadmin.
2021-02-20 00:38:24,829 => INFO  NA.PMS.Common.Logger.LogService.LogInformation():24 - Executed Action: GetDepartmentList on Controller: Application For User : svamadmin.
2021-02-20 00:39:37,752 => INFO  NA.PMS.Common.Logger.LogService.LogInformation():24 - Executing Action: GetDepartmentList on Controller: Application For User : svamadmin.
2021-02-20 00:39:37,830 => INFO  NA.PMS.Common.Logger.LogService.LogInformation():24 - Executed Action: GetDepartmentList on Controller: Application For User : svamadmin.
2021-02-20 00:40:10,585 => INFO  NA.PMS.Common.Logger.LogService.LogInformation():24 - Executing Action: GetDepartmentList on Controller: Application For User : svamadmin.
2021-02-20 00:40:10,672 => INFO  NA.PMS.Common.Logger.LogService.LogInformation():24 - Executed Action: GetDepartmentList on Controller: Application For User : svamadmin.
2021-02-20 00:40:57,050 => INFO  NA.PMS.Common.Logger.LogService.LogInformation():24 - Executing Action: GetApplicationList on Controller: Application For User : svamadmin.
2021-02-20 00:40:57,203 => INFO  NA.PMS.Common.Logger.LogService.LogInformation():24 - Executed Action: GetApplicationList on Controller: Application For User : svamadmin.
2021-02-20 00:40:57,481 => INFO  NA.PMS.Common.Logger.LogService.LogInformation():24 - Executing Action: GetUserNameListAsDataSource on Controller: Application For User : svamadmin.
2021-02-20 00:40:57,686 => INFO  NA.PMS.Common.Logger.LogService.LogInformation():24 - Executed Action: GetUserNameListAsDataSource on Controller: Application For User : svamadmin.
2021-02-20 00:40:57,927 => INFO  NA.PMS.Common.Logger.LogService.LogInformation():24 - Executing Action: GetDeparmentListAsDataSource on Controller: Application For User : svamadmin.
2021-02-20 00:40:58,111 => INFO  NA.PMS.Common.Logger.LogService.LogInformation():24 - Executed Action: GetDeparmentListAsDataSource on Controller: Application For User : svamadmin.
2021-02-20 00:40:58,377 => INFO  NA.PMS.Common.Logger.LogService.LogInformation():24 - Executing Action: GetApplicationList on Controller: Application For User : svamadmin.
2021-02-20 00:40:58,468 => INFO  NA.PMS.Common.Logger.LogService.LogInformation():24 - Executed Action: GetApplicationList on Controller: Application For User : svamadmin.
2021-02-20 00:40:59,110 => INFO  NA.PMS.Common.Logger.LogService.LogInformation():24 - Executing Action: GetDepartmentList on Controller: Application For User : svamadmin.
2021-02-20 00:40:59,195 => INFO  NA.PMS.Common.Logger.LogService.LogInformation():24 - Executed Action: GetDepartmentList on Controller: Application For User : svamadmin.
2021-02-20 00:40:59,374 => INFO  NA.PMS.Common.Logger.LogService.LogInformation():24 - Executing Action: GetDepartmentList on Controller: Application For User : svamadmin.
2021-02-20 00:40:59,540 => INFO  NA.PMS.Common.Logger.LogService.LogInformation():24 - Executed Action: GetDepartmentList on Controller: Application For User : svamadmin.
2021-02-20 00:40:59,722 => INFO  NA.PMS.Common.Logger.LogService.LogInformation():24 - Executing Action: GetDepartmentList on Controller: Application For User : svamadmin.
2021-02-20 00:40:59,819 => INFO  NA.PMS.Common.Logger.LogService.LogInformation():24 - Executed Action: GetDepartmentList on Controller: Application For User : svamadmin.
2021-02-20 00:41:00,087 => INFO  NA.PMS.Common.Logger.LogService.LogInformation():24 - Executing Action: GetSchemeTypeList on Controller: Application For User : svamadmin.
2021-02-20 00:41:00,193 => INFO  NA.PMS.Common.Logger.LogService.LogInformation():24 - Executed Action: GetSchemeTypeList on Controller: Application For User : svamadmin.
2021-02-20 00:41:00,651 => INFO  NA.PMS.Common.Logger.LogService.LogInformation():24 - Executing Action: GetParentMenuList on Controller: Application For User : svamadmin.
2021-02-20 00:41:00,802 => INFO  NA.PMS.Common.Logger.LogService.LogInformation():24 - Executed Action: GetParentMenuList on Controller: Application For User : svamadmin.
2021-02-20 00:41:01,189 => INFO  NA.PMS.Common.Logger.LogService.LogInformation():24 - Executing Action: GetCommonConfigCategoryList on Controller: Application For User : svamadmin.
2021-02-20 00:41:01,310 => INFO  NA.PMS.Common.Logger.LogService.LogInformation():24 - Executed Action: GetCommonConfigCategoryList on Controller: Application For User : svamadmin.
2021-02-20 00:41:01,706 => INFO  NA.PMS.Common.Logger.LogService.LogInformation():24 - Executing Action: GetStatusTypeList on Controller: Application For User : svamadmin.
2021-02-20 00:41:01,806 => INFO  NA.PMS.Common.Logger.LogService.LogInformation():24 - Executed Action: GetStatusTypeList on Controller: Application For User : svamadmin.
2021-02-20 00:43:07,701 => INFO  NA.PMS.Common.Logger.LogService.LogInformation():24 - Executing Action: GetUserNameListAsDataSource on Controller: Application For User : svamadmin.
2021-02-20 00:43:07,877 => INFO  NA.PMS.Common.Logger.LogService.LogInformation():24 - Executed Action: GetUserNameListAsDataSource on Controller: Application For User : svamadmin.
2021-02-20 00:43:08,547 => INFO  NA.PMS.Common.Logger.LogService.LogInformation():24 - Executing Action: GetDeparmentListAsDataSource on Controller: Application For User : svamadmin.
2021-02-20 00:43:08,782 => INFO  NA.PMS.Common.Logger.LogService.LogInformation():24 - Executed Action: GetDeparmentListAsDataSource on Controller: Application For User : svamadmin.
2021-02-20 00:43:08,966 => INFO  NA.PMS.Common.Logger.LogService.LogInformation():24 - Executing Action: GetSchemeTypeList on Controller: Application For User : svamadmin.
2021-02-20 00:43:09,057 => INFO  NA.PMS.Common.Logger.LogService.LogInformation():24 - Executed Action: GetSchemeTypeList on Controller: Application For User : svamadmin.
2021-02-20 00:43:09,322 => INFO  NA.PMS.Common.Logger.LogService.LogInformation():24 - Executing Action: GetApplicationList on Controller: Application For User : svamadmin.
2021-02-20 00:43:09,409 => INFO  NA.PMS.Common.Logger.LogService.LogInformation():24 - Executed Action: GetApplicationList on Controller: Application For User : svamadmin.
2021-02-20 00:43:09,592 => INFO  NA.PMS.Common.Logger.LogService.LogInformation():24 - Executing Action: GetDepartmentList on Controller: Application For User : svamadmin.
2021-02-20 00:43:09,677 => INFO  NA.PMS.Common.Logger.LogService.LogInformation():24 - Executed Action: GetDepartmentList on Controller: Application For User : svamadmin.
2021-02-20 00:43:09,833 => INFO  NA.PMS.Common.Logger.LogService.LogInformation():24 - Executing Action: GetDepartmentList on Controller: Application For User : svamadmin.
2021-02-20 00:43:09,947 => INFO  NA.PMS.Common.Logger.LogService.LogInformation():24 - Executed Action: GetDepartmentList on Controller: Application For User : svamadmin.
2021-02-20 00:43:10,494 => INFO  NA.PMS.Common.Logger.LogService.LogInformation():24 - Executing Action: GetApplicationList on Controller: Application For User : svamadmin.
2021-02-20 00:43:10,577 => INFO  NA.PMS.Common.Logger.LogService.LogInformation():24 - Executed Action: GetApplicationList on Controller: Application For User : svamadmin.
2021-02-20 00:43:11,029 => INFO  NA.PMS.Common.Logger.LogService.LogInformation():24 - Executing Action: GetParentMenuList on Controller: Application For User : svamadmin.
2021-02-20 00:43:11,121 => INFO  NA.PMS.Common.Logger.LogService.LogInformation():24 - Executed Action: GetParentMenuList on Controller: Application For User : svamadmin.
2021-02-20 00:43:11,573 => INFO  NA.PMS.Common.Logger.LogService.LogInformation():24 - Executing Action: GetStatusTypeList on Controller: Application For User : svamadmin.
2021-02-20 00:43:11,671 => INFO  NA.PMS.Common.Logger.LogService.LogInformation():24 - Executed Action: GetStatusTypeList on Controller: Application For User : svamadmin.
2021-02-20 00:43:12,324 => INFO  NA.PMS.Common.Logger.LogService.LogInformation():24 - Executing Action: GetCommonConfigCategoryList on Controller: Application For User : svamadmin.
2021-02-20 00:43:12,472 => INFO  NA.PMS.Common.Logger.LogService.LogInformation():24 - Executed Action: GetCommonConfigCategoryList on Controller: Application For User : svamadmin.
2021-02-20 00:43:13,133 => INFO  NA.PMS.Common.Logger.LogService.LogInformation():24 - Executing Action: GetDepartmentList on Controller: Application For User : svamadmin.
2021-02-20 00:43:13,277 => INFO  NA.PMS.Common.Logger.LogService.LogInformation():24 - Executed Action: GetDepartmentList on Controller: Application For User : svamadmin.
2021-02-20 00:43:32,724 => INFO  NA.PMS.Common.Logger.LogService.LogInformation():24 - Executing Action: GetDepartmentList on Controller: Application For User : svamadmin.
2021-02-20 00:43:32,817 => INFO  NA.PMS.Common.Logger.LogService.LogInformation():24 - Executed Action: GetDepartmentList on Controller: Application For User : svamadmin.
2021-02-20 00:44:52,374 => INFO  NA.PMS.Common.Logger.LogService.LogInformation():24 - Executing Action: GetDepartmentList on Controller: Application For User : svamadmin.
2021-02-20 00:44:52,548 => INFO  NA.PMS.Common.Logger.LogService.LogInformation():24 - Executed Action: GetDepartmentList on Controller: Application For User : svamadmin.
2021-02-20 00:46:58,822 => INFO  NA.PMS.Common.Logger.LogService.LogInformation():24 - Executing Action: GetDepartmentList on Controller: Application For User : svamadmin.
2021-02-20 00:46:58,908 => INFO  NA.PMS.Common.Logger.LogService.LogInformation():24 - Executed Action: GetDepartmentList on Controller: Application For User : svamadmin.
2021-02-20 00:47:35,455 => INFO  NA.PMS.Common.Logger.LogService.LogInformation():24 - Executing Action: GetDepartmentList on Controller: Application For User : svamadmin.
2021-02-20 00:47:35,539 => INFO  NA.PMS.Common.Logger.LogService.LogInformation():24 - Executed Action: GetDepartmentList on Controller: Application For User : svamadmin.
2021-02-20 00:48:48,442 => INFO  NA.PMS.Common.Logger.LogService.LogInformation():24 - Executing Action: GetDepartmentList on Controller: Application For User : svamadmin.
2021-02-20 00:48:48,530 => INFO  NA.PMS.Common.Logger.LogService.LogInformation():24 - Executed Action: GetDepartmentList on Controller: Application For User : svamadmin.
2021-02-20 00:48:52,491 => INFO  NA.PMS.Common.Logger.LogService.LogInformation():24 - Executing Action: GetApplicationList on Controller: Application For User : svamadmin.
2021-02-20 00:48:52,619 => INFO  NA.PMS.Common.Logger.LogService.LogInformation():24 - Executed Action: GetApplicationList on Controller: Application For User : svamadmin.
2021-02-20 00:48:52,858 => INFO  NA.PMS.Common.Logger.LogService.LogInformation():24 - Executing Action: GetUserNameListAsDataSource on Controller: Application For User : svamadmin.
2021-02-20 00:48:53,031 => INFO  NA.PMS.Common.Logger.LogService.LogInformation():24 - Executed Action: GetUserNameListAsDataSource on Controller: Application For User : svamadmin.
2021-02-20 00:48:53,211 => INFO  NA.PMS.Common.Logger.LogService.LogInformation():24 - Executing Action: GetDeparmentListAsDataSource on Controller: Application For User : svamadmin.
2021-02-20 00:48:53,389 => INFO  NA.PMS.Common.Logger.LogService.LogInformation():24 - Executed Action: GetDeparmentListAsDataSource on Controller: Application For User : svamadmin.
2021-02-20 00:48:53,531 => INFO  NA.PMS.Common.Logger.LogService.LogInformation():24 - Executing Action: GetCommonConfigCategoryList on Controller: Application For User : svamadmin.
2021-02-20 00:48:53,660 => INFO  NA.PMS.Common.Logger.LogService.LogInformation():24 - Executed Action: GetCommonConfigCategoryList on Controller: Application For User : svamadmin.
2021-02-20 00:48:54,028 => INFO  NA.PMS.Common.Logger.LogService.LogInformation():24 - Executing Action: GetDepartmentList on Controller: Application For User : svamadmin.
2021-02-20 00:48:54,111 => INFO  NA.PMS.Common.Logger.LogService.LogInformation():24 - Executed Action: GetDepartmentList on Controller: Application For User : svamadmin.
2021-02-20 00:48:54,381 => INFO  NA.PMS.Common.Logger.LogService.LogInformation():24 - Executing Action: GetDepartmentList on Controller: Application For User : svamadmin.
2021-02-20 00:48:54,472 => INFO  NA.PMS.Common.Logger.LogService.LogInformation():24 - Executed Action: GetDepartmentList on Controller: Application For User : svamadmin.
2021-02-20 00:48:54,656 => INFO  NA.PMS.Common.Logger.LogService.LogInformation():24 - Executing Action: GetDepartmentList on Controller: Application For User : svamadmin.
2021-02-20 00:48:54,740 => INFO  NA.PMS.Common.Logger.LogService.LogInformation():24 - Executed Action: GetDepartmentList on Controller: Application For User : svamadmin.
2021-02-20 00:48:55,019 => INFO  NA.PMS.Common.Logger.LogService.LogInformation():24 - Executing Action: GetSchemeTypeList on Controller: Application For User : svamadmin.
2021-02-20 00:48:55,189 => INFO  NA.PMS.Common.Logger.LogService.LogInformation():24 - Executed Action: GetSchemeTypeList on Controller: Application For User : svamadmin.
2021-02-20 00:48:55,644 => INFO  NA.PMS.Common.Logger.LogService.LogInformation():24 - Executing Action: GetApplicationList on Controller: Application For User : svamadmin.
2021-02-20 00:48:55,729 => INFO  NA.PMS.Common.Logger.LogService.LogInformation():24 - Executed Action: GetApplicationList on Controller: Application For User : svamadmin.
2021-02-20 00:48:56,095 => INFO  NA.PMS.Common.Logger.LogService.LogInformation():24 - Executing Action: GetStatusTypeList on Controller: Application For User : svamadmin.
2021-02-20 00:48:56,189 => INFO  NA.PMS.Common.Logger.LogService.LogInformation():24 - Executed Action: GetStatusTypeList on Controller: Application For User : svamadmin.
2021-02-20 00:48:56,633 => INFO  NA.PMS.Common.Logger.LogService.LogInformation():24 - Executing Action: GetParentMenuList on Controller: Application For User : svamadmin.
2021-02-20 00:48:56,724 => INFO  NA.PMS.Common.Logger.LogService.LogInformation():24 - Executed Action: GetParentMenuList on Controller: Application For User : svamadmin.
2021-02-20 00:51:11,983 => INFO  NA.PMS.Common.Logger.LogService.LogInformation():24 - Executing Action: GetApplicationList on Controller: Application For User : svamadmin.
2021-02-20 00:51:12,160 => INFO  NA.PMS.Common.Logger.LogService.LogInformation():24 - Executed Action: GetApplicationList on Controller: Application For User : svamadmin.
2021-02-20 00:51:12,392 => INFO  NA.PMS.Common.Logger.LogService.LogInformation():24 - Executing Action: GetParentMenuList on Controller: Application For User : svamadmin.
2021-02-20 00:51:12,514 => INFO  NA.PMS.Common.Logger.LogService.LogInformation():24 - Executed Action: GetParentMenuList on Controller: Application For User : svamadmin.
2021-02-20 00:51:12,697 => INFO  NA.PMS.Common.Logger.LogService.LogInformation():24 - Executing Action: GetCommonConfigCategoryList on Controller: Application For User : svamadmin.
2021-02-20 00:51:12,800 => INFO  NA.PMS.Common.Logger.LogService.LogInformation():24 - Executed Action: GetCommonConfigCategoryList on Controller: Application For User : svamadmin.
2021-02-20 00:51:13,023 => INFO  NA.PMS.Common.Logger.LogService.LogInformation():24 - Executing Action: GetStatusTypeList on Controller: Application For User : svamadmin.
2021-02-20 00:51:13,143 => INFO  NA.PMS.Common.Logger.LogService.LogInformation():24 - Executed Action: GetStatusTypeList on Controller: Application For User : svamadmin.
2021-02-20 00:51:13,419 => INFO  NA.PMS.Common.Logger.LogService.LogInformation():24 - Executing Action: GetUserNameListAsDataSource on Controller: Application For User : svamadmin.
2021-02-20 00:51:13,593 => INFO  NA.PMS.Common.Logger.LogService.LogInformation():24 - Executed Action: GetUserNameListAsDataSource on Controller: Application For User : svamadmin.
2021-02-20 00:51:13,781 => INFO  NA.PMS.Common.Logger.LogService.LogInformation():24 - Executing Action: GetDeparmentListAsDataSource on Controller: Application For User : svamadmin.
2021-02-20 00:51:14,042 => INFO  NA.PMS.Common.Logger.LogService.LogInformation():24 - Executed Action: GetDeparmentListAsDataSource on Controller: Application For User : svamadmin.
2021-02-20 00:51:14,553 => INFO  NA.PMS.Common.Logger.LogService.LogInformation():24 - Executing Action: GetSchemeTypeList on Controller: Application For User : svamadmin.
2021-02-20 00:51:14,689 => INFO  NA.PMS.Common.Logger.LogService.LogInformation():24 - Executed Action: GetSchemeTypeList on Controller: Application For User : svamadmin.
2021-02-20 00:51:15,038 => INFO  NA.PMS.Common.Logger.LogService.LogInformation():24 - Executing Action: GetDepartmentList on Controller: Application For User : svamadmin.
2021-02-20 00:51:15,124 => INFO  NA.PMS.Common.Logger.LogService.LogInformation():24 - Executed Action: GetDepartmentList on Controller: Application For User : svamadmin.
2021-02-20 00:51:15,574 => INFO  NA.PMS.Common.Logger.LogService.LogInformation():24 - Executing Action: GetDepartmentList on Controller: Application For User : svamadmin.
2021-02-20 00:51:15,662 => INFO  NA.PMS.Common.Logger.LogService.LogInformation():24 - Executed Action: GetDepartmentList on Controller: Application For User : svamadmin.
2021-02-20 00:51:16,118 => INFO  NA.PMS.Common.Logger.LogService.LogInformation():24 - Executing Action: GetDepartmentList on Controller: Application For User : svamadmin.
2021-02-20 00:51:16,210 => INFO  NA.PMS.Common.Logger.LogService.LogInformation():24 - Executed Action: GetDepartmentList on Controller: Application For User : svamadmin.
2021-02-20 00:51:16,660 => INFO  NA.PMS.Common.Logger.LogService.LogInformation():24 - Executing Action: GetApplicationList on Controller: Application For User : svamadmin.
2021-02-20 00:51:16,769 => INFO  NA.PMS.Common.Logger.LogService.LogInformation():24 - Executed Action: GetApplicationList on Controller: Application For User : svamadmin.
2021-02-20 00:53:03,827 => INFO  NA.PMS.Common.Logger.LogService.LogInformation():24 - Executing Action: GetDepartmentList on Controller: Application For User : svamadmin.
2021-02-20 00:53:03,916 => INFO  NA.PMS.Common.Logger.LogService.LogInformation():24 - Executed Action: GetDepartmentList on Controller: Application For User : svamadmin.
2021-02-20 01:01:05,083 => INFO  NA.PMS.Common.Logger.LogService.LogInformation():24 - Executing Action: GetDepartmentList on Controller: Application For User : svamadmin.
2021-02-20 01:01:05,965 => INFO  NA.PMS.Common.Logger.LogService.LogInformation():24 - Executed Action: GetDepartmentList on Controller: Application For User : svamadmin.
2021-02-20 01:01:43,681 => INFO  NA.PMS.Common.Logger.LogService.LogInformation():24 - Executing Action: Login on Controller: Account For User : svamadmin.
2021-02-20 01:01:43,787 => INFO  NA.PMS.Common.Logger.LogService.LogInformation():24 - Executed Action: Login on Controller: Account For User : svamadmin.
2021-02-20 01:01:53,877 => INFO  NA.PMS.Common.Logger.LogService.LogInformation():24 - Executing Action: Login on Controller: Account For User : svamadmin.
2021-02-20 01:01:55,275 => INFO  NA.PMS.Common.Logger.LogService.LogInformation():24 - Executed Action: Login on Controller: Account For User : svamadmin.
2021-02-20 01:01:55,298 => INFO  NA.PMS.Common.Logger.LogService.LogInformation():24 - Executing Action: Login on Controller: Account For User : svamadmin.
2021-02-20 01:01:55,300 => INFO  NA.PMS.Common.Logger.LogService.LogInformation():24 - Executed Action: Login on Controller: Account For User : svamadmin.
2021-02-20 01:01:58,779 => INFO  NA.PMS.Common.Logger.LogService.LogInformation():24 - Executing Action: LoginAfterVerifyOTP on Controller: Account For User : svamadmin.
2021-02-20 01:02:00,616 => INFO  NA.PMS.Common.Logger.LogService.LogInformation():24 - Executed Action: LoginAfterVerifyOTP on Controller: Account For User : svamadmin.
2021-02-20 01:02:02,358 => INFO  NA.PMS.Common.Logger.LogService.LogInformation():24 - Executing Action: Login on Controller: Account For User : svamadmin.
2021-02-20 01:02:02,377 => INFO  NA.PMS.Common.Logger.LogService.LogInformation():24 - Executed Action: Login on Controller: Account For User : svamadmin.
2021-02-20 01:02:03,010 => INFO  NA.PMS.Common.Logger.LogService.LogInformation():24 - Executing Action: GetDepartmentForAdvanceSearch on Controller: PropertyAllotment For User : svamadmin.
2021-02-20 01:02:03,108 => INFO  NA.PMS.Common.Logger.LogService.LogInformation():24 - Executed Action: GetDepartmentForAdvanceSearch on Controller: PropertyAllotment For User : svamadmin.
2021-02-20 01:10:52,933 => INFO  NA.PMS.Common.Logger.LogService.LogInformation():24 - Executing Action: GetParentMenuList on Controller: Application For User : svamadmin.
2021-02-20 01:10:53,046 => INFO  NA.PMS.Common.Logger.LogService.LogInformation():24 - Executed Action: GetParentMenuList on Controller: Application For User : svamadmin.
2021-02-20 01:10:53,295 => INFO  NA.PMS.Common.Logger.LogService.LogInformation():24 - Executing Action: GetUserNameListAsDataSource on Controller: Application For User : svamadmin.
2021-02-20 01:10:53,469 => INFO  NA.PMS.Common.Logger.LogService.LogInformation():24 - Executed Action: GetUserNameListAsDataSource on Controller: Application For User : svamadmin.
2021-02-20 01:10:53,660 => INFO  NA.PMS.Common.Logger.LogService.LogInformation():24 - Executing Action: GetDeparmentListAsDataSource on Controller: Application For User : svamadmin.
2021-02-20 01:10:53,834 => INFO  NA.PMS.Common.Logger.LogService.LogInformation():24 - Executed Action: GetDeparmentListAsDataSource on Controller: Application For User : svamadmin.
2021-02-20 01:10:54,372 => INFO  NA.PMS.Common.Logger.LogService.LogInformation():24 - Executing Action: GetApplicationList on Controller: Application For User : svamadmin.
2021-02-20 01:10:54,463 => INFO  NA.PMS.Common.Logger.LogService.LogInformation():24 - Executed Action: GetApplicationList on Controller: Application For User : svamadmin.
2021-02-20 01:10:54,611 => INFO  NA.PMS.Common.Logger.LogService.LogInformation():24 - Executing Action: GetApplicationList on Controller: Application For User : svamadmin.
2021-02-20 01:10:54,729 => INFO  NA.PMS.Common.Logger.LogService.LogInformation():24 - Executed Action: GetApplicationList on Controller: Application For User : svamadmin.
2021-02-20 01:10:54,920 => INFO  NA.PMS.Common.Logger.LogService.LogInformation():24 - Executing Action: GetSchemeTypeList on Controller: Application For User : svamadmin.
2021-02-20 01:10:55,090 => INFO  NA.PMS.Common.Logger.LogService.LogInformation():24 - Executed Action: GetSchemeTypeList on Controller: Application For User : svamadmin.
2021-02-20 01:10:55,455 => INFO  NA.PMS.Common.Logger.LogService.LogInformation():24 - Executing Action: GetDepartmentList on Controller: Application For User : svamadmin.
2021-02-20 01:10:55,541 => INFO  NA.PMS.Common.Logger.LogService.LogInformation():24 - Executed Action: GetDepartmentList on Controller: Application For User : svamadmin.
2021-02-20 01:10:55,724 => INFO  NA.PMS.Common.Logger.LogService.LogInformation():24 - Executing Action: GetDepartmentList on Controller: Application For User : svamadmin.
2021-02-20 01:10:55,813 => INFO  NA.PMS.Common.Logger.LogService.LogInformation():24 - Executed Action: GetDepartmentList on Controller: Application For User : svamadmin.
2021-02-20 01:10:55,995 => INFO  NA.PMS.Common.Logger.LogService.LogInformation():24 - Executing Action: GetDepartmentList on Controller: Application For User : svamadmin.
2021-02-20 01:10:56,170 => INFO  NA.PMS.Common.Logger.LogService.LogInformation():24 - Executed Action: GetDepartmentList on Controller: Application For User : svamadmin.
2021-02-20 01:10:56,495 => INFO  NA.PMS.Common.Logger.LogService.LogInformation():24 - Executing Action: GetCommonConfigCategoryList on Controller: Application For User : svamadmin.
2021-02-20 01:10:56,622 => INFO  NA.PMS.Common.Logger.LogService.LogInformation():24 - Executed Action: GetCommonConfigCategoryList on Controller: Application For User : svamadmin.
2021-02-20 01:10:57,072 => INFO  NA.PMS.Common.Logger.LogService.LogInformation():24 - Executing Action: GetStatusTypeList on Controller: Application For User : svamadmin.
2021-02-20 01:10:57,164 => INFO  NA.PMS.Common.Logger.LogService.LogInformation():24 - Executed Action: GetStatusTypeList on Controller: Application For User : svamadmin.
2021-02-20 01:16:29,457 => INFO  NA.PMS.Common.Logger.LogService.LogInformation():24 - Executing Action: GetApplicationList on Controller: Application For User : svamadmin.
2021-02-20 01:16:29,584 => INFO  NA.PMS.Common.Logger.LogService.LogInformation():24 - Executed Action: GetApplicationList on Controller: Application For User : svamadmin.
2021-02-20 01:17:27,469 => INFO  NA.PMS.Common.Logger.LogService.LogInformation():24 - Executing Action: GetApplicationList on Controller: Application For User : svamadmin.
2021-02-20 01:17:27,554 => INFO  NA.PMS.Common.Logger.LogService.LogInformation():24 - Executed Action: GetApplicationList on Controller: Application For User : svamadmin.
2021-02-20 01:17:27,955 => INFO  NA.PMS.Common.Logger.LogService.LogInformation():24 - Executing Action: GetApplicationList on Controller: Application For User : svamadmin.
2021-02-20 01:17:28,047 => INFO  NA.PMS.Common.Logger.LogService.LogInformation():24 - Executed Action: GetApplicationList on Controller: Application For User : svamadmin.
2021-02-20 01:17:28,318 => INFO  NA.PMS.Common.Logger.LogService.LogInformation():24 - Executing Action: GetUserNameListAsDataSource on Controller: Application For User : svamadmin.
2021-02-20 01:17:28,490 => INFO  NA.PMS.Common.Logger.LogService.LogInformation():24 - Executed Action: GetUserNameListAsDataSource on Controller: Application For User : svamadmin.
2021-02-20 01:17:28,709 => INFO  NA.PMS.Common.Logger.LogService.LogInformation():24 - Executing Action: GetDeparmentListAsDataSource on Controller: Application For User : svamadmin.
2021-02-20 01:17:28,900 => INFO  NA.PMS.Common.Logger.LogService.LogInformation():24 - Executed Action: GetDeparmentListAsDataSource on Controller: Application For User : svamadmin.
2021-02-20 01:17:29,129 => INFO  NA.PMS.Common.Logger.LogService.LogInformation():24 - Executing Action: GetCommonConfigCategoryList on Controller: Application For User : svamadmin.
2021-02-20 01:17:29,226 => INFO  NA.PMS.Common.Logger.LogService.LogInformation():24 - Executed Action: GetCommonConfigCategoryList on Controller: Application For User : svamadmin.
2021-02-20 01:17:29,485 => INFO  NA.PMS.Common.Logger.LogService.LogInformation():24 - Executing Action: GetSchemeTypeList on Controller: Application For User : svamadmin.
2021-02-20 01:17:29,941 => INFO  NA.PMS.Common.Logger.LogService.LogInformation():24 - Executed Action: GetSchemeTypeList on Controller: Application For User : svamadmin.
2021-02-20 01:17:30,476 => INFO  NA.PMS.Common.Logger.LogService.LogInformation():24 - Executing Action: GetDepartmentList on Controller: Application For User : svamadmin.
2021-02-20 01:17:30,559 => INFO  NA.PMS.Common.Logger.LogService.LogInformation():24 - Executed Action: GetDepartmentList on Controller: Application For User : svamadmin.
2021-02-20 01:17:30,745 => INFO  NA.PMS.Common.Logger.LogService.LogInformation():24 - Executing Action: GetDepartmentList on Controller: Application For User : svamadmin.
2021-02-20 01:17:30,829 => INFO  NA.PMS.Common.Logger.LogService.LogInformation():24 - Executed Action: GetDepartmentList on Controller: Application For User : svamadmin.
2021-02-20 01:17:31,012 => INFO  NA.PMS.Common.Logger.LogService.LogInformation():24 - Executing Action: GetDepartmentList on Controller: Application For User : svamadmin.
2021-02-20 01:17:31,102 => INFO  NA.PMS.Common.Logger.LogService.LogInformation():24 - Executed Action: GetDepartmentList on Controller: Application For User : svamadmin.
2021-02-20 01:17:31,611 => INFO  NA.PMS.Common.Logger.LogService.LogInformation():24 - Executing Action: GetParentMenuList on Controller: Application For User : svamadmin.
2021-02-20 01:17:31,730 => INFO  NA.PMS.Common.Logger.LogService.LogInformation():24 - Executed Action: GetParentMenuList on Controller: Application For User : svamadmin.
2021-02-20 01:17:32,152 => INFO  NA.PMS.Common.Logger.LogService.LogInformation():24 - Executing Action: GetApplicationList on Controller: Application For User : svamadmin.
2021-02-20 01:17:32,269 => INFO  NA.PMS.Common.Logger.LogService.LogInformation():24 - Executed Action: GetApplicationList on Controller: Application For User : svamadmin.
2021-02-20 01:17:32,635 => INFO  NA.PMS.Common.Logger.LogService.LogInformation():24 - Executing Action: GetStatusTypeList on Controller: Application For User : svamadmin.
2021-02-20 01:17:32,735 => INFO  NA.PMS.Common.Logger.LogService.LogInformation():24 - Executed Action: GetStatusTypeList on Controller: Application For User : svamadmin.
2021-02-20 01:18:43,340 => INFO  NA.PMS.Common.Logger.LogService.LogInformation():24 - Executing Action: GetApplicationList on Controller: Application For User : svamadmin.
2021-02-20 01:18:43,466 => INFO  NA.PMS.Common.Logger.LogService.LogInformation():24 - Executed Action: GetApplicationList on Controller: Application For User : svamadmin.
2021-02-20 01:18:59,722 => INFO  NA.PMS.Common.Logger.LogService.LogInformation():24 - Executing Action: GetApplicationList on Controller: Application For User : svamadmin.
2021-02-20 01:18:59,805 => INFO  NA.PMS.Common.Logger.LogService.LogInformation():24 - Executed Action: GetApplicationList on Controller: Application For User : svamadmin.
2021-02-20 01:19:00,179 => INFO  NA.PMS.Common.Logger.LogService.LogInformation():24 - Executing Action: GetUserNameListAsDataSource on Controller: Application For User : svamadmin.
2021-02-20 01:19:00,381 => INFO  NA.PMS.Common.Logger.LogService.LogInformation():24 - Executed Action: GetUserNameListAsDataSource on Controller: Application For User : svamadmin.
2021-02-20 01:19:00,622 => INFO  NA.PMS.Common.Logger.LogService.LogInformation():24 - Executing Action: GetDeparmentListAsDataSource on Controller: Application For User : svamadmin.
2021-02-20 01:19:00,834 => INFO  NA.PMS.Common.Logger.LogService.LogInformation():24 - Executed Action: GetDeparmentListAsDataSource on Controller: Application For User : svamadmin.
2021-02-20 01:19:01,196 => INFO  NA.PMS.Common.Logger.LogService.LogInformation():24 - Executing Action: GetApplicationList on Controller: Application For User : svamadmin.
2021-02-20 01:19:01,290 => INFO  NA.PMS.Common.Logger.LogService.LogInformation():24 - Executed Action: GetApplicationList on Controller: Application For User : svamadmin.
2021-02-20 01:19:01,736 => INFO  NA.PMS.Common.Logger.LogService.LogInformation():24 - Executing Action: GetDepartmentList on Controller: Application For User : svamadmin.
2021-02-20 01:19:01,826 => INFO  NA.PMS.Common.Logger.LogService.LogInformation():24 - Executed Action: GetDepartmentList on Controller: Application For User : svamadmin.
2021-02-20 01:19:02,005 => INFO  NA.PMS.Common.Logger.LogService.LogInformation():24 - Executing Action: GetDepartmentList on Controller: Application For User : svamadmin.
2021-02-20 01:19:02,090 => INFO  NA.PMS.Common.Logger.LogService.LogInformation():24 - Executed Action: GetDepartmentList on Controller: Application For User : svamadmin.
2021-02-20 01:19:02,276 => INFO  NA.PMS.Common.Logger.LogService.LogInformation():24 - Executing Action: GetDepartmentList on Controller: Application For User : svamadmin.
2021-02-20 01:19:02,360 => INFO  NA.PMS.Common.Logger.LogService.LogInformation():24 - Executed Action: GetDepartmentList on Controller: Application For User : svamadmin.
2021-02-20 01:19:02,735 => INFO  NA.PMS.Common.Logger.LogService.LogInformation():24 - Executing Action: GetSchemeTypeList on Controller: Application For User : svamadmin.
2021-02-20 01:19:02,824 => INFO  NA.PMS.Common.Logger.LogService.LogInformation():24 - Executed Action: GetSchemeTypeList on Controller: Application For User : svamadmin.
2021-02-20 01:19:03,352 => INFO  NA.PMS.Common.Logger.LogService.LogInformation():24 - Executing Action: GetParentMenuList on Controller: Application For User : svamadmin.
2021-02-20 01:19:03,451 => INFO  NA.PMS.Common.Logger.LogService.LogInformation():24 - Executed Action: GetParentMenuList on Controller: Application For User : svamadmin.
2021-02-20 01:19:03,906 => INFO  NA.PMS.Common.Logger.LogService.LogInformation():24 - Executing Action: GetStatusTypeList on Controller: Application For User : svamadmin.
2021-02-20 01:19:04,009 => INFO  NA.PMS.Common.Logger.LogService.LogInformation():24 - Executed Action: GetStatusTypeList on Controller: Application For User : svamadmin.
2021-02-20 01:19:04,370 => INFO  NA.PMS.Common.Logger.LogService.LogInformation():24 - Executing Action: GetCommonConfigCategoryList on Controller: Application For User : svamadmin.
2021-02-20 01:19:04,467 => INFO  NA.PMS.Common.Logger.LogService.LogInformation():24 - Executed Action: GetCommonConfigCategoryList on Controller: Application For User : svamadmin.
2021-02-20 01:23:36,782 => INFO  NA.PMS.Common.Logger.LogService.LogInformation():24 - Executing Action: GetApplicationList on Controller: Application For User : svamadmin.
2021-02-20 01:23:36,888 => INFO  NA.PMS.Common.Logger.LogService.LogInformation():24 - Executed Action: GetApplicationList on Controller: Application For User : svamadmin.
2021-02-20 01:23:58,291 => INFO  NA.PMS.Common.Logger.LogService.LogInformation():24 - Executing Action: GetApplicationList on Controller: Application For User : svamadmin.
2021-02-20 01:23:58,379 => INFO  NA.PMS.Common.Logger.LogService.LogInformation():24 - Executed Action: GetApplicationList on Controller: Application For User : svamadmin.
2021-02-20 01:23:58,616 => INFO  NA.PMS.Common.Logger.LogService.LogInformation():24 - Executing Action: GetUserNameListAsDataSource on Controller: Application For User : svamadmin.
2021-02-20 01:23:58,823 => INFO  NA.PMS.Common.Logger.LogService.LogInformation():24 - Executed Action: GetUserNameListAsDataSource on Controller: Application For User : svamadmin.
2021-02-20 01:23:59,021 => INFO  NA.PMS.Common.Logger.LogService.LogInformation():24 - Executing Action: GetDeparmentListAsDataSource on Controller: Application For User : svamadmin.
2021-02-20 01:23:59,182 => INFO  NA.PMS.Common.Logger.LogService.LogInformation():24 - Executed Action: GetDeparmentListAsDataSource on Controller: Application For User : svamadmin.
2021-02-20 01:23:59,400 => INFO  NA.PMS.Common.Logger.LogService.LogInformation():24 - Executing Action: GetCommonConfigCategoryList on Controller: Application For User : svamadmin.
2021-02-20 01:23:59,542 => INFO  NA.PMS.Common.Logger.LogService.LogInformation():24 - Executed Action: GetCommonConfigCategoryList on Controller: Application For User : svamadmin.
2021-02-20 01:23:59,818 => INFO  NA.PMS.Common.Logger.LogService.LogInformation():24 - Executing Action: GetDepartmentList on Controller: Application For User : svamadmin.
2021-02-20 01:23:59,909 => INFO  NA.PMS.Common.Logger.LogService.LogInformation():24 - Executed Action: GetDepartmentList on Controller: Application For User : svamadmin.
2021-02-20 01:24:00,090 => INFO  NA.PMS.Common.Logger.LogService.LogInformation():24 - Executing Action: GetDepartmentList on Controller: Application For User : svamadmin.
2021-02-20 01:24:00,174 => INFO  NA.PMS.Common.Logger.LogService.LogInformation():24 - Executed Action: GetDepartmentList on Controller: Application For User : svamadmin.
2021-02-20 01:24:00,359 => INFO  NA.PMS.Common.Logger.LogService.LogInformation():24 - Executing Action: GetDepartmentList on Controller: Application For User : svamadmin.
2021-02-20 01:24:00,443 => INFO  NA.PMS.Common.Logger.LogService.LogInformation():24 - Executed Action: GetDepartmentList on Controller: Application For User : svamadmin.
2021-02-20 01:24:00,898 => INFO  NA.PMS.Common.Logger.LogService.LogInformation():24 - Executing Action: GetSchemeTypeList on Controller: Application For User : svamadmin.
2021-02-20 01:24:00,983 => INFO  NA.PMS.Common.Logger.LogService.LogInformation():24 - Executed Action: GetSchemeTypeList on Controller: Application For User : svamadmin.
2021-02-20 01:24:01,438 => INFO  NA.PMS.Common.Logger.LogService.LogInformation():24 - Executing Action: GetParentMenuList on Controller: Application For User : svamadmin.
2021-02-20 01:24:01,527 => INFO  NA.PMS.Common.Logger.LogService.LogInformation():24 - Executed Action: GetParentMenuList on Controller: Application For User : svamadmin.
2021-02-20 01:24:01,981 => INFO  NA.PMS.Common.Logger.LogService.LogInformation():24 - Executing Action: GetStatusTypeList on Controller: Application For User : svamadmin.
2021-02-20 01:24:02,064 => INFO  NA.PMS.Common.Logger.LogService.LogInformation():24 - Executed Action: GetStatusTypeList on Controller: Application For User : svamadmin.
2021-02-20 01:24:02,388 => INFO  NA.PMS.Common.Logger.LogService.LogInformation():24 - Executing Action: GetApplicationList on Controller: Application For User : svamadmin.
2021-02-20 01:24:02,515 => INFO  NA.PMS.Common.Logger.LogService.LogInformation():24 - Executed Action: GetApplicationList on Controller: Application For User : svamadmin.
2021-02-20 01:25:51,960 => INFO  NA.PMS.Common.Logger.LogService.LogInformation():24 - Executing Action: GetStatusTypeList on Controller: Application For User : svamadmin.
2021-02-20 01:25:52,047 => INFO  NA.PMS.Common.Logger.LogService.LogInformation():24 - Executed Action: GetStatusTypeList on Controller: Application For User : svamadmin.
2021-02-20 01:25:52,278 => INFO  NA.PMS.Common.Logger.LogService.LogInformation():24 - Executing Action: GetApplicationList on Controller: Application For User : svamadmin.
2021-02-20 01:25:52,402 => INFO  NA.PMS.Common.Logger.LogService.LogInformation():24 - Executed Action: GetApplicationList on Controller: Application For User : svamadmin.
2021-02-20 01:25:52,587 => INFO  NA.PMS.Common.Logger.LogService.LogInformation():24 - Executing Action: GetDeparmentListAsDataSource on Controller: Application For User : svamadmin.
2021-02-20 01:25:52,762 => INFO  NA.PMS.Common.Logger.LogService.LogInformation():24 - Executed Action: GetDeparmentListAsDataSource on Controller: Application For User : svamadmin.
2021-02-20 01:25:52,949 => INFO  NA.PMS.Common.Logger.LogService.LogInformation():24 - Executing Action: GetApplicationList on Controller: Application For User : svamadmin.
2021-02-20 01:25:53,035 => INFO  NA.PMS.Common.Logger.LogService.LogInformation():24 - Executed Action: GetApplicationList on Controller: Application For User : svamadmin.
2021-02-20 01:25:53,313 => INFO  NA.PMS.Common.Logger.LogService.LogInformation():24 - Executing Action: GetUserNameListAsDataSource on Controller: Application For User : svamadmin.
2021-02-20 01:25:53,484 => INFO  NA.PMS.Common.Logger.LogService.LogInformation():24 - Executed Action: GetUserNameListAsDataSource on Controller: Application For User : svamadmin.
2021-02-20 01:25:53,667 => INFO  NA.PMS.Common.Logger.LogService.LogInformation():24 - Executing Action: GetApplicationList on Controller: Application For User : svamadmin.
2021-02-20 01:25:53,753 => INFO  NA.PMS.Common.Logger.LogService.LogInformation():24 - Executed Action: GetApplicationList on Controller: Application For User : svamadmin.
2021-02-20 01:25:54,387 => INFO  NA.PMS.Common.Logger.LogService.LogInformation():24 - Executing Action: GetParentMenuList on Controller: Application For User : svamadmin.
2021-02-20 01:25:54,489 => INFO  NA.PMS.Common.Logger.LogService.LogInformation():24 - Executed Action: GetParentMenuList on Controller: Application For User : svamadmin.
2021-02-20 01:25:54,834 => INFO  NA.PMS.Common.Logger.LogService.LogInformation():24 - Executing Action: GetDepartmentList on Controller: Application For User : svamadmin.
2021-02-20 01:25:54,922 => INFO  NA.PMS.Common.Logger.LogService.LogInformation():24 - Executed Action: GetDepartmentList on Controller: Application For User : svamadmin.
2021-02-20 01:25:55,117 => INFO  NA.PMS.Common.Logger.LogService.LogInformation():24 - Executing Action: GetDepartmentList on Controller: Application For User : svamadmin.
2021-02-20 01:25:55,204 => INFO  NA.PMS.Common.Logger.LogService.LogInformation():24 - Executed Action: GetDepartmentList on Controller: Application For User : svamadmin.
2021-02-20 01:25:55,392 => INFO  NA.PMS.Common.Logger.LogService.LogInformation():24 - Executing Action: GetDepartmentList on Controller: Application For User : svamadmin.
2021-02-20 01:25:55,477 => INFO  NA.PMS.Common.Logger.LogService.LogInformation():24 - Executed Action: GetDepartmentList on Controller: Application For User : svamadmin.
2021-02-20 01:25:55,829 => INFO  NA.PMS.Common.Logger.LogService.LogInformation():24 - Executing Action: GetSchemeTypeList on Controller: Application For User : svamadmin.
2021-02-20 01:25:55,924 => INFO  NA.PMS.Common.Logger.LogService.LogInformation():24 - Executed Action: GetSchemeTypeList on Controller: Application For User : svamadmin.
2021-02-20 01:25:56,454 => INFO  NA.PMS.Common.Logger.LogService.LogInformation():24 - Executing Action: GetCommonConfigCategoryList on Controller: Application For User : svamadmin.
2021-02-20 01:25:56,545 => INFO  NA.PMS.Common.Logger.LogService.LogInformation():24 - Executed Action: GetCommonConfigCategoryList on Controller: Application For User : svamadmin.
2021-02-20 01:38:09,370 => INFO  NA.PMS.Common.Logger.LogService.LogInformation():24 - Executing Action: GetApplicationList on Controller: Application For User : svamadmin.
2021-02-20 01:38:09,452 => INFO  NA.PMS.Common.Logger.LogService.LogInformation():24 - Executed Action: GetApplicationList on Controller: Application For User : svamadmin.
2021-02-20 01:38:09,641 => INFO  NA.PMS.Common.Logger.LogService.LogInformation():24 - Executing Action: GetUserNameListAsDataSource on Controller: Application For User : svamadmin.
2021-02-20 01:38:09,814 => INFO  NA.PMS.Common.Logger.LogService.LogInformation():24 - Executed Action: GetUserNameListAsDataSource on Controller: Application For User : svamadmin.
2021-02-20 01:38:10,095 => INFO  NA.PMS.Common.Logger.LogService.LogInformation():24 - Executing Action: GetDeparmentListAsDataSource on Controller: Application For User : svamadmin.
2021-02-20 01:38:10,264 => INFO  NA.PMS.Common.Logger.LogService.LogInformation():24 - Executed Action: GetDeparmentListAsDataSource on Controller: Application For User : svamadmin.
2021-02-20 01:38:10,447 => INFO  NA.PMS.Common.Logger.LogService.LogInformation():24 - Executing Action: GetApplicationList on Controller: Application For User : svamadmin.
2021-02-20 01:38:10,543 => INFO  NA.PMS.Common.Logger.LogService.LogInformation():24 - Executed Action: GetApplicationList on Controller: Application For User : svamadmin.
2021-02-20 01:38:10,896 => INFO  NA.PMS.Common.Logger.LogService.LogInformation():24 - Executing Action: GetSchemeTypeList on Controller: Application For User : svamadmin.
2021-02-20 01:38:10,983 => INFO  NA.PMS.Common.Logger.LogService.LogInformation():24 - Executed Action: GetSchemeTypeList on Controller: Application For User : svamadmin.
2021-02-20 01:38:11,435 => INFO  NA.PMS.Common.Logger.LogService.LogInformation():24 - Executing Action: GetDepartmentList on Controller: Application For User : svamadmin.
2021-02-20 01:38:11,523 => INFO  NA.PMS.Common.Logger.LogService.LogInformation():24 - Executed Action: GetDepartmentList on Controller: Application For User : svamadmin.
2021-02-20 01:38:11,707 => INFO  NA.PMS.Common.Logger.LogService.LogInformation():24 - Executing Action: GetDepartmentList on Controller: Application For User : svamadmin.
2021-02-20 01:38:11,798 => INFO  NA.PMS.Common.Logger.LogService.LogInformation():24 - Executed Action: GetDepartmentList on Controller: Application For User : svamadmin.
2021-02-20 01:38:12,067 => INFO  NA.PMS.Common.Logger.LogService.LogInformation():24 - Executing Action: GetDepartmentList on Controller: Application For User : svamadmin.
2021-02-20 01:38:12,159 => INFO  NA.PMS.Common.Logger.LogService.LogInformation():24 - Executed Action: GetDepartmentList on Controller: Application For User : svamadmin.
2021-02-20 01:38:12,479 => INFO  NA.PMS.Common.Logger.LogService.LogInformation():24 - Executing Action: GetCommonConfigCategoryList on Controller: Application For User : svamadmin.
2021-02-20 01:38:12,603 => INFO  NA.PMS.Common.Logger.LogService.LogInformation():24 - Executed Action: GetCommonConfigCategoryList on Controller: Application For User : svamadmin.
2021-02-20 01:38:12,965 => INFO  NA.PMS.Common.Logger.LogService.LogInformation():24 - Executing Action: GetParentMenuList on Controller: Application For User : svamadmin.
2021-02-20 01:38:13,055 => INFO  NA.PMS.Common.Logger.LogService.LogInformation():24 - Executed Action: GetParentMenuList on Controller: Application For User : svamadmin.
2021-02-20 01:38:13,474 => INFO  NA.PMS.Common.Logger.LogService.LogInformation():24 - Executing Action: GetStatusTypeList on Controller: Application For User : svamadmin.
2021-02-20 01:38:13,592 => INFO  NA.PMS.Common.Logger.LogService.LogInformation():24 - Executed Action: GetStatusTypeList on Controller: Application For User : svamadmin.
2021-02-20 01:44:24,025 => INFO  NA.PMS.Common.Logger.LogService.LogInformation():24 - Executing Action: GetDepartmentList on Controller: Application For User : svamadmin.
2021-02-20 01:44:24,147 => INFO  NA.PMS.Common.Logger.LogService.LogInformation():24 - Executed Action: GetDepartmentList on Controller: Application For User : svamadmin.
2021-02-20 01:46:17,015 => INFO  NA.PMS.Common.Logger.LogService.LogInformation():24 - Executing Action: GetDepartmentList on Controller: Application For User : svamadmin.
2021-02-20 01:46:17,118 => INFO  NA.PMS.Common.Logger.LogService.LogInformation():24 - Executed Action: GetDepartmentList on Controller: Application For User : svamadmin.
2021-02-20 01:48:32,104 => INFO  NA.PMS.Common.Logger.LogService.LogInformation():24 - Executing Action: GetDepartmentList on Controller: Application For User : svamadmin.
2021-02-20 01:48:32,203 => INFO  NA.PMS.Common.Logger.LogService.LogInformation():24 - Executed Action: GetDepartmentList on Controller: Application For User : svamadmin.
2021-02-20 01:51:25,802 => INFO  NA.PMS.Common.Logger.LogService.LogInformation():24 - Executing Action: GetDepartmentList on Controller: Application For User : svamadmin.
2021-02-20 01:51:25,896 => INFO  NA.PMS.Common.Logger.LogService.LogInformation():24 - Executed Action: GetDepartmentList on Controller: Application For User : svamadmin.
2021-02-20 01:54:56,675 => INFO  NA.PMS.Common.Logger.LogService.LogInformation():24 - Executing Action: GetDepartmentList on Controller: Application For User : svamadmin.
2021-02-20 01:54:59,102 => INFO  NA.PMS.Common.Logger.LogService.LogInformation():24 - Executed Action: GetDepartmentList on Controller: Application For User : svamadmin.
2021-02-20 01:55:07,530 => INFO  NA.PMS.Common.Logger.LogService.LogInformation():24 - Executing Action: Login on Controller: Account For User : svamadmin.
2021-02-20 01:55:07,641 => INFO  NA.PMS.Common.Logger.LogService.LogInformation():24 - Executed Action: Login on Controller: Account For User : svamadmin.
2021-02-20 01:55:43,647 => INFO  NA.PMS.Common.Logger.LogService.LogInformation():24 - Executing Action: Login on Controller: Account For User : svamadmin.
2021-02-20 01:55:44,675 => INFO  NA.PMS.Common.Logger.LogService.LogInformation():24 - Executed Action: Login on Controller: Account For User : svamadmin.
2021-02-20 01:55:44,694 => INFO  NA.PMS.Common.Logger.LogService.LogInformation():24 - Executing Action: Login on Controller: Account For User : svamadmin.
2021-02-20 01:55:44,697 => INFO  NA.PMS.Common.Logger.LogService.LogInformation():24 - Executed Action: Login on Controller: Account For User : svamadmin.
2021-02-20 01:55:49,127 => INFO  NA.PMS.Common.Logger.LogService.LogInformation():24 - Executing Action: LoginAfterVerifyOTP on Controller: Account For User : svamadmin.
2021-02-20 01:55:51,064 => INFO  NA.PMS.Common.Logger.LogService.LogInformation():24 - Executed Action: LoginAfterVerifyOTP on Controller: Account For User : svamadmin.
2021-02-20 01:55:52,673 => INFO  NA.PMS.Common.Logger.LogService.LogInformation():24 - Executing Action: Login on Controller: Account For User : svamadmin.
2021-02-20 01:55:52,691 => INFO  NA.PMS.Common.Logger.LogService.LogInformation():24 - Executed Action: Login on Controller: Account For User : svamadmin.
2021-02-20 01:55:53,384 => INFO  NA.PMS.Common.Logger.LogService.LogInformation():24 - Executing Action: GetDepartmentForAdvanceSearch on Controller: PropertyAllotment For User : svamadmin.
2021-02-20 01:55:53,484 => INFO  NA.PMS.Common.Logger.LogService.LogInformation():24 - Executed Action: GetDepartmentForAdvanceSearch on Controller: PropertyAllotment For User : svamadmin.
2021-02-20 01:56:05,989 => INFO  NA.PMS.Common.Logger.LogService.LogInformation():24 - Executing Action: GetDepartmentList on Controller: Application For User : svamadmin.
2021-02-20 01:56:06,075 => INFO  NA.PMS.Common.Logger.LogService.LogInformation():24 - Executed Action: GetDepartmentList on Controller: Application For User : svamadmin.
2021-02-20 01:56:22,625 => INFO  NA.PMS.Common.Logger.LogService.LogInformation():24 - Executing Action: GetApplicationList on Controller: Application For User : svamadmin.
2021-02-20 01:56:22,714 => INFO  NA.PMS.Common.Logger.LogService.LogInformation():24 - Executed Action: GetApplicationList on Controller: Application For User : svamadmin.
2021-02-20 01:56:22,905 => INFO  NA.PMS.Common.Logger.LogService.LogInformation():24 - Executing Action: GetUserNameListAsDataSource on Controller: Application For User : svamadmin.
2021-02-20 01:56:23,107 => INFO  NA.PMS.Common.Logger.LogService.LogInformation():24 - Executed Action: GetUserNameListAsDataSource on Controller: Application For User : svamadmin.
2021-02-20 01:56:23,277 => INFO  NA.PMS.Common.Logger.LogService.LogInformation():24 - Executing Action: GetDeparmentListAsDataSource on Controller: Application For User : svamadmin.
2021-02-20 01:56:23,435 => INFO  NA.PMS.Common.Logger.LogService.LogInformation():24 - Executed Action: GetDeparmentListAsDataSource on Controller: Application For User : svamadmin.
2021-02-20 01:56:23,618 => INFO  NA.PMS.Common.Logger.LogService.LogInformation():24 - Executing Action: GetApplicationList on Controller: Application For User : svamadmin.
2021-02-20 01:56:23,705 => INFO  NA.PMS.Common.Logger.LogService.LogInformation():24 - Executed Action: GetApplicationList on Controller: Application For User : svamadmin.
2021-02-20 01:56:24,125 => INFO  NA.PMS.Common.Logger.LogService.LogInformation():24 - Executing Action: GetSchemeTypeList on Controller: Application For User : svamadmin.
2021-02-20 01:56:24,241 => INFO  NA.PMS.Common.Logger.LogService.LogInformation():24 - Executed Action: GetSchemeTypeList on Controller: Application For User : svamadmin.
2021-02-20 01:56:24,624 => INFO  NA.PMS.Common.Logger.LogService.LogInformation():24 - Executing Action: GetDepartmentList on Controller: Application For User : svamadmin.
2021-02-20 01:56:24,705 => INFO  NA.PMS.Common.Logger.LogService.LogInformation():24 - Executed Action: GetDepartmentList on Controller: Application For User : svamadmin.
2021-02-20 01:56:24,973 => INFO  NA.PMS.Common.Logger.LogService.LogInformation():24 - Executing Action: GetDepartmentList on Controller: Application For User : svamadmin.
2021-02-20 01:56:25,086 => INFO  NA.PMS.Common.Logger.LogService.LogInformation():24 - Executed Action: GetDepartmentList on Controller: Application For User : svamadmin.
2021-02-20 01:56:25,292 => INFO  NA.PMS.Common.Logger.LogService.LogInformation():24 - Executing Action: GetDepartmentList on Controller: Application For User : svamadmin.
2021-02-20 01:56:25,411 => INFO  NA.PMS.Common.Logger.LogService.LogInformation():24 - Executed Action: GetDepartmentList on Controller: Application For User : svamadmin.
2021-02-20 01:56:25,650 => INFO  NA.PMS.Common.Logger.LogService.LogInformation():24 - Executing Action: GetStatusTypeList on Controller: Application For User : svamadmin.
2021-02-20 01:56:25,775 => INFO  NA.PMS.Common.Logger.LogService.LogInformation():24 - Executed Action: GetStatusTypeList on Controller: Application For User : svamadmin.
2021-02-20 01:56:26,225 => INFO  NA.PMS.Common.Logger.LogService.LogInformation():24 - Executing Action: GetCommonConfigCategoryList on Controller: Application For User : svamadmin.
2021-02-20 01:56:26,672 => INFO  NA.PMS.Common.Logger.LogService.LogInformation():24 - Executed Action: GetCommonConfigCategoryList on Controller: Application For User : svamadmin.
2021-02-20 01:56:27,180 => INFO  NA.PMS.Common.Logger.LogService.LogInformation():24 - Executing Action: GetParentMenuList on Controller: Application For User : svamadmin.
2021-02-20 01:56:27,354 => INFO  NA.PMS.Common.Logger.LogService.LogInformation():24 - Executed Action: GetParentMenuList on Controller: Application For User : svamadmin.
2021-02-20 01:57:26,669 => INFO  NA.PMS.Common.Logger.LogService.LogInformation():24 - Executing Action: GetApplicationList on Controller: Application For User : svamadmin.
2021-02-20 01:57:26,791 => INFO  NA.PMS.Common.Logger.LogService.LogInformation():24 - Executed Action: GetApplicationList on Controller: Application For User : svamadmin.
2021-02-20 01:57:26,976 => INFO  NA.PMS.Common.Logger.LogService.LogInformation():24 - Executing Action: GetUserNameListAsDataSource on Controller: Application For User : svamadmin.
2021-02-20 01:57:27,151 => INFO  NA.PMS.Common.Logger.LogService.LogInformation():24 - Executed Action: GetUserNameListAsDataSource on Controller: Application For User : svamadmin.
2021-02-20 01:57:27,337 => INFO  NA.PMS.Common.Logger.LogService.LogInformation():24 - Executing Action: GetDeparmentListAsDataSource on Controller: Application For User : svamadmin.
2021-02-20 01:57:27,511 => INFO  NA.PMS.Common.Logger.LogService.LogInformation():24 - Executed Action: GetDeparmentListAsDataSource on Controller: Application For User : svamadmin.
2021-02-20 01:57:27,703 => INFO  NA.PMS.Common.Logger.LogService.LogInformation():24 - Executing Action: GetApplicationList on Controller: Application For User : svamadmin.
2021-02-20 01:57:27,815 => INFO  NA.PMS.Common.Logger.LogService.LogInformation():24 - Executed Action: GetApplicationList on Controller: Application For User : svamadmin.
2021-02-20 01:57:28,238 => INFO  NA.PMS.Common.Logger.LogService.LogInformation():24 - Executing Action: GetSchemeTypeList on Controller: Application For User : svamadmin.
2021-02-20 01:57:28,347 => INFO  NA.PMS.Common.Logger.LogService.LogInformation():24 - Executed Action: GetSchemeTypeList on Controller: Application For User : svamadmin.
2021-02-20 01:57:28,707 => INFO  NA.PMS.Common.Logger.LogService.LogInformation():24 - Executing Action: GetDepartmentList on Controller: Application For User : svamadmin.
2021-02-20 01:57:28,776 => INFO  NA.PMS.Common.Logger.LogService.LogInformation():24 - Executed Action: GetDepartmentList on Controller: Application For User : svamadmin.
2021-02-20 01:57:28,960 => INFO  NA.PMS.Common.Logger.LogService.LogInformation():24 - Executing Action: GetDepartmentList on Controller: Application For User : svamadmin.
2021-02-20 01:57:29,086 => INFO  NA.PMS.Common.Logger.LogService.LogInformation():24 - Executed Action: GetDepartmentList on Controller: Application For User : svamadmin.
2021-02-20 01:57:29,282 => INFO  NA.PMS.Common.Logger.LogService.LogInformation():24 - Executing Action: GetDepartmentList on Controller: Application For User : svamadmin.
2021-02-20 01:57:29,355 => INFO  NA.PMS.Common.Logger.LogService.LogInformation():24 - Executed Action: GetDepartmentList on Controller: Application For User : svamadmin.
2021-02-20 01:57:29,770 => INFO  NA.PMS.Common.Logger.LogService.LogInformation():24 - Executing Action: GetCommonConfigCategoryList on Controller: Application For User : svamadmin.
2021-02-20 01:57:29,866 => INFO  NA.PMS.Common.Logger.LogService.LogInformation():24 - Executed Action: GetCommonConfigCategoryList on Controller: Application For User : svamadmin.
2021-02-20 01:57:30,303 => INFO  NA.PMS.Common.Logger.LogService.LogInformation():24 - Executing Action: GetParentMenuList on Controller: Application For User : svamadmin.
2021-02-20 01:57:30,410 => INFO  NA.PMS.Common.Logger.LogService.LogInformation():24 - Executed Action: GetParentMenuList on Controller: Application For User : svamadmin.
2021-02-20 01:57:30,812 => INFO  NA.PMS.Common.Logger.LogService.LogInformation():24 - Executing Action: GetStatusTypeList on Controller: Application For User : svamadmin.
2021-02-20 01:57:30,932 => INFO  NA.PMS.Common.Logger.LogService.LogInformation():24 - Executed Action: GetStatusTypeList on Controller: Application For User : svamadmin.
2021-02-20 02:00:42,090 => INFO  NA.PMS.Common.Logger.LogService.LogInformation():24 - Executing Action: GetAreaRangeList on Controller: Application For User : svamadmin.
2021-02-20 02:00:42,192 => INFO  NA.PMS.Common.Logger.LogService.LogInformation():24 - Executed Action: GetAreaRangeList on Controller: Application For User : svamadmin.
2021-02-20 02:01:29,901 => INFO  NA.PMS.Common.Logger.LogService.LogInformation():24 - Executing Action: GetUserNameListAsDataSource on Controller: Application For User : svamadmin.
2021-02-20 02:01:30,074 => INFO  NA.PMS.Common.Logger.LogService.LogInformation():24 - Executed Action: GetUserNameListAsDataSource on Controller: Application For User : svamadmin.
2021-02-20 02:01:35,203 => INFO  NA.PMS.Common.Logger.LogService.LogInformation():24 - Executing Action: GetUsersDetailById on Controller: Application For User : svamadmin.
2021-02-20 02:01:35,302 => INFO  NA.PMS.Common.Logger.LogService.LogInformation():24 - Executed Action: GetUsersDetailById on Controller: Application For User : svamadmin.
2021-02-20 02:01:42,665 => INFO  NA.PMS.Common.Logger.LogService.LogInformation():24 - Executing Action: GetUserNameListAsDataSource on Controller: Application For User : svamadmin.
2021-02-20 02:01:42,839 => INFO  NA.PMS.Common.Logger.LogService.LogInformation():24 - Executed Action: GetUserNameListAsDataSource on Controller: Application For User : svamadmin.
2021-02-20 02:01:51,051 => INFO  NA.PMS.Common.Logger.LogService.LogInformation():24 - Executing Action: GetUsersDetailById on Controller: Application For User : svamadmin.
2021-02-20 02:01:51,211 => INFO  NA.PMS.Common.Logger.LogService.LogInformation():24 - Executed Action: GetUsersDetailById on Controller: Application For User : svamadmin.
2021-02-20 19:54:10,201 => INFO  NA.PMS.Common.Logger.LogService.LogInformation():24 - Executing Action: Login on Controller: Account For User : .
2021-02-20 19:54:11,305 => INFO  NA.PMS.Common.Logger.LogService.LogInformation():24 - Executed Action: Login on Controller: Account For User : .
2021-02-20 19:55:45,123 => INFO  NA.PMS.Common.Logger.LogService.LogInformation():24 - Executing Action: Login on Controller: Account For User : .
2021-02-20 19:56:43,608 => INFO  NA.PMS.Common.Logger.LogService.LogInformation():24 - Executed Action: Login on Controller: Account For User : .
2021-02-20 19:56:43,720 => ERROR NA.PMS.Common.Logger.LogService.LogError():97 - Global Exception
System.Data.Entity.Core.EntityCommandExecutionException: An error occurred while executing the command definition. See the inner exception for details. ---> System.Data.SqlClient.SqlException: Execution Timeout Expired.  The timeout period elapsed prior to completion of the operation or the server is not responding. ---> System.ComponentModel.Win32Exception: The wait operation timed out
   --- End of inner exception stack trace ---
   at System.Data.SqlClient.SqlInternalConnection.OnError(SqlException exception, Boolean breakConnection, Action`1 wrapCloseInAction)
   at System.Data.SqlClient.TdsParser.ThrowExceptionAndWarning(TdsParserStateObject stateObj, Boolean callerHasConnectionLock, Boolean asyncClose)
   at System.Data.SqlClient.TdsParserStateObject.ReadSniError(TdsParserStateObject stateObj, UInt32 error)
   at System.Data.SqlClient.TdsParserStateObject.ReadSniSyncOverAsync()
   at System.Data.SqlClient.TdsParserStateObject.TryReadNetworkPacket()
   at System.Data.SqlClient.TdsParserStateObject.TryPrepareBuffer()
   at System.Data.SqlClient.TdsParserStateObject.TryReadByte(Byte& value)
   at System.Data.SqlClient.TdsParser.TryRun(RunBehavior runBehavior, SqlCommand cmdHandler, SqlDataReader dataStream, BulkCopySimpleResultSet bulkCopyHandler, TdsParserStateObject stateObj, Boolean& dataReady)
   at System.Data.SqlClient.SqlDataReader.TryConsumeMetaData()
   at System.Data.SqlClient.SqlDataReader.get_MetaData()
   at System.Data.SqlClient.SqlCommand.FinishExecuteReader(SqlDataReader ds, RunBehavior runBehavior, String resetOptionsString, Boolean isInternal, Boolean forDescribeParameterEncryption, Boolean shouldCacheForAlwaysEncrypted)
   at System.Data.SqlClient.SqlCommand.RunExecuteReaderTds(CommandBehavior cmdBehavior, RunBehavior runBehavior, Boolean returnStream, Boolean async, Int32 timeout, Task& task, Boolean asyncWrite, Boolean inRetry, SqlDataReader ds, Boolean describeParameterEncryptionRequest)
   at System.Data.SqlClient.SqlCommand.RunExecuteReader(CommandBehavior cmdBehavior, RunBehavior runBehavior, Boolean returnStream, String method, TaskCompletionSource`1 completion, Int32 timeout, Task& task, Boolean& usedCache, Boolean asyncWrite, Boolean inRetry)
   at System.Data.SqlClient.SqlCommand.RunExecuteReader(CommandBehavior cmdBehavior, RunBehavior runBehavior, Boolean returnStream, String method)
   at System.Data.SqlClient.SqlCommand.ExecuteReader(CommandBehavior behavior, String method)
   at System.Data.SqlClient.SqlCommand.ExecuteDbDataReader(CommandBehavior behavior)
   at System.Data.Common.DbCommand.ExecuteReader(CommandBehavior behavior)
   at System.Data.Entity.Infrastructure.Interception.DbCommandDispatcher.<Reader>b__c(DbCommand t, DbCommandInterceptionContext`1 c)
   at System.Data.Entity.Infrastructure.Interception.InternalDispatcher`1.Dispatch[TTarget,TInterceptionContext,TResult](TTarget target, Func`3 operation, TInterceptionContext interceptionContext, Action`3 executing, Action`3 executed)
   at System.Data.Entity.Infrastructure.Interception.DbCommandDispatcher.Reader(DbCommand command, DbCommandInterceptionContext interceptionContext)
   at System.Data.Entity.Internal.InterceptableDbCommand.ExecuteDbDataReader(CommandBehavior behavior)
   at System.Data.Common.DbCommand.ExecuteReader(CommandBehavior behavior)
   at System.Data.Entity.Core.EntityClient.Internal.EntityCommandDefinition.ExecuteStoreCommands(EntityCommand entityCommand, CommandBehavior behavior)
   --- End of inner exception stack trace ---
   at System.Data.Entity.Core.EntityClient.Internal.EntityCommandDefinition.ExecuteStoreCommands(EntityCommand entityCommand, CommandBehavior behavior)
   at System.Data.Entity.Core.Objects.Internal.ObjectQueryExecutionPlan.Execute[TResultType](ObjectContext context, ObjectParameterCollection parameterValues)
   at System.Data.Entity.Core.Objects.ObjectQuery`1.<>c__DisplayClass7.<GetResults>b__6()
   at System.Data.Entity.Core.Objects.ObjectContext.ExecuteInTransaction[T](Func`1 func, IDbExecutionStrategy executionStrategy, Boolean startLocalTransaction, Boolean releaseConnectionOnSuccess)
   at System.Data.Entity.Core.Objects.ObjectQuery`1.<>c__DisplayClass7.<GetResults>b__5()
   at System.Data.Entity.SqlServer.DefaultSqlExecutionStrategy.Execute[TResult](Func`1 operation)
   at System.Data.Entity.Core.Objects.ObjectQuery`1.GetResults(Nullable`1 forMergeOption)
   at System.Data.Entity.Core.Objects.ObjectQuery`1.<System.Collections.Generic.IEnumerable<T>.GetEnumerator>b__0()
   at System.Data.Entity.Internal.LazyEnumerator`1.MoveNext()
   at System.Linq.Enumerable.FirstOrDefault[TSource](IEnumerable`1 source)
   at System.Data.Entity.Core.Objects.ELinq.ObjectQueryProvider.<GetElementFunction>b__1[TResult](IEnumerable`1 sequence)
   at System.Data.Entity.Core.Objects.ELinq.ObjectQueryProvider.ExecuteSingle[TResult](IEnumerable`1 query, Expression queryRoot)
   at System.Data.Entity.Core.Objects.ELinq.ObjectQueryProvider.System.Linq.IQueryProvider.Execute[TResult](Expression expression)
   at System.Data.Entity.Internal.Linq.DbQueryProvider.Execute[TResult](Expression expression)
   at System.Linq.Queryable.FirstOrDefault[TSource](IQueryable`1 source)
   at NA.PMS.Repository.LoginRepository.GetLoginUserDetails(String userName) in d:\TFSProject\NoidaAuthority\Source\NA.PMS\NA.PMS.Repository\Login\LoginRepository.cs:line 533
   at NA.PMS.Service.LoginService.GetLoginUserDetails(String userName) in d:\TFSProject\NoidaAuthority\Source\NA.PMS\NA.PMS.Service\Login\LoginService.cs:line 158
   at NA.PMS.Web.Controllers.Common.PMSMembershipProvider.GetLoginUserDetails(String userName) in d:\TFSProject\NoidaAuthority\Source\NA.PMS\NA.PMS.Web\Controllers\Common\PMSMembershipProvider.cs:line 240
   at NA.PMS.Web.Controllers.AccountController.<Login>d__2.MoveNext() in d:\TFSProject\NoidaAuthority\Source\NA.PMS\NA.PMS.Web\Controllers\AccountController.cs:line 181
--- End of stack trace from previous location where exception was thrown ---
   at System.Runtime.CompilerServices.TaskAwaiter.ThrowForNonSuccess(Task task)
   at System.Runtime.CompilerServices.TaskAwaiter.HandleNonSuccessAndDebuggerNotification(Task task)
   at System.Runtime.CompilerServices.TaskAwaiter.GetResult()
   at System.Threading.Tasks.TaskHelpersExtensions.ThrowIfFaulted(Task task)
   at System.Web.Mvc.Async.TaskAsyncActionDescriptor.EndExecute(IAsyncResult asyncResult)
   at System.Web.Mvc.Async.AsyncControllerActionInvoker.<>c__DisplayClass37.<BeginInvokeAsynchronousActionMethod>b__36(IAsyncResult asyncResult)
   at System.Web.Mvc.Async.AsyncResultWrapper.WrappedAsyncResult`1.CallEndDelegate(IAsyncResult asyncResult)
   at System.Web.Mvc.Async.AsyncResultWrapper.WrappedAsyncResultBase`1.End()
   at System.Web.Mvc.Async.AsyncResultWrapper.End[TResult](IAsyncResult asyncResult, Object tag)
   at System.Web.Mvc.Async.AsyncControllerActionInvoker.EndInvokeActionMethod(IAsyncResult asyncResult)
   at System.Web.Mvc.Async.AsyncControllerActionInvoker.AsyncInvocationWithFilters.<InvokeActionMethodFilterAsynchronouslyRecursive>b__3d()
   at System.Web.Mvc.Async.AsyncControllerActionInvoker.AsyncInvocationWithFilters.<>c__DisplayClass46.<InvokeActionMethodFilterAsynchronouslyRecursive>b__3f()
   at System.Web.Mvc.Async.AsyncControllerActionInvoker.AsyncInvocationWithFilters.<>c__DisplayClass46.<InvokeActionMethodFilterAsynchronouslyRecursive>b__3f()
   at System.Web.Mvc.Async.AsyncControllerActionInvoker.<>c__DisplayClass33.<BeginInvokeActionMethodWithFilters>b__32(IAsyncResult asyncResult)
   at System.Web.Mvc.Async.AsyncResultWrapper.WrappedAsyncResult`1.CallEndDelegate(IAsyncResult asyncResult)
   at System.Web.Mvc.Async.AsyncResultWrapper.WrappedAsyncResultBase`1.End()
   at System.Web.Mvc.Async.AsyncResultWrapper.End[TResult](IAsyncResult asyncResult, Object tag)
   at System.Web.Mvc.Async.AsyncControllerActionInvoker.EndInvokeActionMethodWithFilters(IAsyncResult asyncResult)
   at System.Web.Mvc.Async.AsyncControllerActionInvoker.<>c__DisplayClass21.<>c__DisplayClass2b.<BeginInvokeAction>b__1c()
   at System.Web.Mvc.Async.AsyncControllerActionInvoker.<>c__DisplayClass21.<BeginInvokeAction>b__1e(IAsyncResult asyncResult)
   at System.Web.Mvc.Async.AsyncResultWrapper.WrappedAsyncResult`1.CallEndDelegate(IAsyncResult asyncResult)
   at System.Web.Mvc.Async.AsyncResultWrapper.WrappedAsyncResultBase`1.End()
   at System.Web.Mvc.Async.AsyncResultWrapper.End[TResult](IAsyncResult asyncResult, Object tag)
   at System.Web.Mvc.Async.AsyncControllerActionInvoker.EndInvokeAction(IAsyncResult asyncResult)
   at System.Web.Mvc.Controller.<BeginExecuteCore>b__1d(IAsyncResult asyncResult, ExecuteCoreState innerState)
   at System.Web.Mvc.Async.AsyncResultWrapper.WrappedAsyncVoid`1.CallEndDelegate(IAsyncResult asyncResult)
   at System.Web.Mvc.Async.AsyncResultWrapper.WrappedAsyncResultBase`1.End()
   at System.Web.Mvc.Async.AsyncResultWrapper.End[TResult](IAsyncResult asyncResult, Object tag)
   at System.Web.Mvc.Async.AsyncResultWrapper.End(IAsyncResult asyncResult, Object tag)
   at System.Web.Mvc.Controller.EndExecuteCore(IAsyncResult asyncResult)
   at System.Web.Mvc.Controller.<BeginExecute>b__15(IAsyncResult asyncResult, Controller controller)
   at System.Web.Mvc.Async.AsyncResultWrapper.WrappedAsyncVoid`1.CallEndDelegate(IAsyncResult asyncResult)
   at System.Web.Mvc.Async.AsyncResultWrapper.WrappedAsyncResultBase`1.End()
   at System.Web.Mvc.Async.AsyncResultWrapper.End[TResult](IAsyncResult asyncResult, Object tag)
   at System.Web.Mvc.Async.AsyncResultWrapper.End(IAsyncResult asyncResult, Object tag)
   at System.Web.Mvc.Controller.EndExecute(IAsyncResult asyncResult)
   at System.Web.Mvc.Controller.System.Web.Mvc.Async.IAsyncController.EndExecute(IAsyncResult asyncResult)
   at System.Web.Mvc.MvcHandler.<BeginProcessRequest>b__5(IAsyncResult asyncResult, ProcessRequestState innerState)
   at System.Web.Mvc.Async.AsyncResultWrapper.WrappedAsyncVoid`1.CallEndDelegate(IAsyncResult asyncResult)
   at System.Web.Mvc.Async.AsyncResultWrapper.WrappedAsyncResultBase`1.End()
   at System.Web.Mvc.Async.AsyncResultWrapper.End[TResult](IAsyncResult asyncResult, Object tag)
   at System.Web.Mvc.Async.AsyncResultWrapper.End(IAsyncResult asyncResult, Object tag)
   at System.Web.Mvc.MvcHandler.EndProcessRequest(IAsyncResult asyncResult)
   at System.Web.Mvc.MvcHandler.System.Web.IHttpAsyncHandler.EndProcessRequest(IAsyncResult result)
   at System.Web.HttpApplication.CallHandlerExecutionStep.System.Web.HttpApplication.IExecutionStep.Execute()
   at System.Web.HttpApplication.ExecuteStepImpl(IExecutionStep step)
   at System.Web.HttpApplication.ExecuteStep(IExecutionStep step, Boolean& completedSynchronously)
2021-02-20 19:57:30,023 => INFO  NA.PMS.Common.Logger.LogService.LogInformation():24 - Executing Action: Login on Controller: Account For User : .
2021-02-20 19:57:31,553 => INFO  NA.PMS.Common.Logger.LogService.LogInformation():24 - Executed Action: Login on Controller: Account For User : .
2021-02-20 19:57:33,743 => INFO  NA.PMS.Common.Logger.LogService.LogInformation():24 - Executing Action: Login on Controller: Account For User : svamadmin.
2021-02-20 19:57:33,763 => INFO  NA.PMS.Common.Logger.LogService.LogInformation():24 - Executed Action: Login on Controller: Account For User : svamadmin.
2021-02-20 19:57:38,243 => INFO  NA.PMS.Common.Logger.LogService.LogInformation():24 - Executing Action: LoginAfterVerifyOTP on Controller: Account For User : svamadmin.
2021-02-20 19:57:41,121 => INFO  NA.PMS.Common.Logger.LogService.LogInformation():24 - Executed Action: LoginAfterVerifyOTP on Controller: Account For User : svamadmin.
2021-02-20 19:57:42,827 => INFO  NA.PMS.Common.Logger.LogService.LogInformation():24 - Executing Action: Login on Controller: Account For User : svamadmin.
2021-02-20 19:57:42,884 => INFO  NA.PMS.Common.Logger.LogService.LogInformation():24 - Executed Action: Login on Controller: Account For User : svamadmin.
2021-02-20 19:57:44,382 => INFO  NA.PMS.Common.Logger.LogService.LogInformation():24 - Executing Action: GetDepartmentForAdvanceSearch on Controller: PropertyAllotment For User : svamadmin.
2021-02-20 19:57:44,539 => INFO  NA.PMS.Common.Logger.LogService.LogInformation():24 - Executed Action: GetDepartmentForAdvanceSearch on Controller: PropertyAllotment For User : svamadmin.
2021-02-20 19:58:28,812 => INFO  NA.PMS.Common.Logger.LogService.LogInformation():24 - Executing Action: GetDepartmentList on Controller: Application For User : svamadmin.
2021-02-20 19:58:28,969 => INFO  NA.PMS.Common.Logger.LogService.LogInformation():24 - Executed Action: GetDepartmentList on Controller: Application For User : svamadmin.
2021-02-20 19:58:53,726 => INFO  NA.PMS.Common.Logger.LogService.LogInformation():24 - Executing Action: GetApplicationList on Controller: Application For User : svamadmin.
2021-02-20 19:58:53,844 => INFO  NA.PMS.Common.Logger.LogService.LogInformation():24 - Executed Action: GetApplicationList on Controller: Application For User : svamadmin.
2021-02-20 19:58:54,084 => INFO  NA.PMS.Common.Logger.LogService.LogInformation():24 - Executing Action: GetStatusTypeList on Controller: Application For User : svamadmin.
2021-02-20 19:58:54,179 => INFO  NA.PMS.Common.Logger.LogService.LogInformation():24 - Executed Action: GetStatusTypeList on Controller: Application For User : svamadmin.
2021-02-20 19:58:54,383 => INFO  NA.PMS.Common.Logger.LogService.LogInformation():24 - Executing Action: GetDeparmentListAsDataSource on Controller: Application For User : svamadmin.
2021-02-20 19:58:54,980 => INFO  NA.PMS.Common.Logger.LogService.LogInformation():24 - Executed Action: GetDeparmentListAsDataSource on Controller: Application For User : svamadmin.
2021-02-20 19:58:55,180 => INFO  NA.PMS.Common.Logger.LogService.LogInformation():24 - Executing Action: GetApplicationList on Controller: Application For User : svamadmin.
2021-02-20 19:58:55,263 => INFO  NA.PMS.Common.Logger.LogService.LogInformation():24 - Executed Action: GetApplicationList on Controller: Application For User : svamadmin.
2021-02-20 19:58:55,524 => INFO  NA.PMS.Common.Logger.LogService.LogInformation():24 - Executing Action: GetSchemeTypeList on Controller: Application For User : svamadmin.
2021-02-20 19:58:55,649 => INFO  NA.PMS.Common.Logger.LogService.LogInformation():24 - Executed Action: GetSchemeTypeList on Controller: Application For User : svamadmin.
2021-02-20 19:58:56,066 => INFO  NA.PMS.Common.Logger.LogService.LogInformation():24 - Executing Action: GetDepartmentList on Controller: Application For User : svamadmin.
2021-02-20 19:58:56,195 => INFO  NA.PMS.Common.Logger.LogService.LogInformation():24 - Executed Action: GetDepartmentList on Controller: Application For User : svamadmin.
2021-02-20 19:58:56,426 => INFO  NA.PMS.Common.Logger.LogService.LogInformation():24 - Executing Action: GetDepartmentList on Controller: Application For User : svamadmin.
2021-02-20 19:58:56,528 => INFO  NA.PMS.Common.Logger.LogService.LogInformation():24 - Executed Action: GetDepartmentList on Controller: Application For User : svamadmin.
2021-02-20 19:58:56,781 => INFO  NA.PMS.Common.Logger.LogService.LogInformation():24 - Executing Action: GetDepartmentList on Controller: Application For User : svamadmin.
2021-02-20 19:58:56,873 => INFO  NA.PMS.Common.Logger.LogService.LogInformation():24 - Executed Action: GetDepartmentList on Controller: Application For User : svamadmin.
2021-02-20 19:58:57,953 => INFO  NA.PMS.Common.Logger.LogService.LogInformation():24 - Executing Action: GetCommonConfigCategoryList on Controller: Application For User : svamadmin.
2021-02-20 19:58:58,068 => INFO  NA.PMS.Common.Logger.LogService.LogInformation():24 - Executed Action: GetCommonConfigCategoryList on Controller: Application For User : svamadmin.
2021-02-20 19:58:58,623 => INFO  NA.PMS.Common.Logger.LogService.LogInformation():24 - Executing Action: GetParentMenuList on Controller: Application For User : svamadmin.
2021-02-20 19:58:58,855 => INFO  NA.PMS.Common.Logger.LogService.LogInformation():24 - Executed Action: GetParentMenuList on Controller: Application For User : svamadmin.
2021-02-20 19:58:59,600 => INFO  NA.PMS.Common.Logger.LogService.LogInformation():24 - Executing Action: GetUserNameListAsDataSource on Controller: Application For User : svamadmin.
2021-02-20 19:58:59,843 => INFO  NA.PMS.Common.Logger.LogService.LogInformation():24 - Executed Action: GetUserNameListAsDataSource on Controller: Application For User : svamadmin.
2021-02-20 20:04:04,140 => INFO  NA.PMS.Common.Logger.LogService.LogInformation():24 - Executing Action: GetApplicationList on Controller: Application For User : svamadmin.
2021-02-20 20:04:04,249 => INFO  NA.PMS.Common.Logger.LogService.LogInformation():24 - Executed Action: GetApplicationList on Controller: Application For User : svamadmin.
2021-02-20 20:04:04,638 => INFO  NA.PMS.Common.Logger.LogService.LogInformation():24 - Executing Action: GetParentMenuList on Controller: Application For User : svamadmin.
2021-02-20 20:04:04,762 => INFO  NA.PMS.Common.Logger.LogService.LogInformation():24 - Executed Action: GetParentMenuList on Controller: Application For User : svamadmin.
2021-02-20 20:04:46,438 => INFO  NA.PMS.Common.Logger.LogService.LogInformation():24 - Executing Action: GetParentMenuList on Controller: Application For User : svamadmin.
2021-02-20 20:04:46,556 => INFO  NA.PMS.Common.Logger.LogService.LogInformation():24 - Executed Action: GetParentMenuList on Controller: Application For User : svamadmin.
2021-02-20 20:04:46,885 => INFO  NA.PMS.Common.Logger.LogService.LogInformation():24 - Executing Action: GetApplicationList on Controller: Application For User : svamadmin.
2021-02-20 20:04:46,971 => INFO  NA.PMS.Common.Logger.LogService.LogInformation():24 - Executed Action: GetApplicationList on Controller: Application For User : svamadmin.
2021-02-20 20:06:56,318 => INFO  NA.PMS.Common.Logger.LogService.LogInformation():24 - Executing Action: GetStatusTypeList on Controller: Application For User : svamadmin.
2021-02-20 20:06:56,421 => INFO  NA.PMS.Common.Logger.LogService.LogInformation():24 - Executed Action: GetStatusTypeList on Controller: Application For User : svamadmin.
2021-02-20 20:06:56,671 => INFO  NA.PMS.Common.Logger.LogService.LogInformation():24 - Executing Action: GetUserNameListAsDataSource on Controller: Application For User : svamadmin.
2021-02-20 20:06:56,847 => INFO  NA.PMS.Common.Logger.LogService.LogInformation():24 - Executed Action: GetUserNameListAsDataSource on Controller: Application For User : svamadmin.
2021-02-20 20:06:57,083 => INFO  NA.PMS.Common.Logger.LogService.LogInformation():24 - Executing Action: GetDeparmentListAsDataSource on Controller: Application For User : svamadmin.
2021-02-20 20:06:57,345 => INFO  NA.PMS.Common.Logger.LogService.LogInformation():24 - Executed Action: GetDeparmentListAsDataSource on Controller: Application For User : svamadmin.
2021-02-20 20:06:57,703 => INFO  NA.PMS.Common.Logger.LogService.LogInformation():24 - Executing Action: GetApplicationList on Controller: Application For User : svamadmin.
2021-02-20 20:06:57,834 => INFO  NA.PMS.Common.Logger.LogService.LogInformation():24 - Executed Action: GetApplicationList on Controller: Application For User : svamadmin.
2021-02-20 20:06:58,073 => INFO  NA.PMS.Common.Logger.LogService.LogInformation():24 - Executing Action: GetApplicationList on Controller: Application For User : svamadmin.
2021-02-20 20:06:58,194 => INFO  NA.PMS.Common.Logger.LogService.LogInformation():24 - Executed Action: GetApplicationList on Controller: Application For User : svamadmin.
2021-02-20 20:06:58,406 => INFO  NA.PMS.Common.Logger.LogService.LogInformation():24 - Executing Action: GetApplicationList on Controller: Application For User : svamadmin.
2021-02-20 20:06:58,570 => INFO  NA.PMS.Common.Logger.LogService.LogInformation():24 - Executed Action: GetApplicationList on Controller: Application For User : svamadmin.
2021-02-20 20:06:58,923 => INFO  NA.PMS.Common.Logger.LogService.LogInformation():24 - Executing Action: GetCommonConfigCategoryList on Controller: Application For User : svamadmin.
2021-02-20 20:06:59,031 => INFO  NA.PMS.Common.Logger.LogService.LogInformation():24 - Executed Action: GetCommonConfigCategoryList on Controller: Application For User : svamadmin.
2021-02-20 20:06:59,678 => INFO  NA.PMS.Common.Logger.LogService.LogInformation():24 - Executing Action: GetParentMenuList on Controller: Application For User : svamadmin.
2021-02-20 20:06:59,816 => INFO  NA.PMS.Common.Logger.LogService.LogInformation():24 - Executed Action: GetParentMenuList on Controller: Application For User : svamadmin.
2021-02-20 20:07:00,086 => INFO  NA.PMS.Common.Logger.LogService.LogInformation():24 - Executing Action: GetParentMenuList on Controller: Application For User : svamadmin.
2021-02-20 20:07:00,176 => INFO  NA.PMS.Common.Logger.LogService.LogInformation():24 - Executed Action: GetParentMenuList on Controller: Application For User : svamadmin.
2021-02-20 20:07:01,176 => INFO  NA.PMS.Common.Logger.LogService.LogInformation():24 - Executing Action: GetDepartmentList on Controller: Application For User : svamadmin.
2021-02-20 20:07:01,285 => INFO  NA.PMS.Common.Logger.LogService.LogInformation():24 - Executed Action: GetDepartmentList on Controller: Application For User : svamadmin.
2021-02-20 20:07:01,539 => INFO  NA.PMS.Common.Logger.LogService.LogInformation():24 - Executing Action: GetDepartmentList on Controller: Application For User : svamadmin.
2021-02-20 20:07:01,641 => INFO  NA.PMS.Common.Logger.LogService.LogInformation():24 - Executed Action: GetDepartmentList on Controller: Application For User : svamadmin.
2021-02-20 20:07:01,889 => INFO  NA.PMS.Common.Logger.LogService.LogInformation():24 - Executing Action: GetDepartmentList on Controller: Application For User : svamadmin.
2021-02-20 20:07:02,007 => INFO  NA.PMS.Common.Logger.LogService.LogInformation():24 - Executed Action: GetDepartmentList on Controller: Application For User : svamadmin.
2021-02-20 20:07:02,259 => INFO  NA.PMS.Common.Logger.LogService.LogInformation():24 - Executing Action: GetSchemeTypeList on Controller: Application For User : svamadmin.
2021-02-20 20:07:02,424 => INFO  NA.PMS.Common.Logger.LogService.LogInformation():24 - Executed Action: GetSchemeTypeList on Controller: Application For User : svamadmin.
2021-02-20 20:07:42,213 => INFO  NA.PMS.Common.Logger.LogService.LogInformation():24 - Executing Action: GetParentMenuList on Controller: Application For User : svamadmin.
2021-02-20 20:07:42,385 => INFO  NA.PMS.Common.Logger.LogService.LogInformation():24 - Executed Action: GetParentMenuList on Controller: Application For User : svamadmin.
2021-02-20 20:07:42,661 => INFO  NA.PMS.Common.Logger.LogService.LogInformation():24 - Executing Action: GetApplicationList on Controller: Application For User : svamadmin.
2021-02-20 20:07:42,784 => INFO  NA.PMS.Common.Logger.LogService.LogInformation():24 - Executed Action: GetApplicationList on Controller: Application For User : svamadmin.
2021-02-20 20:13:03,803 => INFO  NA.PMS.Common.Logger.LogService.LogInformation():24 - Executing Action: GetApplicationList on Controller: Application For User : svamadmin.
2021-02-20 20:13:03,893 => INFO  NA.PMS.Common.Logger.LogService.LogInformation():24 - Executed Action: GetApplicationList on Controller: Application For User : svamadmin.
2021-02-20 20:13:04,341 => INFO  NA.PMS.Common.Logger.LogService.LogInformation():24 - Executing Action: GetParentMenuList on Controller: Application For User : svamadmin.
2021-02-20 20:13:04,428 => INFO  NA.PMS.Common.Logger.LogService.LogInformation():24 - Executed Action: GetParentMenuList on Controller: Application For User : svamadmin.
2021-02-20 20:14:31,288 => INFO  NA.PMS.Common.Logger.LogService.LogInformation():24 - Executing Action: GetApplicationList on Controller: Application For User : svamadmin.
2021-02-20 20:14:31,417 => INFO  NA.PMS.Common.Logger.LogService.LogInformation():24 - Executed Action: GetApplicationList on Controller: Application For User : svamadmin.
2021-02-20 20:14:31,787 => INFO  NA.PMS.Common.Logger.LogService.LogInformation():24 - Executing Action: GetParentMenuList on Controller: Application For User : svamadmin.
2021-02-20 20:14:31,881 => INFO  NA.PMS.Common.Logger.LogService.LogInformation():24 - Executed Action: GetParentMenuList on Controller: Application For User : svamadmin.
2021-02-20 20:17:23,546 => INFO  NA.PMS.Common.Logger.LogService.LogInformation():24 - Executing Action: GetApplicationList on Controller: Application For User : svamadmin.
2021-02-20 20:17:23,646 => INFO  NA.PMS.Common.Logger.LogService.LogInformation():24 - Executed Action: GetApplicationList on Controller: Application For User : svamadmin.
2021-02-20 20:17:24,067 => INFO  NA.PMS.Common.Logger.LogService.LogInformation():24 - Executing Action: GetParentMenuList on Controller: Application For User : svamadmin.
2021-02-20 20:17:24,159 => INFO  NA.PMS.Common.Logger.LogService.LogInformation():24 - Executed Action: GetParentMenuList on Controller: Application For User : svamadmin.
2021-02-20 20:21:08,874 => INFO  NA.PMS.Common.Logger.LogService.LogInformation():24 - Executing Action: Login on Controller: Account For User : svamadmin.
2021-02-20 20:21:09,060 => INFO  NA.PMS.Common.Logger.LogService.LogInformation():24 - Executed Action: Login on Controller: Account For User : svamadmin.
2021-02-20 20:21:40,271 => INFO  NA.PMS.Common.Logger.LogService.LogInformation():24 - Executing Action: Login on Controller: Account For User : svamadmin.
2021-02-20 20:21:44,622 => INFO  NA.PMS.Common.Logger.LogService.LogInformation():24 - Executed Action: Login on Controller: Account For User : svamadmin.
2021-02-20 20:21:44,652 => INFO  NA.PMS.Common.Logger.LogService.LogInformation():24 - Executing Action: Login on Controller: Account For User : svamadmin.
2021-02-20 20:21:44,671 => INFO  NA.PMS.Common.Logger.LogService.LogInformation():24 - Executed Action: Login on Controller: Account For User : svamadmin.
2021-02-20 20:21:48,020 => INFO  NA.PMS.Common.Logger.LogService.LogInformation():24 - Executing Action: LoginAfterVerifyOTP on Controller: Account For User : svamadmin.
2021-02-20 20:21:50,164 => INFO  NA.PMS.Common.Logger.LogService.LogInformation():24 - Executed Action: LoginAfterVerifyOTP on Controller: Account For User : svamadmin.
2021-02-20 20:21:51,569 => INFO  NA.PMS.Common.Logger.LogService.LogInformation():24 - Executing Action: Login on Controller: Account For User : svamadmin.
2021-02-20 20:21:51,589 => INFO  NA.PMS.Common.Logger.LogService.LogInformation():24 - Executed Action: Login on Controller: Account For User : svamadmin.
2021-02-20 20:21:53,088 => INFO  NA.PMS.Common.Logger.LogService.LogInformation():24 - Executing Action: GetDepartmentForAdvanceSearch on Controller: PropertyAllotment For User : svamadmin.
2021-02-20 20:21:53,258 => INFO  NA.PMS.Common.Logger.LogService.LogInformation():24 - Executed Action: GetDepartmentForAdvanceSearch on Controller: PropertyAllotment For User : svamadmin.
2021-02-20 20:22:11,645 => INFO  NA.PMS.Common.Logger.LogService.LogInformation():24 - Executing Action: GetParentMenuList on Controller: Application For User : svamadmin.
2021-02-20 20:22:11,761 => INFO  NA.PMS.Common.Logger.LogService.LogInformation():24 - Executed Action: GetParentMenuList on Controller: Application For User : svamadmin.
2021-02-20 20:22:12,072 => INFO  NA.PMS.Common.Logger.LogService.LogInformation():24 - Executing Action: GetApplicationList on Controller: Application For User : svamadmin.
2021-02-20 20:22:12,169 => INFO  NA.PMS.Common.Logger.LogService.LogInformation():24 - Executed Action: GetApplicationList on Controller: Application For User : svamadmin.
2021-02-20 20:24:05,925 => INFO  NA.PMS.Common.Logger.LogService.LogInformation():24 - Executing Action: GetApplicationList on Controller: Application For User : svamadmin.
2021-02-20 20:24:06,039 => INFO  NA.PMS.Common.Logger.LogService.LogInformation():24 - Executed Action: GetApplicationList on Controller: Application For User : svamadmin.
2021-02-20 20:24:06,481 => INFO  NA.PMS.Common.Logger.LogService.LogInformation():24 - Executing Action: GetParentMenuList on Controller: Application For User : svamadmin.
2021-02-20 20:24:06,587 => INFO  NA.PMS.Common.Logger.LogService.LogInformation():24 - Executed Action: GetParentMenuList on Controller: Application For User : svamadmin.
2021-02-20 20:26:36,247 => INFO  NA.PMS.Common.Logger.LogService.LogInformation():24 - Executing Action: GetApplicationList on Controller: Application For User : svamadmin.
2021-02-20 20:26:36,341 => INFO  NA.PMS.Common.Logger.LogService.LogInformation():24 - Executed Action: GetApplicationList on Controller: Application For User : svamadmin.
2021-02-20 20:26:36,704 => INFO  NA.PMS.Common.Logger.LogService.LogInformation():24 - Executing Action: GetParentMenuList on Controller: Application For User : svamadmin.
2021-02-20 20:26:36,783 => INFO  NA.PMS.Common.Logger.LogService.LogInformation():24 - Executed Action: GetParentMenuList on Controller: Application For User : svamadmin.
2021-02-20 20:28:44,797 => INFO  NA.PMS.Common.Logger.LogService.LogInformation():24 - Executing Action: GetDepartmentList on Controller: Application For User : svamadmin.
2021-02-20 20:28:44,921 => INFO  NA.PMS.Common.Logger.LogService.LogInformation():24 - Executed Action: GetDepartmentList on Controller: Application For User : svamadmin.
2021-02-20 20:29:38,697 => INFO  NA.PMS.Common.Logger.LogService.LogInformation():24 - Executing Action: Logout on Controller: Account For User : svamadmin.
2021-02-20 20:29:38,709 => INFO  NA.PMS.Common.Logger.LogService.LogInformation():24 - Executed Action: Logout on Controller: Account For User : svamadmin.
2021-02-20 23:12:41,609 => INFO  NA.PMS.Common.Logger.LogService.LogInformation():24 - Executing Action: Login on Controller: Account For User : .
2021-02-20 23:12:41,841 => INFO  NA.PMS.Common.Logger.LogService.LogInformation():24 - Executed Action: Login on Controller: Account For User : .
2021-02-20 23:13:01,134 => INFO  NA.PMS.Common.Logger.LogService.LogInformation():24 - Executing Action: Login on Controller: Account For User : .
2021-02-20 23:13:11,076 => INFO  NA.PMS.Common.Logger.LogService.LogInformation():24 - Executed Action: Login on Controller: Account For User : .
2021-02-20 23:13:11,093 => INFO  NA.PMS.Common.Logger.LogService.LogInformation():24 - Executing Action: Login on Controller: Account For User : svamadmin.
2021-02-20 23:13:11,096 => INFO  NA.PMS.Common.Logger.LogService.LogInformation():24 - Executed Action: Login on Controller: Account For User : svamadmin.
2021-02-20 23:13:16,204 => INFO  NA.PMS.Common.Logger.LogService.LogInformation():24 - Executing Action: LoginAfterVerifyOTP on Controller: Account For User : svamadmin.
2021-02-20 23:13:21,571 => INFO  NA.PMS.Common.Logger.LogService.LogInformation():24 - Executed Action: LoginAfterVerifyOTP on Controller: Account For User : svamadmin.
2021-02-20 23:13:23,773 => INFO  NA.PMS.Common.Logger.LogService.LogInformation():24 - Executing Action: Login on Controller: Account For User : svamadmin.
2021-02-20 23:13:23,799 => INFO  NA.PMS.Common.Logger.LogService.LogInformation():24 - Executed Action: Login on Controller: Account For User : svamadmin.
2021-02-20 23:13:25,502 => INFO  NA.PMS.Common.Logger.LogService.LogInformation():24 - Executing Action: GetDepartmentForAdvanceSearch on Controller: PropertyAllotment For User : svamadmin.
2021-02-20 23:13:25,685 => INFO  NA.PMS.Common.Logger.LogService.LogInformation():24 - Executed Action: GetDepartmentForAdvanceSearch on Controller: PropertyAllotment For User : svamadmin.
2021-02-20 23:14:06,384 => INFO  NA.PMS.Common.Logger.LogService.LogInformation():24 - Executing Action: GetDepartmentList on Controller: Application For User : svamadmin.
2021-02-20 23:14:06,611 => INFO  NA.PMS.Common.Logger.LogService.LogInformation():24 - Executed Action: GetDepartmentList on Controller: Application For User : svamadmin.
2021-02-20 23:14:40,376 => INFO  NA.PMS.Common.Logger.LogService.LogInformation():24 - Executing Action: GetApplicationList on Controller: Application For User : svamadmin.
2021-02-20 23:14:40,534 => INFO  NA.PMS.Common.Logger.LogService.LogInformation():24 - Executed Action: GetApplicationList on Controller: Application For User : svamadmin.
2021-02-20 23:14:40,915 => INFO  NA.PMS.Common.Logger.LogService.LogInformation():24 - Executing Action: GetParentMenuList on Controller: Application For User : svamadmin.
2021-02-20 23:14:41,113 => INFO  NA.PMS.Common.Logger.LogService.LogInformation():24 - Executed Action: GetParentMenuList on Controller: Application For User : svamadmin.
2021-02-20 23:22:04,582 => INFO  NA.PMS.Common.Logger.LogService.LogInformation():24 - Executing Action: GetApplicationList on Controller: Application For User : svamadmin.
2021-02-20 23:22:04,718 => INFO  NA.PMS.Common.Logger.LogService.LogInformation():24 - Executed Action: GetApplicationList on Controller: Application For User : svamadmin.
2021-02-20 23:22:05,092 => INFO  NA.PMS.Common.Logger.LogService.LogInformation():24 - Executing Action: GetParentMenuList on Controller: Application For User : svamadmin.
2021-02-20 23:22:05,187 => INFO  NA.PMS.Common.Logger.LogService.LogInformation():24 - Executed Action: GetParentMenuList on Controller: Application For User : svamadmin.
