2021-01-05 14:46:16,480 => INFO  NA.PMS.Common.Logger.LogService.LogInformation():24 - Executing Action: Login on Controller: Account For User : .
2021-01-05 14:46:16,770 => INFO  NA.PMS.Common.Logger.LogService.LogInformation():24 - Executed Action: Login on Controller: Account For User : .
2021-01-05 14:47:22,428 => INFO  NA.PMS.Common.Logger.LogService.LogInformation():24 - Executing Action: GetApplicantTypeList on Controller: Application For User : .
2021-01-05 14:47:25,436 => INFO  NA.PMS.Common.Logger.LogService.LogInformation():24 - Executed Action: GetApplicantTypeList on Controller: Application For User : .
2021-01-05 14:47:25,498 => INFO  NA.PMS.Common.Logger.LogService.LogInformation():24 - Executing Action: GetDirectorTypeList on Controller: Application For User : .
2021-01-05 14:47:25,574 => INFO  NA.PMS.Common.Logger.LogService.LogInformation():24 - Executed Action: GetDirectorTypeList on Controller: Application For User : .
2021-01-05 14:47:25,603 => INFO  NA.PMS.Common.Logger.LogService.LogInformation():24 - Executing Action: GetSectorList on Controller: Application For User : .
2021-01-05 14:47:25,658 => INFO  NA.PMS.Common.Logger.LogService.LogInformation():24 - Executed Action: GetSectorList on Controller: Application For User : .
2021-01-05 14:47:26,027 => INFO  NA.PMS.Common.Logger.LogService.LogInformation():24 - Executing Action: GetCompanyTypeList on Controller: Application For User : .
2021-01-05 14:47:26,091 => INFO  NA.PMS.Common.Logger.LogService.LogInformation():24 - Executed Action: GetCompanyTypeList on Controller: Application For User : .
2021-01-05 14:47:36,927 => INFO  NA.PMS.Common.Logger.LogService.LogInformation():24 - Executing Action: GetFormSubTypeList on Controller: Application For User : .
2021-01-05 14:47:37,001 => INFO  NA.PMS.Common.Logger.LogService.LogInformation():24 - Executed Action: GetFormSubTypeList on Controller: Application For User : .
2021-01-05 14:47:37,077 => INFO  NA.PMS.Common.Logger.LogService.LogInformation():24 - Executing Action: GetFormSubTypeList on Controller: Application For User : .
2021-01-05 14:47:37,118 => INFO  NA.PMS.Common.Logger.LogService.LogInformation():24 - Executed Action: GetFormSubTypeList on Controller: Application For User : .
2021-01-05 14:47:41,934 => INFO  NA.PMS.Common.Logger.LogService.LogInformation():24 - Executing Action: GetApplicationFeeAndCharges on Controller: Application For User : .
2021-01-05 14:47:42,131 => INFO  NA.PMS.Common.Logger.LogService.LogInformation():24 - Executed Action: GetApplicationFeeAndCharges on Controller: Application For User : .
2021-01-05 14:47:51,364 => INFO  NA.PMS.Common.Logger.LogService.LogInformation():24 - Executing Action: GetApplicationFeeAndCharges on Controller: Application For User : .
2021-01-05 14:47:51,435 => INFO  NA.PMS.Common.Logger.LogService.LogInformation():24 - Executed Action: GetApplicationFeeAndCharges on Controller: Application For User : .
2021-01-05 14:47:53,260 => INFO  NA.PMS.Common.Logger.LogService.LogInformation():24 - Executing Action: GetApplicationFeeAndCharges on Controller: Application For User : .
2021-01-05 14:47:53,327 => INFO  NA.PMS.Common.Logger.LogService.LogInformation():24 - Executed Action: GetApplicationFeeAndCharges on Controller: Application For User : .
2021-01-05 14:48:46,096 => INFO  NA.PMS.Common.Logger.LogService.LogInformation():24 - Executing Action: SchemeInformation on Controller: Application For User : .
2021-01-05 14:49:01,866 => INFO  NA.PMS.Common.Logger.LogService.LogInformation():24 - Executed Action: SchemeInformation on Controller: Application For User : .
2021-01-05 14:54:21,668 => INFO  NA.PMS.Common.Logger.LogService.LogInformation():24 - Executing Action: SchemeInformation on Controller: Application For User : .
2021-01-05 14:54:29,609 => INFO  NA.PMS.Common.Logger.LogService.LogInformation():24 - Executed Action: SchemeInformation on Controller: Application For User : .
2021-01-05 15:05:04,331 => INFO  NA.PMS.Common.Logger.LogService.LogInformation():24 - Executing Action: Login on Controller: Account For User : .
2021-01-05 15:05:04,732 => INFO  NA.PMS.Common.Logger.LogService.LogInformation():24 - Executed Action: Login on Controller: Account For User : .
2021-01-05 15:05:43,625 => INFO  NA.PMS.Common.Logger.LogService.LogInformation():24 - Executing Action: GetApplicantTypeList on Controller: Application For User : .
2021-01-05 15:05:47,471 => INFO  NA.PMS.Common.Logger.LogService.LogInformation():24 - Executed Action: GetApplicantTypeList on Controller: Application For User : .
2021-01-05 15:05:47,532 => INFO  NA.PMS.Common.Logger.LogService.LogInformation():24 - Executing Action: GetCompanyTypeList on Controller: Application For User : .
2021-01-05 15:05:47,636 => INFO  NA.PMS.Common.Logger.LogService.LogInformation():24 - Executed Action: GetCompanyTypeList on Controller: Application For User : .
2021-01-05 15:05:47,806 => INFO  NA.PMS.Common.Logger.LogService.LogInformation():24 - Executing Action: GetSectorList on Controller: Application For User : .
2021-01-05 15:05:48,045 => INFO  NA.PMS.Common.Logger.LogService.LogInformation():24 - Executed Action: GetSectorList on Controller: Application For User : .
2021-01-05 15:05:48,265 => INFO  NA.PMS.Common.Logger.LogService.LogInformation():24 - Executing Action: GetFormSubTypeList on Controller: Application For User : .
2021-01-05 15:05:48,357 => INFO  NA.PMS.Common.Logger.LogService.LogInformation():24 - Executed Action: GetFormSubTypeList on Controller: Application For User : .
2021-01-05 15:05:48,406 => INFO  NA.PMS.Common.Logger.LogService.LogInformation():24 - Executing Action: GetFormSubTypeList on Controller: Application For User : .
2021-01-05 15:05:48,574 => INFO  NA.PMS.Common.Logger.LogService.LogInformation():24 - Executed Action: GetFormSubTypeList on Controller: Application For User : .
2021-01-05 15:05:48,796 => INFO  NA.PMS.Common.Logger.LogService.LogInformation():24 - Executing Action: GetDirectorTypeList on Controller: Application For User : .
2021-01-05 15:05:48,946 => INFO  NA.PMS.Common.Logger.LogService.LogInformation():24 - Executed Action: GetDirectorTypeList on Controller: Application For User : .
2021-01-05 15:05:54,589 => INFO  NA.PMS.Common.Logger.LogService.LogInformation():24 - Executing Action: GetApplicationFeeAndCharges on Controller: Application For User : .
2021-01-05 15:05:54,879 => INFO  NA.PMS.Common.Logger.LogService.LogInformation():24 - Executed Action: GetApplicationFeeAndCharges on Controller: Application For User : .
2021-01-05 15:07:47,118 => INFO  NA.PMS.Common.Logger.LogService.LogInformation():24 - Executing Action: ValidatePANnumber on Controller: Application For User : .
2021-01-05 15:07:47,577 => INFO  NA.PMS.Common.Logger.LogService.LogInformation():24 - Executed Action: ValidatePANnumber on Controller: Application For User : .
2021-01-05 15:07:57,522 => INFO  NA.PMS.Common.Logger.LogService.LogInformation():24 - Executing Action: SendOTP on Controller: Application For User : .
2021-01-05 15:07:58,397 => INFO  NA.PMS.Common.Logger.LogService.LogInformation():24 - Executed Action: SendOTP on Controller: Application For User : .
2021-01-05 15:09:04,293 => INFO  NA.PMS.Common.Logger.LogService.LogInformation():24 - Executing Action: SaveOpenSchemeFormDetail on Controller: Application For User : .
2021-01-05 15:09:04,895 => INFO  NA.PMS.Common.Logger.LogService.LogInformation():24 - Executed Action: SaveOpenSchemeFormDetail on Controller: Application For User : .
2021-01-05 15:48:50,693 => INFO  NA.PMS.Common.Logger.LogService.LogInformation():24 - Executing Action: Login on Controller: Account For User : .
2021-01-05 15:48:51,080 => INFO  NA.PMS.Common.Logger.LogService.LogInformation():24 - Executed Action: Login on Controller: Account For User : .
2021-01-05 15:49:18,040 => INFO  NA.PMS.Common.Logger.LogService.LogInformation():24 - Executing Action: GetApplicationFeeAndCharges on Controller: Application For User : .
2021-01-05 15:49:20,918 => INFO  NA.PMS.Common.Logger.LogService.LogInformation():24 - Executed Action: GetApplicationFeeAndCharges on Controller: Application For User : .
2021-01-05 16:46:00,053 => INFO  NA.PMS.Common.Logger.LogService.LogInformation():24 - Executing Action: Login on Controller: Account For User : .
2021-01-05 16:46:00,421 => INFO  NA.PMS.Common.Logger.LogService.LogInformation():24 - Executed Action: Login on Controller: Account For User : .
2021-01-05 17:05:33,385 => INFO  NA.PMS.Common.Logger.LogService.LogInformation():24 - Executing Action: Login on Controller: Account For User : .
2021-01-05 17:05:33,653 => INFO  NA.PMS.Common.Logger.LogService.LogInformation():24 - Executed Action: Login on Controller: Account For User : .
2021-01-05 17:06:16,133 => INFO  NA.PMS.Common.Logger.LogService.LogInformation():24 - Executing Action: GetApplicantTypeList on Controller: Application For User : .
2021-01-05 17:06:16,195 => INFO  NA.PMS.Common.Logger.LogService.LogInformation():24 - Executed Action: GetApplicantTypeList on Controller: Application For User : .
2021-01-05 17:06:16,370 => INFO  NA.PMS.Common.Logger.LogService.LogInformation():24 - Executing Action: GetCompanyTypeList on Controller: Application For User : .
2021-01-05 17:06:16,427 => INFO  NA.PMS.Common.Logger.LogService.LogInformation():24 - Executed Action: GetCompanyTypeList on Controller: Application For User : .
2021-01-05 17:06:16,660 => INFO  NA.PMS.Common.Logger.LogService.LogInformation():24 - Executing Action: GetDirectorTypeList on Controller: Application For User : .
2021-01-05 17:06:16,707 => INFO  NA.PMS.Common.Logger.LogService.LogInformation():24 - Executed Action: GetDirectorTypeList on Controller: Application For User : .
2021-01-05 17:06:17,208 => INFO  NA.PMS.Common.Logger.LogService.LogInformation():24 - Executing Action: GetSectorList on Controller: Application For User : .
2021-01-05 17:06:17,257 => INFO  NA.PMS.Common.Logger.LogService.LogInformation():24 - Executed Action: GetSectorList on Controller: Application For User : .
2021-01-05 17:06:25,152 => INFO  NA.PMS.Common.Logger.LogService.LogInformation():24 - Executing Action: GetFormSubTypeList on Controller: Application For User : .
2021-01-05 17:06:25,215 => INFO  NA.PMS.Common.Logger.LogService.LogInformation():24 - Executed Action: GetFormSubTypeList on Controller: Application For User : .
2021-01-05 17:06:25,256 => INFO  NA.PMS.Common.Logger.LogService.LogInformation():24 - Executing Action: GetFormSubTypeList on Controller: Application For User : .
2021-01-05 17:06:25,403 => INFO  NA.PMS.Common.Logger.LogService.LogInformation():24 - Executed Action: GetFormSubTypeList on Controller: Application For User : .
2021-01-05 17:06:59,712 => INFO  NA.PMS.Common.Logger.LogService.LogInformation():24 - Executing Action: GetApplicationFeeAndCharges on Controller: Application For User : .
2021-01-05 17:07:00,042 => INFO  NA.PMS.Common.Logger.LogService.LogInformation():24 - Executed Action: GetApplicationFeeAndCharges on Controller: Application For User : .
2021-01-05 17:09:40,623 => INFO  NA.PMS.Common.Logger.LogService.LogInformation():24 - Executing Action: Login on Controller: Account For User : .
2021-01-05 17:09:40,895 => INFO  NA.PMS.Common.Logger.LogService.LogInformation():24 - Executed Action: Login on Controller: Account For User : .
2021-01-05 17:10:06,626 => INFO  NA.PMS.Common.Logger.LogService.LogInformation():24 - Executing Action: Login on Controller: Account For User : .
2021-01-05 17:10:09,981 => INFO  NA.PMS.Common.Logger.LogService.LogInformation():24 - Executed Action: Login on Controller: Account For User : .
2021-01-05 17:10:10,014 => INFO  NA.PMS.Common.Logger.LogService.LogInformation():24 - Executing Action: Login on Controller: Account For User : svamadmin.
2021-01-05 17:10:10,032 => INFO  NA.PMS.Common.Logger.LogService.LogInformation():24 - Executed Action: Login on Controller: Account For User : svamadmin.
2021-01-05 17:10:16,094 => INFO  NA.PMS.Common.Logger.LogService.LogInformation():24 - Executing Action: LoginAfterVerifyOTP on Controller: Account For User : svamadmin.
2021-01-05 17:10:18,097 => INFO  NA.PMS.Common.Logger.LogService.LogInformation():24 - Executed Action: LoginAfterVerifyOTP on Controller: Account For User : svamadmin.
2021-01-05 17:10:18,136 => INFO  NA.PMS.Common.Logger.LogService.LogInformation():24 - Executing Action: Login on Controller: Account For User : svamadmin.
2021-01-05 17:10:18,170 => INFO  NA.PMS.Common.Logger.LogService.LogInformation():24 - Executed Action: Login on Controller: Account For User : svamadmin.
2021-01-05 17:10:21,870 => INFO  NA.PMS.Common.Logger.LogService.LogInformation():24 - Executing Action: GetDepartmentForAdvanceSearch on Controller: PropertyAllotment For User : svamadmin.
2021-01-05 17:10:21,965 => INFO  NA.PMS.Common.Logger.LogService.LogInformation():24 - Executed Action: GetDepartmentForAdvanceSearch on Controller: PropertyAllotment For User : svamadmin.
2021-01-05 17:10:26,997 => INFO  NA.PMS.Common.Logger.LogService.LogInformation():24 - Executing Action: Manage on Controller: Scheme For User : svamadmin.
2021-01-05 17:10:27,416 => INFO  NA.PMS.Common.Logger.LogService.LogInformation():24 - Executed Action: Manage on Controller: Scheme For User : svamadmin.
2021-01-05 17:10:32,389 => INFO  NA.PMS.Common.Logger.LogService.LogInformation():24 - Executing Action: GetAllScheme on Controller: Scheme For User : svamadmin.
2021-01-05 17:10:32,621 => INFO  NA.PMS.Common.Logger.LogService.LogInformation():24 - Executed Action: GetAllScheme on Controller: Scheme For User : svamadmin.
2021-01-05 17:10:34,102 => INFO  NA.PMS.Common.Logger.LogService.LogInformation():24 - Executing Action: CreateScheme on Controller: Scheme For User : svamadmin.
2021-01-05 17:10:34,117 => INFO  NA.PMS.Common.Logger.LogService.LogInformation():24 - Executed Action: CreateScheme on Controller: Scheme For User : svamadmin.
2021-01-05 17:10:50,422 => INFO  NA.PMS.Common.Logger.LogService.LogInformation():24 - Executing Action: GetAllSchemeType on Controller: Scheme For User : svamadmin.
2021-01-05 17:10:50,493 => INFO  NA.PMS.Common.Logger.LogService.LogInformation():24 - Executed Action: GetAllSchemeType on Controller: Scheme For User : svamadmin.
2021-01-05 17:10:50,699 => INFO  NA.PMS.Common.Logger.LogService.LogInformation():24 - Executing Action: GetAllDepartmentsByScheme on Controller: Scheme For User : svamadmin.
2021-01-05 17:10:50,767 => INFO  NA.PMS.Common.Logger.LogService.LogInformation():24 - Executed Action: GetAllDepartmentsByScheme on Controller: Scheme For User : svamadmin.
2021-01-05 17:10:50,860 => INFO  NA.PMS.Common.Logger.LogService.LogInformation():24 - Executing Action: GetQuotaData on Controller: Scheme For User : svamadmin.
2021-01-05 17:10:50,998 => INFO  NA.PMS.Common.Logger.LogService.LogInformation():24 - Executed Action: GetQuotaData on Controller: Scheme For User : svamadmin.
2021-01-05 17:10:51,128 => INFO  NA.PMS.Common.Logger.LogService.LogInformation():24 - Executing Action: GetAllDepartmentsByScheme on Controller: Scheme For User : svamadmin.
2021-01-05 17:10:51,185 => INFO  NA.PMS.Common.Logger.LogService.LogInformation():24 - Executed Action: GetAllDepartmentsByScheme on Controller: Scheme For User : svamadmin.
2021-01-05 17:10:51,266 => INFO  NA.PMS.Common.Logger.LogService.LogInformation():24 - Executing Action: GetRebateTypes on Controller: Scheme For User : svamadmin.
2021-01-05 17:10:51,346 => INFO  NA.PMS.Common.Logger.LogService.LogInformation():24 - Executed Action: GetRebateTypes on Controller: Scheme For User : svamadmin.
2021-01-05 17:10:51,434 => INFO  NA.PMS.Common.Logger.LogService.LogInformation():24 - Executing Action: GetRebateUnits on Controller: Scheme For User : svamadmin.
2021-01-05 17:10:51,455 => INFO  NA.PMS.Common.Logger.LogService.LogInformation():24 - Executed Action: GetRebateUnits on Controller: Scheme For User : svamadmin.
2021-01-05 17:10:51,560 => INFO  NA.PMS.Common.Logger.LogService.LogInformation():24 - Executing Action: GetAllSelectionType on Controller: Scheme For User : svamadmin.
2021-01-05 17:10:51,583 => INFO  NA.PMS.Common.Logger.LogService.LogInformation():24 - Executed Action: GetAllSelectionType on Controller: Scheme For User : svamadmin.
2021-01-05 17:10:51,713 => INFO  NA.PMS.Common.Logger.LogService.LogInformation():24 - Executing Action: GetBlocks on Controller: Scheme For User : svamadmin.
2021-01-05 17:10:51,821 => INFO  NA.PMS.Common.Logger.LogService.LogInformation():24 - Executed Action: GetBlocks on Controller: Scheme For User : svamadmin.
2021-01-05 17:10:51,973 => INFO  NA.PMS.Common.Logger.LogService.LogInformation():24 - Executing Action: GetFloors on Controller: Scheme For User : svamadmin.
2021-01-05 17:10:52,029 => INFO  NA.PMS.Common.Logger.LogService.LogInformation():24 - Executed Action: GetFloors on Controller: Scheme For User : svamadmin.
2021-01-05 17:10:52,083 => INFO  NA.PMS.Common.Logger.LogService.LogInformation():24 - Executing Action: GetAllDepartmentsByScheme on Controller: Scheme For User : svamadmin.
2021-01-05 17:10:52,126 => INFO  NA.PMS.Common.Logger.LogService.LogInformation():24 - Executed Action: GetAllDepartmentsByScheme on Controller: Scheme For User : svamadmin.
2021-01-05 17:10:52,198 => INFO  NA.PMS.Common.Logger.LogService.LogInformation():24 - Executing Action: GetAllBanks on Controller: Scheme For User : svamadmin.
2021-01-05 17:10:52,255 => INFO  NA.PMS.Common.Logger.LogService.LogInformation():24 - Executed Action: GetAllBanks on Controller: Scheme For User : svamadmin.
2021-01-05 17:10:52,340 => INFO  NA.PMS.Common.Logger.LogService.LogInformation():24 - Executing Action: GetDepttData on Controller: Scheme For User : svamadmin.
2021-01-05 17:10:52,440 => INFO  NA.PMS.Common.Logger.LogService.LogInformation():24 - Executed Action: GetDepttData on Controller: Scheme For User : svamadmin.
2021-01-05 17:10:52,497 => INFO  NA.PMS.Common.Logger.LogService.LogInformation():24 - Executing Action: GetBankData on Controller: Scheme For User : svamadmin.
2021-01-05 17:10:52,578 => INFO  NA.PMS.Common.Logger.LogService.LogInformation():24 - Executed Action: GetBankData on Controller: Scheme For User : svamadmin.
2021-01-05 17:10:52,642 => INFO  NA.PMS.Common.Logger.LogService.LogInformation():24 - Executing Action: GetRebateData on Controller: Scheme For User : svamadmin.
2021-01-05 17:10:52,744 => INFO  NA.PMS.Common.Logger.LogService.LogInformation():24 - Executed Action: GetRebateData on Controller: Scheme For User : svamadmin.
2021-01-05 17:10:52,812 => INFO  NA.PMS.Common.Logger.LogService.LogInformation():24 - Executing Action: GetCostData on Controller: Scheme For User : svamadmin.
2021-01-05 17:10:53,424 => INFO  NA.PMS.Common.Logger.LogService.LogInformation():24 - Executed Action: GetCostData on Controller: Scheme For User : svamadmin.
2021-01-05 17:10:53,477 => INFO  NA.PMS.Common.Logger.LogService.LogInformation():24 - Executing Action: GetLandDevelopmentScheduleData on Controller: Scheme For User : svamadmin.
2021-01-05 17:10:53,613 => INFO  NA.PMS.Common.Logger.LogService.LogInformation():24 - Executed Action: GetLandDevelopmentScheduleData on Controller: Scheme For User : svamadmin.
2021-01-05 17:10:53,665 => INFO  NA.PMS.Common.Logger.LogService.LogInformation():24 - Executing Action: GetQuotaData on Controller: Scheme For User : svamadmin.
2021-01-05 17:10:53,735 => INFO  NA.PMS.Common.Logger.LogService.LogInformation():24 - Executed Action: GetQuotaData on Controller: Scheme For User : svamadmin.
2021-01-05 17:10:53,790 => INFO  NA.PMS.Common.Logger.LogService.LogInformation():24 - Executing Action: GetFloors on Controller: Scheme For User : svamadmin.
2021-01-05 17:10:53,835 => INFO  NA.PMS.Common.Logger.LogService.LogInformation():24 - Executed Action: GetFloors on Controller: Scheme For User : svamadmin.
2021-01-05 17:10:54,136 => INFO  NA.PMS.Common.Logger.LogService.LogInformation():24 - Executing Action: GetAllDepartmentsByScheme on Controller: Scheme For User : svamadmin.
2021-01-05 17:10:54,185 => INFO  NA.PMS.Common.Logger.LogService.LogInformation():24 - Executed Action: GetAllDepartmentsByScheme on Controller: Scheme For User : svamadmin.
2021-01-05 17:10:54,283 => INFO  NA.PMS.Common.Logger.LogService.LogInformation():24 - Executing Action: GetAllUnits on Controller: Scheme For User : svamadmin.
2021-01-05 17:10:54,303 => INFO  NA.PMS.Common.Logger.LogService.LogInformation():24 - Executed Action: GetAllUnits on Controller: Scheme For User : svamadmin.
2021-01-05 17:10:54,541 => INFO  NA.PMS.Common.Logger.LogService.LogInformation():24 - Executing Action: GetAllDepartments on Controller: Scheme For User : svamadmin.
2021-01-05 17:10:54,642 => INFO  NA.PMS.Common.Logger.LogService.LogInformation():24 - Executed Action: GetAllDepartments on Controller: Scheme For User : svamadmin.
2021-01-05 17:10:54,780 => INFO  NA.PMS.Common.Logger.LogService.LogInformation():24 - Executing Action: GetAllQuota on Controller: Scheme For User : svamadmin.
2021-01-05 17:10:54,826 => INFO  NA.PMS.Common.Logger.LogService.LogInformation():24 - Executed Action: GetAllQuota on Controller: Scheme For User : svamadmin.
2021-01-05 17:10:55,075 => INFO  NA.PMS.Common.Logger.LogService.LogInformation():24 - Executing Action: GetSectorsByPropType on Controller: Scheme For User : svamadmin.
2021-01-05 17:10:55,130 => INFO  NA.PMS.Common.Logger.LogService.LogInformation():24 - Executed Action: GetSectorsByPropType on Controller: Scheme For User : svamadmin.
2021-01-05 17:10:55,895 => INFO  NA.PMS.Common.Logger.LogService.LogInformation():24 - Executing Action: GetAllFrquency on Controller: Scheme For User : svamadmin.
2021-01-05 17:10:55,909 => INFO  NA.PMS.Common.Logger.LogService.LogInformation():24 - Executed Action: GetAllFrquency on Controller: Scheme For User : svamadmin.
2021-01-05 17:11:26,945 => INFO  NA.PMS.Common.Logger.LogService.LogInformation():24 - Executing Action: UpdateInfo on Controller: Application For User : svamadmin.
2021-01-05 17:11:26,968 => INFO  NA.PMS.Common.Logger.LogService.LogInformation():24 - Executed Action: UpdateInfo on Controller: Application For User : svamadmin.
2021-01-05 17:11:35,665 => INFO  NA.PMS.Common.Logger.LogService.LogInformation():24 - Executing Action: GetApplicationList on Controller: Application For User : svamadmin.
2021-01-05 17:11:35,738 => INFO  NA.PMS.Common.Logger.LogService.LogInformation():24 - Executed Action: GetApplicationList on Controller: Application For User : svamadmin.
2021-01-05 17:11:35,913 => INFO  NA.PMS.Common.Logger.LogService.LogInformation():24 - Executing Action: GetStatusTypeList on Controller: Application For User : svamadmin.
2021-01-05 17:11:36,004 => INFO  NA.PMS.Common.Logger.LogService.LogInformation():24 - Executed Action: GetStatusTypeList on Controller: Application For User : svamadmin.
2021-01-05 17:11:36,153 => INFO  NA.PMS.Common.Logger.LogService.LogInformation():24 - Executing Action: GetDeparmentListAsDataSource on Controller: Application For User : svamadmin.
2021-01-05 17:11:36,233 => INFO  NA.PMS.Common.Logger.LogService.LogInformation():24 - Executed Action: GetDeparmentListAsDataSource on Controller: Application For User : svamadmin.
2021-01-05 17:11:36,323 => INFO  NA.PMS.Common.Logger.LogService.LogInformation():24 - Executing Action: GetApplicationList on Controller: Application For User : svamadmin.
2021-01-05 17:11:36,366 => INFO  NA.PMS.Common.Logger.LogService.LogInformation():24 - Executed Action: GetApplicationList on Controller: Application For User : svamadmin.
2021-01-05 17:11:36,474 => INFO  NA.PMS.Common.Logger.LogService.LogInformation():24 - Executing Action: GetUserNameListAsDataSource on Controller: Application For User : svamadmin.
2021-01-05 17:11:36,555 => INFO  NA.PMS.Common.Logger.LogService.LogInformation():24 - Executed Action: GetUserNameListAsDataSource on Controller: Application For User : svamadmin.
2021-01-05 17:11:36,702 => INFO  NA.PMS.Common.Logger.LogService.LogInformation():24 - Executing Action: GetDepartmentList on Controller: Application For User : svamadmin.
2021-01-05 17:11:36,744 => INFO  NA.PMS.Common.Logger.LogService.LogInformation():24 - Executed Action: GetDepartmentList on Controller: Application For User : svamadmin.
2021-01-05 17:11:36,837 => INFO  NA.PMS.Common.Logger.LogService.LogInformation():24 - Executing Action: GetDepartmentList on Controller: Application For User : svamadmin.
2021-01-05 17:11:36,879 => INFO  NA.PMS.Common.Logger.LogService.LogInformation():24 - Executed Action: GetDepartmentList on Controller: Application For User : svamadmin.
2021-01-05 17:11:36,966 => INFO  NA.PMS.Common.Logger.LogService.LogInformation():24 - Executing Action: GetDepartmentList on Controller: Application For User : svamadmin.
2021-01-05 17:11:37,005 => INFO  NA.PMS.Common.Logger.LogService.LogInformation():24 - Executed Action: GetDepartmentList on Controller: Application For User : svamadmin.
2021-01-05 17:11:37,208 => INFO  NA.PMS.Common.Logger.LogService.LogInformation():24 - Executing Action: GetSchemeTypeList on Controller: Application For User : svamadmin.
2021-01-05 17:11:37,265 => INFO  NA.PMS.Common.Logger.LogService.LogInformation():24 - Executed Action: GetSchemeTypeList on Controller: Application For User : svamadmin.
2021-01-05 17:11:37,802 => INFO  NA.PMS.Common.Logger.LogService.LogInformation():24 - Executing Action: GetParentMenuList on Controller: Application For User : svamadmin.
2021-01-05 17:11:37,870 => INFO  NA.PMS.Common.Logger.LogService.LogInformation():24 - Executed Action: GetParentMenuList on Controller: Application For User : svamadmin.
2021-01-05 17:11:38,302 => INFO  NA.PMS.Common.Logger.LogService.LogInformation():24 - Executing Action: GetCommonConfigCategoryList on Controller: Application For User : svamadmin.
2021-01-05 17:11:38,366 => INFO  NA.PMS.Common.Logger.LogService.LogInformation():24 - Executed Action: GetCommonConfigCategoryList on Controller: Application For User : svamadmin.
2021-01-05 17:12:05,197 => INFO  NA.PMS.Common.Logger.LogService.LogInformation():24 - Executing Action: SaveSchemeType on Controller: Application For User : svamadmin.
2021-01-05 17:12:05,531 => INFO  NA.PMS.Common.Logger.LogService.LogInformation():24 - Executed Action: SaveSchemeType on Controller: Application For User : svamadmin.
2021-01-05 17:12:05,652 => INFO  NA.PMS.Common.Logger.LogService.LogInformation():24 - Executing Action: GetSchemeTypeList on Controller: Application For User : svamadmin.
2021-01-05 17:12:05,709 => INFO  NA.PMS.Common.Logger.LogService.LogInformation():24 - Executed Action: GetSchemeTypeList on Controller: Application For User : svamadmin.
2021-01-05 17:12:16,963 => INFO  NA.PMS.Common.Logger.LogService.LogInformation():24 - Executing Action: CreateScheme on Controller: Scheme For User : svamadmin.
2021-01-05 17:12:16,991 => INFO  NA.PMS.Common.Logger.LogService.LogInformation():24 - Executed Action: CreateScheme on Controller: Scheme For User : svamadmin.
2021-01-05 17:12:18,596 => INFO  NA.PMS.Common.Logger.LogService.LogInformation():24 - Executing Action: GetAllSchemeType on Controller: Scheme For User : svamadmin.
2021-01-05 17:12:18,649 => INFO  NA.PMS.Common.Logger.LogService.LogInformation():24 - Executed Action: GetAllSchemeType on Controller: Scheme For User : svamadmin.
2021-01-05 17:12:18,821 => INFO  NA.PMS.Common.Logger.LogService.LogInformation():24 - Executing Action: GetAllDepartmentsByScheme on Controller: Scheme For User : svamadmin.
2021-01-05 17:12:18,872 => INFO  NA.PMS.Common.Logger.LogService.LogInformation():24 - Executed Action: GetAllDepartmentsByScheme on Controller: Scheme For User : svamadmin.
2021-01-05 17:12:18,932 => INFO  NA.PMS.Common.Logger.LogService.LogInformation():24 - Executing Action: GetQuotaData on Controller: Scheme For User : svamadmin.
2021-01-05 17:12:19,013 => INFO  NA.PMS.Common.Logger.LogService.LogInformation():24 - Executed Action: GetQuotaData on Controller: Scheme For User : svamadmin.
2021-01-05 17:12:19,073 => INFO  NA.PMS.Common.Logger.LogService.LogInformation():24 - Executing Action: GetRebateTypes on Controller: Scheme For User : svamadmin.
2021-01-05 17:12:19,128 => INFO  NA.PMS.Common.Logger.LogService.LogInformation():24 - Executed Action: GetRebateTypes on Controller: Scheme For User : svamadmin.
2021-01-05 17:12:19,190 => INFO  NA.PMS.Common.Logger.LogService.LogInformation():24 - Executing Action: GetAllDepartmentsByScheme on Controller: Scheme For User : svamadmin.
2021-01-05 17:12:19,237 => INFO  NA.PMS.Common.Logger.LogService.LogInformation():24 - Executed Action: GetAllDepartmentsByScheme on Controller: Scheme For User : svamadmin.
2021-01-05 17:12:19,303 => INFO  NA.PMS.Common.Logger.LogService.LogInformation():24 - Executing Action: GetRebateUnits on Controller: Scheme For User : svamadmin.
2021-01-05 17:12:19,323 => INFO  NA.PMS.Common.Logger.LogService.LogInformation():24 - Executed Action: GetRebateUnits on Controller: Scheme For User : svamadmin.
2021-01-05 17:12:19,392 => INFO  NA.PMS.Common.Logger.LogService.LogInformation():24 - Executing Action: GetSectorsByPropType on Controller: Scheme For User : svamadmin.
2021-01-05 17:12:19,452 => INFO  NA.PMS.Common.Logger.LogService.LogInformation():24 - Executed Action: GetSectorsByPropType on Controller: Scheme For User : svamadmin.
2021-01-05 17:12:19,555 => INFO  NA.PMS.Common.Logger.LogService.LogInformation():24 - Executing Action: GetBlocks on Controller: Scheme For User : svamadmin.
2021-01-05 17:12:19,619 => INFO  NA.PMS.Common.Logger.LogService.LogInformation():24 - Executed Action: GetBlocks on Controller: Scheme For User : svamadmin.
2021-01-05 17:12:19,719 => INFO  NA.PMS.Common.Logger.LogService.LogInformation():24 - Executing Action: GetAllSelectionType on Controller: Scheme For User : svamadmin.
2021-01-05 17:12:19,755 => INFO  NA.PMS.Common.Logger.LogService.LogInformation():24 - Executed Action: GetAllSelectionType on Controller: Scheme For User : svamadmin.
2021-01-05 17:12:19,832 => INFO  NA.PMS.Common.Logger.LogService.LogInformation():24 - Executing Action: GetAllBanks on Controller: Scheme For User : svamadmin.
2021-01-05 17:12:19,891 => INFO  NA.PMS.Common.Logger.LogService.LogInformation():24 - Executed Action: GetAllBanks on Controller: Scheme For User : svamadmin.
2021-01-05 17:12:20,010 => INFO  NA.PMS.Common.Logger.LogService.LogInformation():24 - Executing Action: GetAllDepartmentsByScheme on Controller: Scheme For User : svamadmin.
2021-01-05 17:12:20,051 => INFO  NA.PMS.Common.Logger.LogService.LogInformation():24 - Executed Action: GetAllDepartmentsByScheme on Controller: Scheme For User : svamadmin.
2021-01-05 17:12:20,118 => INFO  NA.PMS.Common.Logger.LogService.LogInformation():24 - Executing Action: GetDepttData on Controller: Scheme For User : svamadmin.
2021-01-05 17:12:20,175 => INFO  NA.PMS.Common.Logger.LogService.LogInformation():24 - Executed Action: GetDepttData on Controller: Scheme For User : svamadmin.
2021-01-05 17:12:20,227 => INFO  NA.PMS.Common.Logger.LogService.LogInformation():24 - Executing Action: GetBankData on Controller: Scheme For User : svamadmin.
2021-01-05 17:12:20,273 => INFO  NA.PMS.Common.Logger.LogService.LogInformation():24 - Executed Action: GetBankData on Controller: Scheme For User : svamadmin.
2021-01-05 17:12:20,325 => INFO  NA.PMS.Common.Logger.LogService.LogInformation():24 - Executing Action: GetRebateData on Controller: Scheme For User : svamadmin.
2021-01-05 17:12:20,364 => INFO  NA.PMS.Common.Logger.LogService.LogInformation():24 - Executed Action: GetRebateData on Controller: Scheme For User : svamadmin.
2021-01-05 17:12:20,432 => INFO  NA.PMS.Common.Logger.LogService.LogInformation():24 - Executing Action: GetCostData on Controller: Scheme For User : svamadmin.
2021-01-05 17:12:20,514 => INFO  NA.PMS.Common.Logger.LogService.LogInformation():24 - Executed Action: GetCostData on Controller: Scheme For User : svamadmin.
2021-01-05 17:12:20,595 => INFO  NA.PMS.Common.Logger.LogService.LogInformation():24 - Executing Action: GetLandDevelopmentScheduleData on Controller: Scheme For User : svamadmin.
2021-01-05 17:12:20,677 => INFO  NA.PMS.Common.Logger.LogService.LogInformation():24 - Executed Action: GetLandDevelopmentScheduleData on Controller: Scheme For User : svamadmin.
2021-01-05 17:12:20,747 => INFO  NA.PMS.Common.Logger.LogService.LogInformation():24 - Executing Action: GetQuotaData on Controller: Scheme For User : svamadmin.
2021-01-05 17:12:20,897 => INFO  NA.PMS.Common.Logger.LogService.LogInformation():24 - Executed Action: GetQuotaData on Controller: Scheme For User : svamadmin.
2021-01-05 17:12:21,014 => INFO  NA.PMS.Common.Logger.LogService.LogInformation():24 - Executing Action: GetAllDepartmentsByScheme on Controller: Scheme For User : svamadmin.
2021-01-05 17:12:21,118 => INFO  NA.PMS.Common.Logger.LogService.LogInformation():24 - Executed Action: GetAllDepartmentsByScheme on Controller: Scheme For User : svamadmin.
2021-01-05 17:12:21,216 => INFO  NA.PMS.Common.Logger.LogService.LogInformation():24 - Executing Action: GetAllFrquency on Controller: Scheme For User : svamadmin.
2021-01-05 17:12:21,232 => INFO  NA.PMS.Common.Logger.LogService.LogInformation():24 - Executed Action: GetAllFrquency on Controller: Scheme For User : svamadmin.
2021-01-05 17:12:21,376 => INFO  NA.PMS.Common.Logger.LogService.LogInformation():24 - Executing Action: GetAllQuota on Controller: Scheme For User : svamadmin.
2021-01-05 17:12:21,421 => INFO  NA.PMS.Common.Logger.LogService.LogInformation():24 - Executed Action: GetAllQuota on Controller: Scheme For User : svamadmin.
2021-01-05 17:12:21,714 => INFO  NA.PMS.Common.Logger.LogService.LogInformation():24 - Executing Action: GetAllDepartments on Controller: Scheme For User : svamadmin.
2021-01-05 17:12:21,791 => INFO  NA.PMS.Common.Logger.LogService.LogInformation():24 - Executed Action: GetAllDepartments on Controller: Scheme For User : svamadmin.
2021-01-05 17:12:21,932 => INFO  NA.PMS.Common.Logger.LogService.LogInformation():24 - Executing Action: GetAllUnits on Controller: Scheme For User : svamadmin.
2021-01-05 17:12:21,945 => INFO  NA.PMS.Common.Logger.LogService.LogInformation():24 - Executed Action: GetAllUnits on Controller: Scheme For User : svamadmin.
2021-01-05 17:12:22,304 => INFO  NA.PMS.Common.Logger.LogService.LogInformation():24 - Executing Action: GetFloors on Controller: Scheme For User : svamadmin.
2021-01-05 17:12:22,350 => INFO  NA.PMS.Common.Logger.LogService.LogInformation():24 - Executed Action: GetFloors on Controller: Scheme For User : svamadmin.
2021-01-05 17:12:22,408 => INFO  NA.PMS.Common.Logger.LogService.LogInformation():24 - Executing Action: GetFloors on Controller: Scheme For User : svamadmin.
2021-01-05 17:12:22,446 => INFO  NA.PMS.Common.Logger.LogService.LogInformation():24 - Executed Action: GetFloors on Controller: Scheme For User : svamadmin.
2021-01-05 17:14:08,162 => INFO  NA.PMS.Common.Logger.LogService.LogInformation():24 - Executing Action: AddScheme on Controller: Scheme For User : svamadmin.
2021-01-05 17:14:08,404 => INFO  NA.PMS.Common.Logger.LogService.LogInformation():24 - Executed Action: AddScheme on Controller: Scheme For User : svamadmin.
2021-01-05 17:14:59,635 => INFO  NA.PMS.Common.Logger.LogService.LogInformation():24 - Executing Action: IsDepatmnetNameUnique on Controller: Scheme For User : svamadmin.
2021-01-05 17:14:59,655 => INFO  NA.PMS.Common.Logger.LogService.LogInformation():24 - Executed Action: IsDepatmnetNameUnique on Controller: Scheme For User : svamadmin.
2021-01-05 17:14:59,790 => INFO  NA.PMS.Common.Logger.LogService.LogInformation():24 - Executing Action: AddDeptt on Controller: Scheme For User : svamadmin.
2021-01-05 17:14:59,970 => INFO  NA.PMS.Common.Logger.LogService.LogInformation():24 - Executed Action: AddDeptt on Controller: Scheme For User : svamadmin.
2021-01-05 17:15:00,086 => INFO  NA.PMS.Common.Logger.LogService.LogInformation():24 - Executing Action: GetDepttData on Controller: Scheme For User : svamadmin.
2021-01-05 17:15:00,198 => INFO  NA.PMS.Common.Logger.LogService.LogInformation():24 - Executed Action: GetDepttData on Controller: Scheme For User : svamadmin.
2021-01-05 17:15:00,605 => INFO  NA.PMS.Common.Logger.LogService.LogInformation():24 - Executing Action: GetAllDepartmentsByScheme on Controller: Scheme For User : svamadmin.
2021-01-05 17:15:00,648 => INFO  NA.PMS.Common.Logger.LogService.LogInformation():24 - Executed Action: GetAllDepartmentsByScheme on Controller: Scheme For User : svamadmin.
2021-01-05 17:15:00,706 => INFO  NA.PMS.Common.Logger.LogService.LogInformation():24 - Executing Action: GetAllDepartmentsByScheme on Controller: Scheme For User : svamadmin.
2021-01-05 17:15:00,749 => INFO  NA.PMS.Common.Logger.LogService.LogInformation():24 - Executed Action: GetAllDepartmentsByScheme on Controller: Scheme For User : svamadmin.
2021-01-05 17:15:00,819 => INFO  NA.PMS.Common.Logger.LogService.LogInformation():24 - Executing Action: GetAllDepartmentsByScheme on Controller: Scheme For User : svamadmin.
2021-01-05 17:15:00,860 => INFO  NA.PMS.Common.Logger.LogService.LogInformation():24 - Executed Action: GetAllDepartmentsByScheme on Controller: Scheme For User : svamadmin.
2021-01-05 17:15:00,914 => INFO  NA.PMS.Common.Logger.LogService.LogInformation():24 - Executing Action: GetAllDepartmentsByScheme on Controller: Scheme For User : svamadmin.
2021-01-05 17:15:00,952 => INFO  NA.PMS.Common.Logger.LogService.LogInformation():24 - Executed Action: GetAllDepartmentsByScheme on Controller: Scheme For User : svamadmin.
2021-01-05 17:15:19,192 => INFO  NA.PMS.Common.Logger.LogService.LogInformation():24 - Executing Action: GetPropTypes on Controller: Scheme For User : svamadmin.
2021-01-05 17:15:19,245 => INFO  NA.PMS.Common.Logger.LogService.LogInformation():24 - Executed Action: GetPropTypes on Controller: Scheme For User : svamadmin.
2021-01-05 17:15:19,311 => INFO  NA.PMS.Common.Logger.LogService.LogInformation():24 - Executing Action: GetPropTypes on Controller: Scheme For User : svamadmin.
2021-01-05 17:15:19,353 => INFO  NA.PMS.Common.Logger.LogService.LogInformation():24 - Executed Action: GetPropTypes on Controller: Scheme For User : svamadmin.
2021-01-05 17:15:19,708 => INFO  NA.PMS.Common.Logger.LogService.LogInformation():24 - Executing Action: GetFloors on Controller: Scheme For User : svamadmin.
2021-01-05 17:15:19,756 => INFO  NA.PMS.Common.Logger.LogService.LogInformation():24 - Executed Action: GetFloors on Controller: Scheme For User : svamadmin.
2021-01-05 17:17:55,540 => INFO  NA.PMS.Common.Logger.LogService.LogInformation():24 - Executing Action: IsCostNameUnique on Controller: Scheme For User : svamadmin.
2021-01-05 17:17:55,642 => INFO  NA.PMS.Common.Logger.LogService.LogInformation():24 - Executed Action: IsCostNameUnique on Controller: Scheme For User : svamadmin.
2021-01-05 17:17:55,715 => INFO  NA.PMS.Common.Logger.LogService.LogInformation():24 - Executing Action: AddCost on Controller: Scheme For User : svamadmin.
2021-01-05 17:17:55,876 => INFO  NA.PMS.Common.Logger.LogService.LogInformation():24 - Executed Action: AddCost on Controller: Scheme For User : svamadmin.
2021-01-05 17:17:56,001 => INFO  NA.PMS.Common.Logger.LogService.LogInformation():24 - Executing Action: GetCostData on Controller: Scheme For User : svamadmin.
2021-01-05 17:17:56,087 => INFO  NA.PMS.Common.Logger.LogService.LogInformation():24 - Executed Action: GetCostData on Controller: Scheme For User : svamadmin.
2021-01-05 17:18:10,413 => INFO  NA.PMS.Common.Logger.LogService.LogInformation():24 - Executing Action: GetAllBranchs on Controller: Scheme For User : svamadmin.
2021-01-05 17:18:10,473 => INFO  NA.PMS.Common.Logger.LogService.LogInformation():24 - Executed Action: GetAllBranchs on Controller: Scheme For User : svamadmin.
2021-01-05 17:18:10,568 => INFO  NA.PMS.Common.Logger.LogService.LogInformation():24 - Executing Action: GetAllBranchs on Controller: Scheme For User : svamadmin.
2021-01-05 17:18:10,623 => INFO  NA.PMS.Common.Logger.LogService.LogInformation():24 - Executed Action: GetAllBranchs on Controller: Scheme For User : svamadmin.
2021-01-05 17:18:13,598 => INFO  NA.PMS.Common.Logger.LogService.LogInformation():24 - Executing Action: GetAccountNumber on Controller: Scheme For User : svamadmin.
2021-01-05 17:18:13,643 => INFO  NA.PMS.Common.Logger.LogService.LogInformation():24 - Executed Action: GetAccountNumber on Controller: Scheme For User : svamadmin.
2021-01-05 17:18:16,913 => INFO  NA.PMS.Common.Logger.LogService.LogInformation():24 - Executing Action: IsBankNameUnique on Controller: Scheme For User : svamadmin.
2021-01-05 17:18:17,015 => INFO  NA.PMS.Common.Logger.LogService.LogInformation():24 - Executed Action: IsBankNameUnique on Controller: Scheme For User : svamadmin.
2021-01-05 17:18:17,096 => INFO  NA.PMS.Common.Logger.LogService.LogInformation():24 - Executing Action: IsBankNameDuplicate on Controller: Scheme For User : svamadmin.
2021-01-05 17:18:17,211 => INFO  NA.PMS.Common.Logger.LogService.LogInformation():24 - Executed Action: IsBankNameDuplicate on Controller: Scheme For User : svamadmin.
2021-01-05 17:18:17,296 => INFO  NA.PMS.Common.Logger.LogService.LogInformation():24 - Executing Action: IsBankNameDuplicate on Controller: Scheme For User : svamadmin.
2021-01-05 17:18:17,658 => INFO  NA.PMS.Common.Logger.LogService.LogInformation():24 - Executed Action: IsBankNameDuplicate on Controller: Scheme For User : svamadmin.
2021-01-05 17:18:17,812 => INFO  NA.PMS.Common.Logger.LogService.LogInformation():24 - Executing Action: IsAccountNumberDuplicate on Controller: Scheme For User : svamadmin.
2021-01-05 17:18:17,822 => INFO  NA.PMS.Common.Logger.LogService.LogInformation():24 - Executed Action: IsAccountNumberDuplicate on Controller: Scheme For User : svamadmin.
2021-01-05 17:18:18,161 => INFO  NA.PMS.Common.Logger.LogService.LogInformation():24 - Executing Action: AddBank on Controller: Scheme For User : svamadmin.
2021-01-05 17:18:18,334 => INFO  NA.PMS.Common.Logger.LogService.LogInformation():24 - Executed Action: AddBank on Controller: Scheme For User : svamadmin.
2021-01-05 17:18:18,406 => INFO  NA.PMS.Common.Logger.LogService.LogInformation():24 - Executing Action: GetBankData on Controller: Scheme For User : svamadmin.
2021-01-05 17:18:18,602 => INFO  NA.PMS.Common.Logger.LogService.LogInformation():24 - Executed Action: GetBankData on Controller: Scheme For User : svamadmin.
2021-01-05 17:18:18,936 => INFO  NA.PMS.Common.Logger.LogService.LogInformation():24 - Executing Action: GetAllBranchs on Controller: Scheme For User : svamadmin.
2021-01-05 17:18:18,991 => INFO  NA.PMS.Common.Logger.LogService.LogInformation():24 - Executed Action: GetAllBranchs on Controller: Scheme For User : svamadmin.
2021-01-05 17:18:19,072 => INFO  NA.PMS.Common.Logger.LogService.LogInformation():24 - Executing Action: GetAllBranchs on Controller: Scheme For User : svamadmin.
2021-01-05 17:18:19,109 => INFO  NA.PMS.Common.Logger.LogService.LogInformation():24 - Executed Action: GetAllBranchs on Controller: Scheme For User : svamadmin.
2021-01-05 17:18:19,156 => ERROR NA.PMS.Common.Logger.LogService.LogError():97 - Controller Exception
System.ArgumentException: The parameters dictionary contains a null entry for parameter 'bankId' of non-nullable type 'System.Int32' for method 'System.Web.Mvc.JsonResult GetAllBranchs(Int32)' in 'NA.PMS.Web.Areas.Master.Controllers.SchemeController'. An optional parameter must be a reference type, a nullable type, or be declared as an optional parameter.
Parameter name: parameters
   at System.Web.Mvc.ActionDescriptor.ExtractParameterFromDictionary(ParameterInfo parameterInfo, IDictionary`2 parameters, MethodInfo methodInfo)
   at System.Web.Mvc.ReflectedActionDescriptor.Execute(ControllerContext controllerContext, IDictionary`2 parameters)
   at System.Web.Mvc.ControllerActionInvoker.InvokeActionMethod(ControllerContext controllerContext, ActionDescriptor actionDescriptor, IDictionary`2 parameters)
   at System.Web.Mvc.Async.AsyncControllerActionInvoker.ActionInvocation.InvokeSynchronousActionMethod()
   at System.Web.Mvc.Async.AsyncControllerActionInvoker.<BeginInvokeSynchronousActionMethod>b__39(IAsyncResult asyncResult, ActionInvocation innerInvokeState)
   at System.Web.Mvc.Async.AsyncResultWrapper.WrappedAsyncResult`2.CallEndDelegate(IAsyncResult asyncResult)
   at System.Web.Mvc.Async.AsyncResultWrapper.WrappedAsyncResultBase`1.End()
   at System.Web.Mvc.Async.AsyncResultWrapper.End[TResult](IAsyncResult asyncResult, Object tag)
   at System.Web.Mvc.Async.AsyncControllerActionInvoker.EndInvokeActionMethod(IAsyncResult asyncResult)
   at System.Web.Mvc.Async.AsyncControllerActionInvoker.AsyncInvocationWithFilters.<InvokeActionMethodFilterAsynchronouslyRecursive>b__3d()
   at System.Web.Mvc.Async.AsyncControllerActionInvoker.AsyncInvocationWithFilters.<>c__DisplayClass46.<InvokeActionMethodFilterAsynchronouslyRecursive>b__3f()
   at System.Web.Mvc.Async.AsyncControllerActionInvoker.AsyncInvocationWithFilters.<>c__DisplayClass46.<InvokeActionMethodFilterAsynchronouslyRecursive>b__3f()
   at System.Web.Mvc.Async.AsyncControllerActionInvoker.<>c__DisplayClass33.<BeginInvokeActionMethodWithFilters>b__32(IAsyncResult asyncResult)
   at System.Web.Mvc.Async.AsyncResultWrapper.WrappedAsyncResult`1.CallEndDelegate(IAsyncResult asyncResult)
   at System.Web.Mvc.Async.AsyncResultWrapper.WrappedAsyncResultBase`1.End()
   at System.Web.Mvc.Async.AsyncResultWrapper.End[TResult](IAsyncResult asyncResult, Object tag)
   at System.Web.Mvc.Async.AsyncControllerActionInvoker.EndInvokeActionMethodWithFilters(IAsyncResult asyncResult)
   at System.Web.Mvc.Async.AsyncControllerActionInvoker.<>c__DisplayClass21.<>c__DisplayClass2b.<BeginInvokeAction>b__1c()
   at System.Web.Mvc.Async.AsyncControllerActionInvoker.<>c__DisplayClass21.<BeginInvokeAction>b__1e(IAsyncResult asyncResult)
2021-01-05 17:18:19,183 => ERROR NA.PMS.Common.Logger.LogService.LogError():97 - Global Exception
System.ArgumentException: The parameters dictionary contains a null entry for parameter 'bankId' of non-nullable type 'System.Int32' for method 'System.Web.Mvc.JsonResult GetAllBranchs(Int32)' in 'NA.PMS.Web.Areas.Master.Controllers.SchemeController'. An optional parameter must be a reference type, a nullable type, or be declared as an optional parameter.
Parameter name: parameters
   at System.Web.Mvc.ActionDescriptor.ExtractParameterFromDictionary(ParameterInfo parameterInfo, IDictionary`2 parameters, MethodInfo methodInfo)
   at System.Web.Mvc.ReflectedActionDescriptor.Execute(ControllerContext controllerContext, IDictionary`2 parameters)
   at System.Web.Mvc.ControllerActionInvoker.InvokeActionMethod(ControllerContext controllerContext, ActionDescriptor actionDescriptor, IDictionary`2 parameters)
   at System.Web.Mvc.Async.AsyncControllerActionInvoker.ActionInvocation.InvokeSynchronousActionMethod()
   at System.Web.Mvc.Async.AsyncControllerActionInvoker.<BeginInvokeSynchronousActionMethod>b__39(IAsyncResult asyncResult, ActionInvocation innerInvokeState)
   at System.Web.Mvc.Async.AsyncResultWrapper.WrappedAsyncResult`2.CallEndDelegate(IAsyncResult asyncResult)
   at System.Web.Mvc.Async.AsyncResultWrapper.WrappedAsyncResultBase`1.End()
   at System.Web.Mvc.Async.AsyncResultWrapper.End[TResult](IAsyncResult asyncResult, Object tag)
   at System.Web.Mvc.Async.AsyncControllerActionInvoker.EndInvokeActionMethod(IAsyncResult asyncResult)
   at System.Web.Mvc.Async.AsyncControllerActionInvoker.AsyncInvocationWithFilters.<InvokeActionMethodFilterAsynchronouslyRecursive>b__3d()
   at System.Web.Mvc.Async.AsyncControllerActionInvoker.AsyncInvocationWithFilters.<>c__DisplayClass46.<InvokeActionMethodFilterAsynchronouslyRecursive>b__3f()
   at System.Web.Mvc.Async.AsyncControllerActionInvoker.AsyncInvocationWithFilters.<>c__DisplayClass46.<InvokeActionMethodFilterAsynchronouslyRecursive>b__3f()
   at System.Web.Mvc.Async.AsyncControllerActionInvoker.<>c__DisplayClass33.<BeginInvokeActionMethodWithFilters>b__32(IAsyncResult asyncResult)
   at System.Web.Mvc.Async.AsyncResultWrapper.WrappedAsyncResult`1.CallEndDelegate(IAsyncResult asyncResult)
   at System.Web.Mvc.Async.AsyncResultWrapper.WrappedAsyncResultBase`1.End()
   at System.Web.Mvc.Async.AsyncResultWrapper.End[TResult](IAsyncResult asyncResult, Object tag)
   at System.Web.Mvc.Async.AsyncControllerActionInvoker.EndInvokeActionMethodWithFilters(IAsyncResult asyncResult)
   at System.Web.Mvc.Async.AsyncControllerActionInvoker.<>c__DisplayClass21.<>c__DisplayClass2b.<BeginInvokeAction>b__1c()
   at System.Web.Mvc.Async.AsyncControllerActionInvoker.<>c__DisplayClass21.<BeginInvokeAction>b__1e(IAsyncResult asyncResult)
   at System.Web.Mvc.Async.AsyncResultWrapper.WrappedAsyncResult`1.CallEndDelegate(IAsyncResult asyncResult)
   at System.Web.Mvc.Async.AsyncResultWrapper.WrappedAsyncResultBase`1.End()
   at System.Web.Mvc.Async.AsyncResultWrapper.End[TResult](IAsyncResult asyncResult, Object tag)
   at System.Web.Mvc.Async.AsyncControllerActionInvoker.EndInvokeAction(IAsyncResult asyncResult)
   at System.Web.Mvc.Controller.<BeginExecuteCore>b__1d(IAsyncResult asyncResult, ExecuteCoreState innerState)
   at System.Web.Mvc.Async.AsyncResultWrapper.WrappedAsyncVoid`1.CallEndDelegate(IAsyncResult asyncResult)
   at System.Web.Mvc.Async.AsyncResultWrapper.WrappedAsyncResultBase`1.End()
   at System.Web.Mvc.Async.AsyncResultWrapper.End[TResult](IAsyncResult asyncResult, Object tag)
   at System.Web.Mvc.Async.AsyncResultWrapper.End(IAsyncResult asyncResult, Object tag)
   at System.Web.Mvc.Controller.EndExecuteCore(IAsyncResult asyncResult)
   at System.Web.Mvc.Controller.<BeginExecute>b__15(IAsyncResult asyncResult, Controller controller)
   at System.Web.Mvc.Async.AsyncResultWrapper.WrappedAsyncVoid`1.CallEndDelegate(IAsyncResult asyncResult)
   at System.Web.Mvc.Async.AsyncResultWrapper.WrappedAsyncResultBase`1.End()
   at System.Web.Mvc.Async.AsyncResultWrapper.End[TResult](IAsyncResult asyncResult, Object tag)
   at System.Web.Mvc.Async.AsyncResultWrapper.End(IAsyncResult asyncResult, Object tag)
   at System.Web.Mvc.Controller.EndExecute(IAsyncResult asyncResult)
   at System.Web.Mvc.Controller.System.Web.Mvc.Async.IAsyncController.EndExecute(IAsyncResult asyncResult)
   at System.Web.Mvc.MvcHandler.<BeginProcessRequest>b__5(IAsyncResult asyncResult, ProcessRequestState innerState)
   at System.Web.Mvc.Async.AsyncResultWrapper.WrappedAsyncVoid`1.CallEndDelegate(IAsyncResult asyncResult)
   at System.Web.Mvc.Async.AsyncResultWrapper.WrappedAsyncResultBase`1.End()
   at System.Web.Mvc.Async.AsyncResultWrapper.End[TResult](IAsyncResult asyncResult, Object tag)
   at System.Web.Mvc.Async.AsyncResultWrapper.End(IAsyncResult asyncResult, Object tag)
   at System.Web.Mvc.MvcHandler.EndProcessRequest(IAsyncResult asyncResult)
   at System.Web.Mvc.MvcHandler.System.Web.IHttpAsyncHandler.EndProcessRequest(IAsyncResult result)
   at System.Web.HttpApplication.CallHandlerExecutionStep.System.Web.HttpApplication.IExecutionStep.Execute()
   at System.Web.HttpApplication.ExecuteStepImpl(IExecutionStep step)
   at System.Web.HttpApplication.ExecuteStep(IExecutionStep step, Boolean& completedSynchronously)
2021-01-05 17:18:19,458 => INFO  NA.PMS.Common.Logger.LogService.LogInformation():24 - Executing Action: GetAllBanks on Controller: Scheme For User : svamadmin.
2021-01-05 17:18:19,518 => INFO  NA.PMS.Common.Logger.LogService.LogInformation():24 - Executed Action: GetAllBanks on Controller: Scheme For User : svamadmin.
2021-01-05 17:18:27,933 => INFO  NA.PMS.Common.Logger.LogService.LogInformation():24 - Executing Action: GetAllBranchs on Controller: Scheme For User : svamadmin.
2021-01-05 17:18:28,085 => INFO  NA.PMS.Common.Logger.LogService.LogInformation():24 - Executed Action: GetAllBranchs on Controller: Scheme For User : svamadmin.
2021-01-05 17:18:33,933 => INFO  NA.PMS.Common.Logger.LogService.LogInformation():24 - Executing Action: GetTriggerProcessData on Controller: Scheme For User : svamadmin.
2021-01-05 17:18:33,983 => INFO  NA.PMS.Common.Logger.LogService.LogInformation():24 - Executed Action: GetTriggerProcessData on Controller: Scheme For User : svamadmin.
2021-01-05 17:18:34,432 => INFO  NA.PMS.Common.Logger.LogService.LogInformation():24 - Executing Action: GetProcessData on Controller: Scheme For User : svamadmin.
2021-01-05 17:18:34,487 => INFO  NA.PMS.Common.Logger.LogService.LogInformation():24 - Executed Action: GetProcessData on Controller: Scheme For User : svamadmin.
2021-01-05 17:18:44,591 => INFO  NA.PMS.Common.Logger.LogService.LogInformation():24 - Executing Action: IsLandDevelopmentUnique on Controller: Scheme For User : svamadmin.
2021-01-05 17:18:44,692 => INFO  NA.PMS.Common.Logger.LogService.LogInformation():24 - Executed Action: IsLandDevelopmentUnique on Controller: Scheme For User : svamadmin.
2021-01-05 17:18:44,761 => INFO  NA.PMS.Common.Logger.LogService.LogInformation():24 - Executing Action: AddLandDevelopmentSchedule on Controller: Scheme For User : svamadmin.
2021-01-05 17:18:44,987 => INFO  NA.PMS.Common.Logger.LogService.LogInformation():24 - Executed Action: AddLandDevelopmentSchedule on Controller: Scheme For User : svamadmin.
2021-01-05 17:18:45,078 => INFO  NA.PMS.Common.Logger.LogService.LogInformation():24 - Executing Action: GetLandDevelopmentScheduleData on Controller: Scheme For User : svamadmin.
2021-01-05 17:18:45,176 => INFO  NA.PMS.Common.Logger.LogService.LogInformation():24 - Executed Action: GetLandDevelopmentScheduleData on Controller: Scheme For User : svamadmin.
2021-01-05 17:18:50,425 => INFO  NA.PMS.Common.Logger.LogService.LogInformation():24 - Executing Action: ActivateScheme on Controller: Scheme For User : svamadmin.
2021-01-05 17:18:50,600 => INFO  NA.PMS.Common.Logger.LogService.LogInformation():24 - Executed Action: ActivateScheme on Controller: Scheme For User : svamadmin.
2021-01-05 17:18:50,702 => INFO  NA.PMS.Common.Logger.LogService.LogInformation():24 - Executing Action: Manage on Controller: Scheme For User : svamadmin.
2021-01-05 17:18:50,713 => INFO  NA.PMS.Common.Logger.LogService.LogInformation():24 - Executed Action: Manage on Controller: Scheme For User : svamadmin.
2021-01-05 17:18:51,801 => INFO  NA.PMS.Common.Logger.LogService.LogInformation():24 - Executing Action: GetAllScheme on Controller: Scheme For User : svamadmin.
2021-01-05 17:18:52,366 => INFO  NA.PMS.Common.Logger.LogService.LogInformation():24 - Executed Action: GetAllScheme on Controller: Scheme For User : svamadmin.
2021-01-05 17:19:13,273 => INFO  NA.PMS.Common.Logger.LogService.LogInformation():24 - Executing Action: GetApplicantTypeList on Controller: Application For User : svamadmin.
2021-01-05 17:19:13,651 => INFO  NA.PMS.Common.Logger.LogService.LogInformation():24 - Executed Action: GetApplicantTypeList on Controller: Application For User : svamadmin.
2021-01-05 17:19:14,782 => INFO  NA.PMS.Common.Logger.LogService.LogInformation():24 - Executing Action: GetCompanyTypeList on Controller: Application For User : svamadmin.
2021-01-05 17:19:14,840 => INFO  NA.PMS.Common.Logger.LogService.LogInformation():24 - Executed Action: GetCompanyTypeList on Controller: Application For User : svamadmin.
2021-01-05 17:19:15,257 => INFO  NA.PMS.Common.Logger.LogService.LogInformation():24 - Executing Action: GetDirectorTypeList on Controller: Application For User : svamadmin.
2021-01-05 17:19:15,303 => INFO  NA.PMS.Common.Logger.LogService.LogInformation():24 - Executed Action: GetDirectorTypeList on Controller: Application For User : svamadmin.
2021-01-05 17:19:15,805 => INFO  NA.PMS.Common.Logger.LogService.LogInformation():24 - Executing Action: GetSectorList on Controller: Application For User : svamadmin.
2021-01-05 17:19:15,869 => INFO  NA.PMS.Common.Logger.LogService.LogInformation():24 - Executed Action: GetSectorList on Controller: Application For User : svamadmin.
2021-01-05 17:21:02,577 => INFO  NA.PMS.Common.Logger.LogService.LogInformation():24 - Executing Action: Login on Controller: Account For User : svamadmin.
2021-01-05 17:21:02,797 => INFO  NA.PMS.Common.Logger.LogService.LogInformation():24 - Executed Action: Login on Controller: Account For User : svamadmin.
2021-01-05 17:23:06,667 => INFO  NA.PMS.Common.Logger.LogService.LogInformation():24 - Executing Action: GetDirectorTypeList on Controller: Application For User : svamadmin.
2021-01-05 17:23:06,760 => INFO  NA.PMS.Common.Logger.LogService.LogInformation():24 - Executed Action: GetDirectorTypeList on Controller: Application For User : svamadmin.
2021-01-05 17:23:07,141 => INFO  NA.PMS.Common.Logger.LogService.LogInformation():24 - Executing Action: GetSectorList on Controller: Application For User : svamadmin.
2021-01-05 17:23:07,242 => INFO  NA.PMS.Common.Logger.LogService.LogInformation():24 - Executed Action: GetSectorList on Controller: Application For User : svamadmin.
2021-01-05 17:23:07,632 => INFO  NA.PMS.Common.Logger.LogService.LogInformation():24 - Executing Action: GetApplicantTypeList on Controller: Application For User : svamadmin.
2021-01-05 17:23:07,696 => INFO  NA.PMS.Common.Logger.LogService.LogInformation():24 - Executed Action: GetApplicantTypeList on Controller: Application For User : svamadmin.
2021-01-05 17:23:07,779 => INFO  NA.PMS.Common.Logger.LogService.LogInformation():24 - Executing Action: GetCompanyTypeList on Controller: Application For User : svamadmin.
2021-01-05 17:23:07,848 => INFO  NA.PMS.Common.Logger.LogService.LogInformation():24 - Executed Action: GetCompanyTypeList on Controller: Application For User : svamadmin.
2021-01-05 17:23:11,767 => INFO  NA.PMS.Common.Logger.LogService.LogInformation():24 - Executing Action: GetFormSubTypeList on Controller: Application For User : svamadmin.
2021-01-05 17:23:11,813 => INFO  NA.PMS.Common.Logger.LogService.LogInformation():24 - Executed Action: GetFormSubTypeList on Controller: Application For User : svamadmin.
2021-01-05 17:23:11,846 => INFO  NA.PMS.Common.Logger.LogService.LogInformation():24 - Executing Action: GetFormSubTypeList on Controller: Application For User : svamadmin.
2021-01-05 17:23:11,884 => INFO  NA.PMS.Common.Logger.LogService.LogInformation():24 - Executed Action: GetFormSubTypeList on Controller: Application For User : svamadmin.
2021-01-05 17:23:21,125 => INFO  NA.PMS.Common.Logger.LogService.LogInformation():24 - Executing Action: GetApplicationFeeAndCharges on Controller: Application For User : svamadmin.
2021-01-05 17:23:21,292 => INFO  NA.PMS.Common.Logger.LogService.LogInformation():24 - Executed Action: GetApplicationFeeAndCharges on Controller: Application For User : svamadmin.
2021-01-05 17:25:49,013 => INFO  NA.PMS.Common.Logger.LogService.LogInformation():24 - Executing Action: ValidatePANnumber on Controller: Application For User : svamadmin.
2021-01-05 17:25:49,185 => INFO  NA.PMS.Common.Logger.LogService.LogInformation():24 - Executed Action: ValidatePANnumber on Controller: Application For User : svamadmin.
2021-01-05 17:26:16,488 => INFO  NA.PMS.Common.Logger.LogService.LogInformation():24 - Executing Action: SendOTP on Controller: Application For User : svamadmin.
2021-01-05 17:26:16,964 => INFO  NA.PMS.Common.Logger.LogService.LogInformation():24 - Executed Action: SendOTP on Controller: Application For User : svamadmin.
2021-01-05 17:26:37,861 => INFO  NA.PMS.Common.Logger.LogService.LogInformation():24 - Executing Action: SaveOpenSchemeFormDetail on Controller: Application For User : svamadmin.
2021-01-05 17:26:38,383 => INFO  NA.PMS.Common.Logger.LogService.LogInformation():24 - Executed Action: SaveOpenSchemeFormDetail on Controller: Application For User : svamadmin.
2021-01-05 17:41:17,612 => INFO  NA.PMS.Common.Logger.LogService.LogInformation():24 - Executing Action: Login on Controller: Account For User : svamadmin.
2021-01-05 17:41:17,876 => INFO  NA.PMS.Common.Logger.LogService.LogInformation():24 - Executed Action: Login on Controller: Account For User : svamadmin.
2021-01-05 17:42:06,478 => INFO  NA.PMS.Common.Logger.LogService.LogInformation():24 - Executing Action: GetApplicantTypeList on Controller: Application For User : svamadmin.
2021-01-05 17:42:06,550 => INFO  NA.PMS.Common.Logger.LogService.LogInformation():24 - Executed Action: GetApplicantTypeList on Controller: Application For User : svamadmin.
2021-01-05 17:42:06,651 => INFO  NA.PMS.Common.Logger.LogService.LogInformation():24 - Executing Action: GetCompanyTypeList on Controller: Application For User : svamadmin.
2021-01-05 17:42:06,705 => INFO  NA.PMS.Common.Logger.LogService.LogInformation():24 - Executed Action: GetCompanyTypeList on Controller: Application For User : svamadmin.
2021-01-05 17:42:06,997 => INFO  NA.PMS.Common.Logger.LogService.LogInformation():24 - Executing Action: GetDirectorTypeList on Controller: Application For User : svamadmin.
2021-01-05 17:42:07,099 => INFO  NA.PMS.Common.Logger.LogService.LogInformation():24 - Executed Action: GetDirectorTypeList on Controller: Application For User : svamadmin.
2021-01-05 17:42:07,494 => INFO  NA.PMS.Common.Logger.LogService.LogInformation():24 - Executing Action: GetSectorList on Controller: Application For User : svamadmin.
2021-01-05 17:42:07,579 => INFO  NA.PMS.Common.Logger.LogService.LogInformation():24 - Executed Action: GetSectorList on Controller: Application For User : svamadmin.
2021-01-05 17:43:44,772 => INFO  NA.PMS.Common.Logger.LogService.LogInformation():24 - Executing Action: GetFormSubTypeList on Controller: Application For User : svamadmin.
2021-01-05 17:43:44,827 => INFO  NA.PMS.Common.Logger.LogService.LogInformation():24 - Executed Action: GetFormSubTypeList on Controller: Application For User : svamadmin.
2021-01-05 17:43:44,954 => INFO  NA.PMS.Common.Logger.LogService.LogInformation():24 - Executing Action: GetFormSubTypeList on Controller: Application For User : svamadmin.
2021-01-05 17:43:45,020 => INFO  NA.PMS.Common.Logger.LogService.LogInformation():24 - Executed Action: GetFormSubTypeList on Controller: Application For User : svamadmin.
2021-01-05 17:43:46,396 => INFO  NA.PMS.Common.Logger.LogService.LogInformation():24 - Executing Action: GetCompanyTypeList on Controller: Application For User : svamadmin.
2021-01-05 17:43:46,436 => INFO  NA.PMS.Common.Logger.LogService.LogInformation():24 - Executed Action: GetCompanyTypeList on Controller: Application For User : svamadmin.
2021-01-05 17:43:49,528 => INFO  NA.PMS.Common.Logger.LogService.LogInformation():24 - Executing Action: GetCompanyTypeList on Controller: Application For User : svamadmin.
2021-01-05 17:43:49,573 => INFO  NA.PMS.Common.Logger.LogService.LogInformation():24 - Executed Action: GetCompanyTypeList on Controller: Application For User : svamadmin.
2021-01-05 17:43:49,611 => INFO  NA.PMS.Common.Logger.LogService.LogInformation():24 - Executing Action: GetCompanyTypeList on Controller: Application For User : svamadmin.
2021-01-05 17:43:49,654 => INFO  NA.PMS.Common.Logger.LogService.LogInformation():24 - Executed Action: GetCompanyTypeList on Controller: Application For User : svamadmin.
2021-01-05 17:47:23,842 => INFO  NA.PMS.Common.Logger.LogService.LogInformation():24 - Executing Action: GetApplicantTypeList on Controller: Application For User : svamadmin.
2021-01-05 17:47:23,878 => INFO  NA.PMS.Common.Logger.LogService.LogInformation():24 - Executed Action: GetApplicantTypeList on Controller: Application For User : svamadmin.
2021-01-05 17:47:23,930 => INFO  NA.PMS.Common.Logger.LogService.LogInformation():24 - Executing Action: GetCompanyTypeList on Controller: Application For User : svamadmin.
2021-01-05 17:47:23,967 => INFO  NA.PMS.Common.Logger.LogService.LogInformation():24 - Executed Action: GetCompanyTypeList on Controller: Application For User : svamadmin.
2021-01-05 17:47:24,173 => INFO  NA.PMS.Common.Logger.LogService.LogInformation():24 - Executing Action: GetSectorList on Controller: Application For User : svamadmin.
2021-01-05 17:47:24,229 => INFO  NA.PMS.Common.Logger.LogService.LogInformation():24 - Executed Action: GetSectorList on Controller: Application For User : svamadmin.
2021-01-05 17:47:24,652 => INFO  NA.PMS.Common.Logger.LogService.LogInformation():24 - Executing Action: GetDirectorTypeList on Controller: Application For User : svamadmin.
2021-01-05 17:47:24,686 => INFO  NA.PMS.Common.Logger.LogService.LogInformation():24 - Executed Action: GetDirectorTypeList on Controller: Application For User : svamadmin.
2021-01-05 17:47:33,416 => INFO  NA.PMS.Common.Logger.LogService.LogInformation():24 - Executing Action: GetCompanyTypeList on Controller: Application For User : svamadmin.
2021-01-05 17:47:33,474 => INFO  NA.PMS.Common.Logger.LogService.LogInformation():24 - Executed Action: GetCompanyTypeList on Controller: Application For User : svamadmin.
2021-01-05 17:50:02,285 => INFO  NA.PMS.Common.Logger.LogService.LogInformation():24 - Executing Action: GetDirectorTypeList on Controller: Application For User : svamadmin.
2021-01-05 17:50:02,324 => INFO  NA.PMS.Common.Logger.LogService.LogInformation():24 - Executed Action: GetDirectorTypeList on Controller: Application For User : svamadmin.
2021-01-05 17:50:02,836 => INFO  NA.PMS.Common.Logger.LogService.LogInformation():24 - Executing Action: GetApplicantTypeList on Controller: Application For User : svamadmin.
2021-01-05 17:50:02,890 => INFO  NA.PMS.Common.Logger.LogService.LogInformation():24 - Executed Action: GetApplicantTypeList on Controller: Application For User : svamadmin.
2021-01-05 17:50:02,921 => INFO  NA.PMS.Common.Logger.LogService.LogInformation():24 - Executing Action: GetCompanyTypeList on Controller: Application For User : svamadmin.
2021-01-05 17:50:02,956 => INFO  NA.PMS.Common.Logger.LogService.LogInformation():24 - Executed Action: GetCompanyTypeList on Controller: Application For User : svamadmin.
2021-01-05 17:50:03,319 => INFO  NA.PMS.Common.Logger.LogService.LogInformation():24 - Executing Action: GetSectorList on Controller: Application For User : svamadmin.
2021-01-05 17:50:03,365 => INFO  NA.PMS.Common.Logger.LogService.LogInformation():24 - Executed Action: GetSectorList on Controller: Application For User : svamadmin.
2021-01-05 17:50:07,254 => INFO  NA.PMS.Common.Logger.LogService.LogInformation():24 - Executing Action: GetCompanyTypeList on Controller: Application For User : svamadmin.
2021-01-05 17:50:07,293 => INFO  NA.PMS.Common.Logger.LogService.LogInformation():24 - Executed Action: GetCompanyTypeList on Controller: Application For User : svamadmin.
2021-01-05 17:50:11,556 => INFO  NA.PMS.Common.Logger.LogService.LogInformation():24 - Executing Action: GetCompanyTypeList on Controller: Application For User : svamadmin.
2021-01-05 17:50:11,595 => INFO  NA.PMS.Common.Logger.LogService.LogInformation():24 - Executed Action: GetCompanyTypeList on Controller: Application For User : svamadmin.
2021-01-05 17:50:11,629 => INFO  NA.PMS.Common.Logger.LogService.LogInformation():24 - Executing Action: GetCompanyTypeList on Controller: Application For User : svamadmin.
2021-01-05 17:50:11,668 => INFO  NA.PMS.Common.Logger.LogService.LogInformation():24 - Executed Action: GetCompanyTypeList on Controller: Application For User : svamadmin.
2021-01-05 17:50:14,448 => INFO  NA.PMS.Common.Logger.LogService.LogInformation():24 - Executing Action: GetCompanyTypeList on Controller: Application For User : svamadmin.
2021-01-05 17:50:14,484 => INFO  NA.PMS.Common.Logger.LogService.LogInformation():24 - Executed Action: GetCompanyTypeList on Controller: Application For User : svamadmin.
2021-01-05 17:52:28,253 => INFO  NA.PMS.Common.Logger.LogService.LogInformation():24 - Executing Action: GetDirectorTypeList on Controller: Application For User : svamadmin.
2021-01-05 17:52:28,291 => INFO  NA.PMS.Common.Logger.LogService.LogInformation():24 - Executed Action: GetDirectorTypeList on Controller: Application For User : svamadmin.
2021-01-05 17:52:28,563 => INFO  NA.PMS.Common.Logger.LogService.LogInformation():24 - Executing Action: GetSectorList on Controller: Application For User : svamadmin.
2021-01-05 17:52:28,630 => INFO  NA.PMS.Common.Logger.LogService.LogInformation():24 - Executed Action: GetSectorList on Controller: Application For User : svamadmin.
2021-01-05 17:52:29,060 => INFO  NA.PMS.Common.Logger.LogService.LogInformation():24 - Executing Action: GetApplicantTypeList on Controller: Application For User : svamadmin.
2021-01-05 17:52:29,098 => INFO  NA.PMS.Common.Logger.LogService.LogInformation():24 - Executed Action: GetApplicantTypeList on Controller: Application For User : svamadmin.
2021-01-05 17:52:29,131 => INFO  NA.PMS.Common.Logger.LogService.LogInformation():24 - Executing Action: GetCompanyTypeList on Controller: Application For User : svamadmin.
2021-01-05 17:52:29,177 => INFO  NA.PMS.Common.Logger.LogService.LogInformation():24 - Executed Action: GetCompanyTypeList on Controller: Application For User : svamadmin.
2021-01-05 17:52:34,469 => INFO  NA.PMS.Common.Logger.LogService.LogInformation():24 - Executing Action: GetCompanyTypeList on Controller: Application For User : svamadmin.
2021-01-05 17:52:34,507 => INFO  NA.PMS.Common.Logger.LogService.LogInformation():24 - Executed Action: GetCompanyTypeList on Controller: Application For User : svamadmin.
2021-01-05 17:52:34,535 => INFO  NA.PMS.Common.Logger.LogService.LogInformation():24 - Executing Action: GetCompanyTypeList on Controller: Application For User : svamadmin.
2021-01-05 17:52:34,571 => INFO  NA.PMS.Common.Logger.LogService.LogInformation():24 - Executed Action: GetCompanyTypeList on Controller: Application For User : svamadmin.
2021-01-05 17:52:41,934 => INFO  NA.PMS.Common.Logger.LogService.LogInformation():24 - Executing Action: GetCompanyTypeList on Controller: Application For User : svamadmin.
2021-01-05 17:52:41,973 => INFO  NA.PMS.Common.Logger.LogService.LogInformation():24 - Executed Action: GetCompanyTypeList on Controller: Application For User : svamadmin.
2021-01-05 17:52:42,004 => INFO  NA.PMS.Common.Logger.LogService.LogInformation():24 - Executing Action: GetCompanyTypeList on Controller: Application For User : svamadmin.
2021-01-05 17:52:42,046 => INFO  NA.PMS.Common.Logger.LogService.LogInformation():24 - Executed Action: GetCompanyTypeList on Controller: Application For User : svamadmin.
2021-01-05 17:52:44,108 => INFO  NA.PMS.Common.Logger.LogService.LogInformation():24 - Executing Action: GetCompanyTypeList on Controller: Application For User : svamadmin.
2021-01-05 17:52:44,148 => INFO  NA.PMS.Common.Logger.LogService.LogInformation():24 - Executed Action: GetCompanyTypeList on Controller: Application For User : svamadmin.
2021-01-05 17:52:44,177 => INFO  NA.PMS.Common.Logger.LogService.LogInformation():24 - Executing Action: GetCompanyTypeList on Controller: Application For User : svamadmin.
2021-01-05 17:52:44,215 => INFO  NA.PMS.Common.Logger.LogService.LogInformation():24 - Executed Action: GetCompanyTypeList on Controller: Application For User : svamadmin.
2021-01-05 17:53:35,790 => INFO  NA.PMS.Common.Logger.LogService.LogInformation():24 - Executing Action: GetApplicantTypeList on Controller: Application For User : svamadmin.
2021-01-05 17:53:35,870 => INFO  NA.PMS.Common.Logger.LogService.LogInformation():24 - Executed Action: GetApplicantTypeList on Controller: Application For User : svamadmin.
2021-01-05 17:53:35,937 => INFO  NA.PMS.Common.Logger.LogService.LogInformation():24 - Executing Action: GetCompanyTypeList on Controller: Application For User : svamadmin.
2021-01-05 17:53:35,987 => INFO  NA.PMS.Common.Logger.LogService.LogInformation():24 - Executed Action: GetCompanyTypeList on Controller: Application For User : svamadmin.
2021-01-05 17:53:36,290 => INFO  NA.PMS.Common.Logger.LogService.LogInformation():24 - Executing Action: GetSectorList on Controller: Application For User : svamadmin.
2021-01-05 17:53:36,332 => INFO  NA.PMS.Common.Logger.LogService.LogInformation():24 - Executed Action: GetSectorList on Controller: Application For User : svamadmin.
2021-01-05 17:53:36,802 => INFO  NA.PMS.Common.Logger.LogService.LogInformation():24 - Executing Action: GetDirectorTypeList on Controller: Application For User : svamadmin.
2021-01-05 17:53:36,840 => INFO  NA.PMS.Common.Logger.LogService.LogInformation():24 - Executed Action: GetDirectorTypeList on Controller: Application For User : svamadmin.
2021-01-05 17:53:45,132 => INFO  NA.PMS.Common.Logger.LogService.LogInformation():24 - Executing Action: GetCompanyTypeList on Controller: Application For User : svamadmin.
2021-01-05 17:53:45,173 => INFO  NA.PMS.Common.Logger.LogService.LogInformation():24 - Executed Action: GetCompanyTypeList on Controller: Application For User : svamadmin.
2021-01-05 17:53:45,209 => INFO  NA.PMS.Common.Logger.LogService.LogInformation():24 - Executing Action: GetCompanyTypeList on Controller: Application For User : svamadmin.
2021-01-05 17:53:45,253 => INFO  NA.PMS.Common.Logger.LogService.LogInformation():24 - Executed Action: GetCompanyTypeList on Controller: Application For User : svamadmin.
2021-01-05 17:53:48,995 => INFO  NA.PMS.Common.Logger.LogService.LogInformation():24 - Executing Action: GetCompanyTypeList on Controller: Application For User : svamadmin.
2021-01-05 17:53:49,033 => INFO  NA.PMS.Common.Logger.LogService.LogInformation():24 - Executed Action: GetCompanyTypeList on Controller: Application For User : svamadmin.
2021-01-05 17:53:49,068 => INFO  NA.PMS.Common.Logger.LogService.LogInformation():24 - Executing Action: GetCompanyTypeList on Controller: Application For User : svamadmin.
2021-01-05 17:53:49,103 => INFO  NA.PMS.Common.Logger.LogService.LogInformation():24 - Executed Action: GetCompanyTypeList on Controller: Application For User : svamadmin.
2021-01-05 17:53:50,933 => INFO  NA.PMS.Common.Logger.LogService.LogInformation():24 - Executing Action: GetCompanyTypeList on Controller: Application For User : svamadmin.
2021-01-05 17:53:50,973 => INFO  NA.PMS.Common.Logger.LogService.LogInformation():24 - Executed Action: GetCompanyTypeList on Controller: Application For User : svamadmin.
2021-01-05 17:53:51,014 => INFO  NA.PMS.Common.Logger.LogService.LogInformation():24 - Executing Action: GetCompanyTypeList on Controller: Application For User : svamadmin.
2021-01-05 17:53:51,051 => INFO  NA.PMS.Common.Logger.LogService.LogInformation():24 - Executed Action: GetCompanyTypeList on Controller: Application For User : svamadmin.
2021-01-05 17:57:04,857 => INFO  NA.PMS.Common.Logger.LogService.LogInformation():24 - Executing Action: GetApplicantTypeList on Controller: Application For User : svamadmin.
2021-01-05 17:57:04,901 => INFO  NA.PMS.Common.Logger.LogService.LogInformation():24 - Executed Action: GetApplicantTypeList on Controller: Application For User : svamadmin.
2021-01-05 17:57:04,961 => INFO  NA.PMS.Common.Logger.LogService.LogInformation():24 - Executing Action: GetCompanyTypeList on Controller: Application For User : svamadmin.
2021-01-05 17:57:05,006 => INFO  NA.PMS.Common.Logger.LogService.LogInformation():24 - Executed Action: GetCompanyTypeList on Controller: Application For User : svamadmin.
2021-01-05 17:57:05,362 => INFO  NA.PMS.Common.Logger.LogService.LogInformation():24 - Executing Action: GetSectorList on Controller: Application For User : svamadmin.
2021-01-05 17:57:05,422 => INFO  NA.PMS.Common.Logger.LogService.LogInformation():24 - Executed Action: GetSectorList on Controller: Application For User : svamadmin.
2021-01-05 17:57:05,862 => INFO  NA.PMS.Common.Logger.LogService.LogInformation():24 - Executing Action: GetDirectorTypeList on Controller: Application For User : svamadmin.
2021-01-05 17:57:05,907 => INFO  NA.PMS.Common.Logger.LogService.LogInformation():24 - Executed Action: GetDirectorTypeList on Controller: Application For User : svamadmin.
2021-01-05 17:57:49,202 => INFO  NA.PMS.Common.Logger.LogService.LogInformation():24 - Executing Action: GetApplicantTypeList on Controller: Application For User : svamadmin.
2021-01-05 17:57:49,247 => INFO  NA.PMS.Common.Logger.LogService.LogInformation():24 - Executed Action: GetApplicantTypeList on Controller: Application For User : svamadmin.
2021-01-05 17:57:49,292 => INFO  NA.PMS.Common.Logger.LogService.LogInformation():24 - Executing Action: GetCompanyTypeList on Controller: Application For User : svamadmin.
2021-01-05 17:57:49,336 => INFO  NA.PMS.Common.Logger.LogService.LogInformation():24 - Executed Action: GetCompanyTypeList on Controller: Application For User : svamadmin.
2021-01-05 17:57:49,398 => INFO  NA.PMS.Common.Logger.LogService.LogInformation():24 - Executing Action: GetDirectorTypeList on Controller: Application For User : svamadmin.
2021-01-05 17:57:49,444 => INFO  NA.PMS.Common.Logger.LogService.LogInformation():24 - Executed Action: GetDirectorTypeList on Controller: Application For User : svamadmin.
2021-01-05 17:57:49,941 => INFO  NA.PMS.Common.Logger.LogService.LogInformation():24 - Executing Action: GetSectorList on Controller: Application For User : svamadmin.
2021-01-05 17:57:49,993 => INFO  NA.PMS.Common.Logger.LogService.LogInformation():24 - Executed Action: GetSectorList on Controller: Application For User : svamadmin.
2021-01-05 18:14:10,317 => INFO  NA.PMS.Common.Logger.LogService.LogInformation():24 - Executing Action: Login on Controller: Account For User : svamadmin.
2021-01-05 18:14:10,742 => INFO  NA.PMS.Common.Logger.LogService.LogInformation():24 - Executed Action: Login on Controller: Account For User : svamadmin.
2021-01-05 18:14:54,253 => INFO  NA.PMS.Common.Logger.LogService.LogInformation():24 - Executing Action: GetApplicantTypeList on Controller: Application For User : svamadmin.
2021-01-05 18:14:54,327 => INFO  NA.PMS.Common.Logger.LogService.LogInformation():24 - Executed Action: GetApplicantTypeList on Controller: Application For User : svamadmin.
2021-01-05 18:14:54,420 => INFO  NA.PMS.Common.Logger.LogService.LogInformation():24 - Executing Action: GetCompanyTypeList on Controller: Application For User : svamadmin.
2021-01-05 18:14:54,479 => INFO  NA.PMS.Common.Logger.LogService.LogInformation():24 - Executed Action: GetCompanyTypeList on Controller: Application For User : svamadmin.
2021-01-05 18:14:54,845 => INFO  NA.PMS.Common.Logger.LogService.LogInformation():24 - Executing Action: GetSectorList on Controller: Application For User : svamadmin.
2021-01-05 18:14:54,913 => INFO  NA.PMS.Common.Logger.LogService.LogInformation():24 - Executed Action: GetSectorList on Controller: Application For User : svamadmin.
2021-01-05 18:14:55,255 => INFO  NA.PMS.Common.Logger.LogService.LogInformation():24 - Executing Action: GetDirectorTypeList on Controller: Application For User : svamadmin.
2021-01-05 18:14:55,305 => INFO  NA.PMS.Common.Logger.LogService.LogInformation():24 - Executed Action: GetDirectorTypeList on Controller: Application For User : svamadmin.
2021-01-05 18:15:00,906 => INFO  NA.PMS.Common.Logger.LogService.LogInformation():24 - Executing Action: GetFormSubTypeList on Controller: Application For User : svamadmin.
2021-01-05 18:15:00,970 => INFO  NA.PMS.Common.Logger.LogService.LogInformation():24 - Executed Action: GetFormSubTypeList on Controller: Application For User : svamadmin.
2021-01-05 18:15:01,042 => INFO  NA.PMS.Common.Logger.LogService.LogInformation():24 - Executing Action: GetFormSubTypeList on Controller: Application For User : svamadmin.
2021-01-05 18:15:01,095 => INFO  NA.PMS.Common.Logger.LogService.LogInformation():24 - Executed Action: GetFormSubTypeList on Controller: Application For User : svamadmin.
2021-01-05 18:15:02,407 => INFO  NA.PMS.Common.Logger.LogService.LogInformation():24 - Executing Action: GetCompanyTypeList on Controller: Application For User : svamadmin.
2021-01-05 18:15:02,450 => INFO  NA.PMS.Common.Logger.LogService.LogInformation():24 - Executed Action: GetCompanyTypeList on Controller: Application For User : svamadmin.
2021-01-05 18:15:02,486 => INFO  NA.PMS.Common.Logger.LogService.LogInformation():24 - Executing Action: GetCompanyTypeList on Controller: Application For User : svamadmin.
2021-01-05 18:15:02,527 => INFO  NA.PMS.Common.Logger.LogService.LogInformation():24 - Executed Action: GetCompanyTypeList on Controller: Application For User : svamadmin.
2021-01-05 18:15:07,611 => INFO  NA.PMS.Common.Logger.LogService.LogInformation():24 - Executing Action: GetCompanyTypeList on Controller: Application For User : svamadmin.
2021-01-05 18:15:07,669 => INFO  NA.PMS.Common.Logger.LogService.LogInformation():24 - Executed Action: GetCompanyTypeList on Controller: Application For User : svamadmin.
2021-01-05 18:15:07,730 => INFO  NA.PMS.Common.Logger.LogService.LogInformation():24 - Executing Action: GetCompanyTypeList on Controller: Application For User : svamadmin.
2021-01-05 18:15:07,782 => INFO  NA.PMS.Common.Logger.LogService.LogInformation():24 - Executed Action: GetCompanyTypeList on Controller: Application For User : svamadmin.
2021-01-05 18:15:14,360 => INFO  NA.PMS.Common.Logger.LogService.LogInformation():24 - Executing Action: GetApplicationFeeAndCharges on Controller: Application For User : svamadmin.
2021-01-05 18:15:14,530 => INFO  NA.PMS.Common.Logger.LogService.LogInformation():24 - Executed Action: GetApplicationFeeAndCharges on Controller: Application For User : svamadmin.
2021-01-05 18:16:23,068 => INFO  NA.PMS.Common.Logger.LogService.LogInformation():24 - Executing Action: ValidatePANnumber on Controller: Application For User : svamadmin.
2021-01-05 18:16:23,308 => INFO  NA.PMS.Common.Logger.LogService.LogInformation():24 - Executed Action: ValidatePANnumber on Controller: Application For User : svamadmin.
2021-01-05 18:16:34,311 => INFO  NA.PMS.Common.Logger.LogService.LogInformation():24 - Executing Action: SendOTP on Controller: Application For User : svamadmin.
2021-01-05 18:16:34,870 => INFO  NA.PMS.Common.Logger.LogService.LogInformation():24 - Executed Action: SendOTP on Controller: Application For User : svamadmin.
2021-01-05 18:23:53,432 => INFO  NA.PMS.Common.Logger.LogService.LogInformation():24 - Executing Action: GetApplicantTypeList on Controller: Application For User : svamadmin.
2021-01-05 18:23:53,475 => INFO  NA.PMS.Common.Logger.LogService.LogInformation():24 - Executed Action: GetApplicantTypeList on Controller: Application For User : svamadmin.
2021-01-05 18:23:53,521 => INFO  NA.PMS.Common.Logger.LogService.LogInformation():24 - Executing Action: GetCompanyTypeList on Controller: Application For User : svamadmin.
2021-01-05 18:23:53,567 => INFO  NA.PMS.Common.Logger.LogService.LogInformation():24 - Executed Action: GetCompanyTypeList on Controller: Application For User : svamadmin.
2021-01-05 18:23:53,644 => INFO  NA.PMS.Common.Logger.LogService.LogInformation():24 - Executing Action: GetDirectorTypeList on Controller: Application For User : svamadmin.
2021-01-05 18:23:53,684 => INFO  NA.PMS.Common.Logger.LogService.LogInformation():24 - Executed Action: GetDirectorTypeList on Controller: Application For User : svamadmin.
2021-01-05 18:24:14,270 => INFO  NA.PMS.Common.Logger.LogService.LogInformation():24 - Executing Action: GetSectorList on Controller: Application For User : svamadmin.
2021-01-05 18:24:14,308 => INFO  NA.PMS.Common.Logger.LogService.LogInformation():24 - Executed Action: GetSectorList on Controller: Application For User : svamadmin.
2021-01-05 18:24:47,108 => INFO  NA.PMS.Common.Logger.LogService.LogInformation():24 - Executing Action: GetSectorList on Controller: Application For User : svamadmin.
2021-01-05 18:24:47,149 => INFO  NA.PMS.Common.Logger.LogService.LogInformation():24 - Executed Action: GetSectorList on Controller: Application For User : svamadmin.
2021-01-05 18:24:47,655 => INFO  NA.PMS.Common.Logger.LogService.LogInformation():24 - Executing Action: GetFormSubTypeList on Controller: Application For User : svamadmin.
2021-01-05 18:24:47,710 => INFO  NA.PMS.Common.Logger.LogService.LogInformation():24 - Executed Action: GetFormSubTypeList on Controller: Application For User : svamadmin.
2021-01-05 18:24:48,152 => INFO  NA.PMS.Common.Logger.LogService.LogInformation():24 - Executing Action: GetApplicantTypeList on Controller: Application For User : svamadmin.
2021-01-05 18:24:48,188 => INFO  NA.PMS.Common.Logger.LogService.LogInformation():24 - Executed Action: GetApplicantTypeList on Controller: Application For User : svamadmin.
2021-01-05 18:24:48,221 => INFO  NA.PMS.Common.Logger.LogService.LogInformation():24 - Executing Action: GetCompanyTypeList on Controller: Application For User : svamadmin.
2021-01-05 18:24:48,262 => INFO  NA.PMS.Common.Logger.LogService.LogInformation():24 - Executed Action: GetCompanyTypeList on Controller: Application For User : svamadmin.
2021-01-05 18:24:48,653 => INFO  NA.PMS.Common.Logger.LogService.LogInformation():24 - Executing Action: GetDirectorTypeList on Controller: Application For User : svamadmin.
2021-01-05 18:24:48,693 => INFO  NA.PMS.Common.Logger.LogService.LogInformation():24 - Executed Action: GetDirectorTypeList on Controller: Application For User : svamadmin.
2021-01-05 18:25:47,728 => INFO  NA.PMS.Common.Logger.LogService.LogInformation():24 - Executing Action: GetFormSubTypeList on Controller: Application For User : svamadmin.
2021-01-05 18:25:47,774 => INFO  NA.PMS.Common.Logger.LogService.LogInformation():24 - Executed Action: GetFormSubTypeList on Controller: Application For User : svamadmin.
2021-01-05 18:25:47,822 => INFO  NA.PMS.Common.Logger.LogService.LogInformation():24 - Executing Action: GetSectorList on Controller: Application For User : svamadmin.
2021-01-05 18:25:47,874 => INFO  NA.PMS.Common.Logger.LogService.LogInformation():24 - Executed Action: GetSectorList on Controller: Application For User : svamadmin.
2021-01-05 18:25:48,243 => INFO  NA.PMS.Common.Logger.LogService.LogInformation():24 - Executing Action: GetApplicantTypeList on Controller: Application For User : svamadmin.
2021-01-05 18:25:48,281 => INFO  NA.PMS.Common.Logger.LogService.LogInformation():24 - Executed Action: GetApplicantTypeList on Controller: Application For User : svamadmin.
2021-01-05 18:25:48,312 => INFO  NA.PMS.Common.Logger.LogService.LogInformation():24 - Executing Action: GetCompanyTypeList on Controller: Application For User : svamadmin.
2021-01-05 18:25:48,350 => INFO  NA.PMS.Common.Logger.LogService.LogInformation():24 - Executed Action: GetCompanyTypeList on Controller: Application For User : svamadmin.
2021-01-05 18:25:48,792 => INFO  NA.PMS.Common.Logger.LogService.LogInformation():24 - Executing Action: GetDirectorTypeList on Controller: Application For User : svamadmin.
2021-01-05 18:25:48,836 => INFO  NA.PMS.Common.Logger.LogService.LogInformation():24 - Executed Action: GetDirectorTypeList on Controller: Application For User : svamadmin.
2021-01-05 18:42:55,535 => INFO  NA.PMS.Common.Logger.LogService.LogInformation():24 - Executing Action: Login on Controller: Account For User : svamadmin.
2021-01-05 18:42:55,972 => INFO  NA.PMS.Common.Logger.LogService.LogInformation():24 - Executed Action: Login on Controller: Account For User : svamadmin.
2021-01-05 18:43:53,385 => INFO  NA.PMS.Common.Logger.LogService.LogInformation():24 - Executing Action: GetFormSubTypeList on Controller: Application For User : svamadmin.
2021-01-05 18:43:53,485 => INFO  NA.PMS.Common.Logger.LogService.LogInformation():24 - Executed Action: GetFormSubTypeList on Controller: Application For User : svamadmin.
2021-01-05 18:43:53,550 => INFO  NA.PMS.Common.Logger.LogService.LogInformation():24 - Executing Action: GetDirectorTypeList on Controller: Application For User : svamadmin.
2021-01-05 18:43:53,659 => INFO  NA.PMS.Common.Logger.LogService.LogInformation():24 - Executed Action: GetDirectorTypeList on Controller: Application For User : svamadmin.
2021-01-05 18:43:53,905 => INFO  NA.PMS.Common.Logger.LogService.LogInformation():24 - Executing Action: GetApplicantTypeList on Controller: Application For User : svamadmin.
2021-01-05 18:43:53,972 => INFO  NA.PMS.Common.Logger.LogService.LogInformation():24 - Executed Action: GetApplicantTypeList on Controller: Application For User : svamadmin.
2021-01-05 18:43:54,015 => INFO  NA.PMS.Common.Logger.LogService.LogInformation():24 - Executing Action: GetCompanyTypeList on Controller: Application For User : svamadmin.
2021-01-05 18:43:54,070 => INFO  NA.PMS.Common.Logger.LogService.LogInformation():24 - Executed Action: GetCompanyTypeList on Controller: Application For User : svamadmin.
2021-01-05 18:43:54,138 => INFO  NA.PMS.Common.Logger.LogService.LogInformation():24 - Executing Action: GetSectorList on Controller: Application For User : svamadmin.
2021-01-05 18:43:54,195 => INFO  NA.PMS.Common.Logger.LogService.LogInformation():24 - Executed Action: GetSectorList on Controller: Application For User : svamadmin.
2021-01-05 18:44:08,672 => INFO  NA.PMS.Common.Logger.LogService.LogInformation():24 - Executing Action: GetApplicantTypeList on Controller: Application For User : svamadmin.
2021-01-05 18:44:08,723 => INFO  NA.PMS.Common.Logger.LogService.LogInformation():24 - Executed Action: GetApplicantTypeList on Controller: Application For User : svamadmin.
2021-01-05 18:44:08,856 => INFO  NA.PMS.Common.Logger.LogService.LogInformation():24 - Executing Action: GetCompanyTypeList on Controller: Application For User : svamadmin.
2021-01-05 18:44:08,918 => INFO  NA.PMS.Common.Logger.LogService.LogInformation():24 - Executed Action: GetCompanyTypeList on Controller: Application For User : svamadmin.
2021-01-05 18:44:09,216 => INFO  NA.PMS.Common.Logger.LogService.LogInformation():24 - Executing Action: GetSectorList on Controller: Application For User : svamadmin.
2021-01-05 18:44:09,303 => INFO  NA.PMS.Common.Logger.LogService.LogInformation():24 - Executed Action: GetSectorList on Controller: Application For User : svamadmin.
2021-01-05 18:44:09,701 => INFO  NA.PMS.Common.Logger.LogService.LogInformation():24 - Executing Action: GetDirectorTypeList on Controller: Application For User : svamadmin.
2021-01-05 18:44:09,744 => INFO  NA.PMS.Common.Logger.LogService.LogInformation():24 - Executed Action: GetDirectorTypeList on Controller: Application For User : svamadmin.
2021-01-05 18:44:31,409 => INFO  NA.PMS.Common.Logger.LogService.LogInformation():24 - Executing Action: GetFormSubTypeList on Controller: Application For User : svamadmin.
2021-01-05 18:44:31,462 => INFO  NA.PMS.Common.Logger.LogService.LogInformation():24 - Executed Action: GetFormSubTypeList on Controller: Application For User : svamadmin.
2021-01-05 18:44:31,524 => INFO  NA.PMS.Common.Logger.LogService.LogInformation():24 - Executing Action: GetFormSubTypeList on Controller: Application For User : svamadmin.
2021-01-05 18:44:31,570 => INFO  NA.PMS.Common.Logger.LogService.LogInformation():24 - Executed Action: GetFormSubTypeList on Controller: Application For User : svamadmin.
2021-01-05 18:45:14,456 => INFO  NA.PMS.Common.Logger.LogService.LogInformation():24 - Executing Action: GetApplicationFeeAndCharges on Controller: Application For User : svamadmin.
2021-01-05 18:45:14,708 => INFO  NA.PMS.Common.Logger.LogService.LogInformation():24 - Executed Action: GetApplicationFeeAndCharges on Controller: Application For User : svamadmin.
2021-01-05 18:46:36,609 => INFO  NA.PMS.Common.Logger.LogService.LogInformation():24 - Executing Action: ValidatePANnumber on Controller: Application For User : svamadmin.
2021-01-05 18:46:36,693 => INFO  NA.PMS.Common.Logger.LogService.LogInformation():24 - Executed Action: ValidatePANnumber on Controller: Application For User : svamadmin.
2021-01-05 18:46:44,294 => INFO  NA.PMS.Common.Logger.LogService.LogInformation():24 - Executing Action: SendOTP on Controller: Application For User : svamadmin.
2021-01-05 18:46:44,825 => INFO  NA.PMS.Common.Logger.LogService.LogInformation():24 - Executed Action: SendOTP on Controller: Application For User : svamadmin.
2021-01-05 19:00:49,049 => INFO  NA.PMS.Common.Logger.LogService.LogInformation():24 - Executing Action: GetSectorList on Controller: Application For User : svamadmin.
2021-01-05 19:00:49,092 => INFO  NA.PMS.Common.Logger.LogService.LogInformation():24 - Executed Action: GetSectorList on Controller: Application For User : svamadmin.
2021-01-05 19:00:49,413 => INFO  NA.PMS.Common.Logger.LogService.LogInformation():24 - Executing Action: GetApplicantTypeList on Controller: Application For User : svamadmin.
2021-01-05 19:00:49,464 => INFO  NA.PMS.Common.Logger.LogService.LogInformation():24 - Executed Action: GetApplicantTypeList on Controller: Application For User : svamadmin.
2021-01-05 19:00:49,508 => INFO  NA.PMS.Common.Logger.LogService.LogInformation():24 - Executing Action: GetCompanyTypeList on Controller: Application For User : svamadmin.
2021-01-05 19:00:49,554 => INFO  NA.PMS.Common.Logger.LogService.LogInformation():24 - Executed Action: GetCompanyTypeList on Controller: Application For User : svamadmin.
2021-01-05 19:00:49,878 => INFO  NA.PMS.Common.Logger.LogService.LogInformation():24 - Executing Action: GetDirectorTypeList on Controller: Application For User : svamadmin.
2021-01-05 19:00:49,916 => INFO  NA.PMS.Common.Logger.LogService.LogInformation():24 - Executed Action: GetDirectorTypeList on Controller: Application For User : svamadmin.
2021-01-05 19:01:01,832 => INFO  NA.PMS.Common.Logger.LogService.LogInformation():24 - Executing Action: GetFormSubTypeList on Controller: Application For User : svamadmin.
2021-01-05 19:01:01,871 => INFO  NA.PMS.Common.Logger.LogService.LogInformation():24 - Executed Action: GetFormSubTypeList on Controller: Application For User : svamadmin.
2021-01-05 19:01:01,901 => INFO  NA.PMS.Common.Logger.LogService.LogInformation():24 - Executing Action: GetSectorList on Controller: Application For User : svamadmin.
2021-01-05 19:01:01,946 => INFO  NA.PMS.Common.Logger.LogService.LogInformation():24 - Executed Action: GetSectorList on Controller: Application For User : svamadmin.
2021-01-05 19:01:02,346 => INFO  NA.PMS.Common.Logger.LogService.LogInformation():24 - Executing Action: GetApplicantTypeList on Controller: Application For User : svamadmin.
2021-01-05 19:01:02,391 => INFO  NA.PMS.Common.Logger.LogService.LogInformation():24 - Executed Action: GetApplicantTypeList on Controller: Application For User : svamadmin.
2021-01-05 19:01:02,422 => INFO  NA.PMS.Common.Logger.LogService.LogInformation():24 - Executing Action: GetCompanyTypeList on Controller: Application For User : svamadmin.
2021-01-05 19:01:02,466 => INFO  NA.PMS.Common.Logger.LogService.LogInformation():24 - Executed Action: GetCompanyTypeList on Controller: Application For User : svamadmin.
2021-01-05 19:01:02,880 => INFO  NA.PMS.Common.Logger.LogService.LogInformation():24 - Executing Action: GetDirectorTypeList on Controller: Application For User : svamadmin.
2021-01-05 19:01:02,932 => INFO  NA.PMS.Common.Logger.LogService.LogInformation():24 - Executed Action: GetDirectorTypeList on Controller: Application For User : svamadmin.
2021-01-05 19:01:58,808 => INFO  NA.PMS.Common.Logger.LogService.LogInformation():24 - Executing Action: GetFormSubTypeList on Controller: Application For User : svamadmin.
2021-01-05 19:01:58,849 => INFO  NA.PMS.Common.Logger.LogService.LogInformation():24 - Executed Action: GetFormSubTypeList on Controller: Application For User : svamadmin.
2021-01-05 19:01:58,903 => INFO  NA.PMS.Common.Logger.LogService.LogInformation():24 - Executing Action: GetDirectorTypeList on Controller: Application For User : svamadmin.
2021-01-05 19:01:58,953 => INFO  NA.PMS.Common.Logger.LogService.LogInformation():24 - Executed Action: GetDirectorTypeList on Controller: Application For User : svamadmin.
2021-01-05 19:01:59,323 => INFO  NA.PMS.Common.Logger.LogService.LogInformation():24 - Executing Action: GetApplicantTypeList on Controller: Application For User : svamadmin.
2021-01-05 19:01:59,365 => INFO  NA.PMS.Common.Logger.LogService.LogInformation():24 - Executed Action: GetApplicantTypeList on Controller: Application For User : svamadmin.
2021-01-05 19:01:59,400 => INFO  NA.PMS.Common.Logger.LogService.LogInformation():24 - Executing Action: GetCompanyTypeList on Controller: Application For User : svamadmin.
2021-01-05 19:01:59,437 => INFO  NA.PMS.Common.Logger.LogService.LogInformation():24 - Executed Action: GetCompanyTypeList on Controller: Application For User : svamadmin.
2021-01-05 19:01:59,466 => INFO  NA.PMS.Common.Logger.LogService.LogInformation():24 - Executing Action: GetSectorList on Controller: Application For User : svamadmin.
2021-01-05 19:01:59,503 => INFO  NA.PMS.Common.Logger.LogService.LogInformation():24 - Executed Action: GetSectorList on Controller: Application For User : svamadmin.
2021-01-05 19:03:21,506 => INFO  NA.PMS.Common.Logger.LogService.LogInformation():24 - Executing Action: GetFormSubTypeList on Controller: Application For User : svamadmin.
2021-01-05 19:03:21,560 => INFO  NA.PMS.Common.Logger.LogService.LogInformation():24 - Executed Action: GetFormSubTypeList on Controller: Application For User : svamadmin.
2021-01-05 19:03:22,001 => INFO  NA.PMS.Common.Logger.LogService.LogInformation():24 - Executing Action: GetApplicantTypeList on Controller: Application For User : svamadmin.
2021-01-05 19:03:22,044 => INFO  NA.PMS.Common.Logger.LogService.LogInformation():24 - Executed Action: GetApplicantTypeList on Controller: Application For User : svamadmin.
2021-01-05 19:03:22,084 => INFO  NA.PMS.Common.Logger.LogService.LogInformation():24 - Executing Action: GetCompanyTypeList on Controller: Application For User : svamadmin.
2021-01-05 19:03:22,122 => INFO  NA.PMS.Common.Logger.LogService.LogInformation():24 - Executed Action: GetCompanyTypeList on Controller: Application For User : svamadmin.
2021-01-05 19:03:22,523 => INFO  NA.PMS.Common.Logger.LogService.LogInformation():24 - Executing Action: GetSectorList on Controller: Application For User : svamadmin.
2021-01-05 19:03:22,565 => INFO  NA.PMS.Common.Logger.LogService.LogInformation():24 - Executed Action: GetSectorList on Controller: Application For User : svamadmin.
2021-01-05 19:03:23,023 => INFO  NA.PMS.Common.Logger.LogService.LogInformation():24 - Executing Action: GetDirectorTypeList on Controller: Application For User : svamadmin.
2021-01-05 19:03:23,065 => INFO  NA.PMS.Common.Logger.LogService.LogInformation():24 - Executed Action: GetDirectorTypeList on Controller: Application For User : svamadmin.
2021-01-05 19:04:00,780 => ERROR NA.PMS.Common.Logger.LogService.LogError():97 - Global Exception
System.Web.HttpCompileException (0x80004005): d:\TFSProject\NoidaAuthority\Source\NA.PMS\NA.PMS.Web\Areas\Online\Views\Housing\SchemeDocument.cshtml(91): error CS1061: 'NA.PMS.OnlineScheme.SchemeFormViewModel' does not contain a definition for 'DocList' and no extension method 'DocList' accepting a first argument of type 'NA.PMS.OnlineScheme.SchemeFormViewModel' could be found (are you missing a using directive or an assembly reference?)
   at System.Web.Compilation.AssemblyBuilder.Compile()
   at System.Web.Compilation.BuildProvidersCompiler.PerformBuild()
   at System.Web.Compilation.BuildManager.CompileWebFile(VirtualPath virtualPath)
   at System.Web.Compilation.BuildManager.GetVPathBuildResultInternal(VirtualPath virtualPath, Boolean noBuild, Boolean allowCrossApp, Boolean allowBuildInPrecompile, Boolean throwIfNotFound, Boolean ensureIsUpToDate)
   at System.Web.Compilation.BuildManager.GetVPathBuildResultWithNoAssert(HttpContext context, VirtualPath virtualPath, Boolean noBuild, Boolean allowCrossApp, Boolean allowBuildInPrecompile, Boolean throwIfNotFound, Boolean ensureIsUpToDate)
   at System.Web.Compilation.BuildManager.GetVirtualPathObjectFactory(VirtualPath virtualPath, HttpContext context, Boolean allowCrossApp, Boolean throwIfNotFound)
   at System.Web.Compilation.BuildManager.GetCompiledType(VirtualPath virtualPath)
   at System.Web.Compilation.BuildManager.GetCompiledType(String virtualPath)
   at System.Web.Mvc.BuildManagerWrapper.System.Web.Mvc.IBuildManager.GetCompiledType(String virtualPath)
   at System.Web.Mvc.BuildManagerCompiledView.Render(ViewContext viewContext, TextWriter writer)
   at System.Web.Mvc.ViewResultBase.ExecuteResult(ControllerContext context)
   at System.Web.Mvc.ControllerActionInvoker.InvokeActionResult(ControllerContext controllerContext, ActionResult actionResult)
   at System.Web.Mvc.ControllerActionInvoker.InvokeActionResultFilterRecursive(IList`1 filters, Int32 filterIndex, ResultExecutingContext preContext, ControllerContext controllerContext, ActionResult actionResult)
   at System.Web.Mvc.ControllerActionInvoker.InvokeActionResultFilterRecursive(IList`1 filters, Int32 filterIndex, ResultExecutingContext preContext, ControllerContext controllerContext, ActionResult actionResult)
   at System.Web.Mvc.ControllerActionInvoker.InvokeActionResultWithFilters(ControllerContext controllerContext, IList`1 filters, ActionResult actionResult)
   at System.Web.Mvc.Async.AsyncControllerActionInvoker.<>c__DisplayClass21.<>c__DisplayClass2b.<BeginInvokeAction>b__1c()
   at System.Web.Mvc.Async.AsyncControllerActionInvoker.<>c__DisplayClass21.<BeginInvokeAction>b__1e(IAsyncResult asyncResult)
   at System.Web.Mvc.Async.AsyncResultWrapper.WrappedAsyncResult`1.CallEndDelegate(IAsyncResult asyncResult)
   at System.Web.Mvc.Async.AsyncResultWrapper.WrappedAsyncResultBase`1.End()
   at System.Web.Mvc.Async.AsyncResultWrapper.End[TResult](IAsyncResult asyncResult, Object tag)
   at System.Web.Mvc.Async.AsyncControllerActionInvoker.EndInvokeAction(IAsyncResult asyncResult)
   at System.Web.Mvc.Controller.<BeginExecuteCore>b__1d(IAsyncResult asyncResult, ExecuteCoreState innerState)
   at System.Web.Mvc.Async.AsyncResultWrapper.WrappedAsyncVoid`1.CallEndDelegate(IAsyncResult asyncResult)
   at System.Web.Mvc.Async.AsyncResultWrapper.WrappedAsyncResultBase`1.End()
   at System.Web.Mvc.Async.AsyncResultWrapper.End[TResult](IAsyncResult asyncResult, Object tag)
   at System.Web.Mvc.Async.AsyncResultWrapper.End(IAsyncResult asyncResult, Object tag)
   at System.Web.Mvc.Controller.EndExecuteCore(IAsyncResult asyncResult)
   at System.Web.Mvc.Controller.<BeginExecute>b__15(IAsyncResult asyncResult, Controller controller)
   at System.Web.Mvc.Async.AsyncResultWrapper.WrappedAsyncVoid`1.CallEndDelegate(IAsyncResult asyncResult)
   at System.Web.Mvc.Async.AsyncResultWrapper.WrappedAsyncResultBase`1.End()
   at System.Web.Mvc.Async.AsyncResultWrapper.End[TResult](IAsyncResult asyncResult, Object tag)
   at System.Web.Mvc.Async.AsyncResultWrapper.End(IAsyncResult asyncResult, Object tag)
   at System.Web.Mvc.Controller.EndExecute(IAsyncResult asyncResult)
   at System.Web.Mvc.Controller.System.Web.Mvc.Async.IAsyncController.EndExecute(IAsyncResult asyncResult)
   at System.Web.Mvc.MvcHandler.<BeginProcessRequest>b__5(IAsyncResult asyncResult, ProcessRequestState innerState)
   at System.Web.Mvc.Async.AsyncResultWrapper.WrappedAsyncVoid`1.CallEndDelegate(IAsyncResult asyncResult)
   at System.Web.Mvc.Async.AsyncResultWrapper.WrappedAsyncResultBase`1.End()
   at System.Web.Mvc.Async.AsyncResultWrapper.End[TResult](IAsyncResult asyncResult, Object tag)
   at System.Web.Mvc.Async.AsyncResultWrapper.End(IAsyncResult asyncResult, Object tag)
   at System.Web.Mvc.MvcHandler.EndProcessRequest(IAsyncResult asyncResult)
   at System.Web.Mvc.MvcHandler.System.Web.IHttpAsyncHandler.EndProcessRequest(IAsyncResult result)
   at System.Web.HttpApplication.CallHandlerExecutionStep.System.Web.HttpApplication.IExecutionStep.Execute()
   at System.Web.HttpApplication.ExecuteStepImpl(IExecutionStep step)
   at System.Web.HttpApplication.ExecuteStep(IExecutionStep step, Boolean& completedSynchronously)
2021-01-05 19:08:53,338 => INFO  NA.PMS.Common.Logger.LogService.LogInformation():24 - Executing Action: GetFormSubTypeList on Controller: Application For User : svamadmin.
2021-01-05 19:08:53,378 => INFO  NA.PMS.Common.Logger.LogService.LogInformation():24 - Executed Action: GetFormSubTypeList on Controller: Application For User : svamadmin.
2021-01-05 19:08:53,539 => INFO  NA.PMS.Common.Logger.LogService.LogInformation():24 - Executing Action: GetApplicantTypeList on Controller: Application For User : svamadmin.
2021-01-05 19:08:53,573 => INFO  NA.PMS.Common.Logger.LogService.LogInformation():24 - Executed Action: GetApplicantTypeList on Controller: Application For User : svamadmin.
2021-01-05 19:08:53,604 => INFO  NA.PMS.Common.Logger.LogService.LogInformation():24 - Executing Action: GetCompanyTypeList on Controller: Application For User : svamadmin.
2021-01-05 19:08:53,643 => INFO  NA.PMS.Common.Logger.LogService.LogInformation():24 - Executed Action: GetCompanyTypeList on Controller: Application For User : svamadmin.
2021-01-05 19:08:54,093 => INFO  NA.PMS.Common.Logger.LogService.LogInformation():24 - Executing Action: GetDirectorTypeList on Controller: Application For User : svamadmin.
2021-01-05 19:08:54,129 => INFO  NA.PMS.Common.Logger.LogService.LogInformation():24 - Executed Action: GetDirectorTypeList on Controller: Application For User : svamadmin.
2021-01-05 19:08:54,614 => INFO  NA.PMS.Common.Logger.LogService.LogInformation():24 - Executing Action: GetSectorList on Controller: Application For User : svamadmin.
2021-01-05 19:08:54,666 => INFO  NA.PMS.Common.Logger.LogService.LogInformation():24 - Executed Action: GetSectorList on Controller: Application For User : svamadmin.
2021-01-05 19:31:53,769 => INFO  NA.PMS.Common.Logger.LogService.LogInformation():24 - Executing Action: Login on Controller: Account For User : svamadmin.
2021-01-05 19:31:54,017 => INFO  NA.PMS.Common.Logger.LogService.LogInformation():24 - Executed Action: Login on Controller: Account For User : svamadmin.
2021-01-05 19:32:54,731 => INFO  NA.PMS.Common.Logger.LogService.LogInformation():24 - Executing Action: GetFormSubTypeList on Controller: Application For User : svamadmin.
2021-01-05 19:32:54,793 => INFO  NA.PMS.Common.Logger.LogService.LogInformation():24 - Executed Action: GetFormSubTypeList on Controller: Application For User : svamadmin.
2021-01-05 19:32:55,212 => INFO  NA.PMS.Common.Logger.LogService.LogInformation():24 - Executing Action: GetApplicantTypeList on Controller: Application For User : svamadmin.
2021-01-05 19:32:55,262 => INFO  NA.PMS.Common.Logger.LogService.LogInformation():24 - Executed Action: GetApplicantTypeList on Controller: Application For User : svamadmin.
2021-01-05 19:32:55,314 => INFO  NA.PMS.Common.Logger.LogService.LogInformation():24 - Executing Action: GetCompanyTypeList on Controller: Application For User : svamadmin.
2021-01-05 19:32:55,369 => INFO  NA.PMS.Common.Logger.LogService.LogInformation():24 - Executed Action: GetCompanyTypeList on Controller: Application For User : svamadmin.
2021-01-05 19:32:55,787 => INFO  NA.PMS.Common.Logger.LogService.LogInformation():24 - Executing Action: GetDirectorTypeList on Controller: Application For User : svamadmin.
2021-01-05 19:32:55,861 => INFO  NA.PMS.Common.Logger.LogService.LogInformation():24 - Executed Action: GetDirectorTypeList on Controller: Application For User : svamadmin.
2021-01-05 19:32:56,344 => INFO  NA.PMS.Common.Logger.LogService.LogInformation():24 - Executing Action: GetSectorList on Controller: Application For User : svamadmin.
2021-01-05 19:32:56,400 => INFO  NA.PMS.Common.Logger.LogService.LogInformation():24 - Executed Action: GetSectorList on Controller: Application For User : svamadmin.
2021-01-05 19:38:04,564 => INFO  NA.PMS.Common.Logger.LogService.LogInformation():24 - Executing Action: GetApplicantTypeList on Controller: Application For User : svamadmin.
2021-01-05 19:38:04,617 => INFO  NA.PMS.Common.Logger.LogService.LogInformation():24 - Executed Action: GetApplicantTypeList on Controller: Application For User : svamadmin.
2021-01-05 19:38:04,686 => INFO  NA.PMS.Common.Logger.LogService.LogInformation():24 - Executing Action: GetDirectorTypeList on Controller: Application For User : svamadmin.
2021-01-05 19:38:04,737 => INFO  NA.PMS.Common.Logger.LogService.LogInformation():24 - Executed Action: GetDirectorTypeList on Controller: Application For User : svamadmin.
2021-01-05 19:38:05,195 => INFO  NA.PMS.Common.Logger.LogService.LogInformation():24 - Executing Action: GetFormSubTypeList on Controller: Application For User : svamadmin.
2021-01-05 19:38:05,240 => INFO  NA.PMS.Common.Logger.LogService.LogInformation():24 - Executed Action: GetFormSubTypeList on Controller: Application For User : svamadmin.
2021-01-05 19:38:05,727 => INFO  NA.PMS.Common.Logger.LogService.LogInformation():24 - Executing Action: GetSectorList on Controller: Application For User : svamadmin.
2021-01-05 19:38:05,765 => INFO  NA.PMS.Common.Logger.LogService.LogInformation():24 - Executed Action: GetSectorList on Controller: Application For User : svamadmin.
2021-01-05 19:38:06,233 => INFO  NA.PMS.Common.Logger.LogService.LogInformation():24 - Executing Action: GetCompanyTypeList on Controller: Application For User : svamadmin.
2021-01-05 19:38:06,274 => INFO  NA.PMS.Common.Logger.LogService.LogInformation():24 - Executed Action: GetCompanyTypeList on Controller: Application For User : svamadmin.
