2021-07-29 12:33:13,149 => INFO  NA.PMS.Common.Logger.LogService.LogInformation():24 - Executing Action: Login on Controller: Account For User : .
2021-07-29 12:33:13,461 => INFO  NA.PMS.Common.Logger.LogService.LogInformation():24 - Executed Action: Login on Controller: Account For User : .
2021-07-29 12:33:17,093 => ERROR NA.PMS.Common.Logger.LogService.LogError():97 - Global Exception
System.Web.HttpException (0x80004005): Session state has created a session id, but cannot save it because the response was already flushed by the application.
   at System.Web.SessionState.SessionIDManager.SaveSessionID(HttpContext context, String id, Boolean& redirected, Boolean& cookieAdded)
   at System.Web.SessionState.SessionStateModule.CreateSessionId()
   at System.Web.SessionState.SessionStateModule.DelayedGetSessionId()
   at System.Web.SessionState.SessionStateModule.ReleaseStateGetSessionID()
   at System.Web.SessionState.SessionStateModule.OnReleaseState(Object source, EventArgs eventArgs)
   at System.Web.SessionState.SessionStateModule.OnEndRequest(Object source, EventArgs eventArgs)
   at System.Web.HttpApplication.SyncEventExecutionStep.System.Web.HttpApplication.IExecutionStep.Execute()
   at System.Web.HttpApplication.ExecuteStepImpl(IExecutionStep step)
   at System.Web.HttpApplication.ExecuteStep(IExecutionStep step, Boolean& completedSynchronously)
2021-07-29 12:33:52,919 => INFO  NA.PMS.Common.Logger.LogService.LogInformation():24 - Executing Action: Login on Controller: Account For User : .
2021-07-29 12:33:59,808 => INFO  NA.PMS.Common.Logger.LogService.LogInformation():24 - Executed Action: Login on Controller: Account For User : .
2021-07-29 12:33:59,856 => INFO  NA.PMS.Common.Logger.LogService.LogInformation():24 - Executing Action: Login on Controller: Account For User : svamadmin.
2021-07-29 12:33:59,925 => INFO  NA.PMS.Common.Logger.LogService.LogInformation():24 - Executed Action: Login on Controller: Account For User : svamadmin.
2021-07-29 12:34:01,795 => INFO  NA.PMS.Common.Logger.LogService.LogInformation():24 - Executing Action: LoginAfterVerifyOTP on Controller: Account For User : svamadmin.
2021-07-29 12:34:05,651 => INFO  NA.PMS.Common.Logger.LogService.LogInformation():24 - Executed Action: LoginAfterVerifyOTP on Controller: Account For User : svamadmin.
2021-07-29 12:35:29,213 => INFO  NA.PMS.Common.Logger.LogService.LogInformation():24 - Executing Action: Login on Controller: Account For User : svamadmin.
2021-07-29 12:35:29,229 => INFO  NA.PMS.Common.Logger.LogService.LogInformation():24 - Executed Action: Login on Controller: Account For User : svamadmin.
2021-07-29 12:35:30,671 => INFO  NA.PMS.Common.Logger.LogService.LogInformation():24 - Executing Action: LoginAfterVerifyOTP on Controller: Account For User : svamadmin.
2021-07-29 12:35:34,905 => INFO  NA.PMS.Common.Logger.LogService.LogInformation():24 - Executed Action: LoginAfterVerifyOTP on Controller: Account For User : svamadmin.
2021-07-29 12:35:37,492 => INFO  NA.PMS.Common.Logger.LogService.LogInformation():24 - Executing Action: Logout on Controller: Account For User : svamadmin.
2021-07-29 12:35:37,507 => INFO  NA.PMS.Common.Logger.LogService.LogInformation():24 - Executed Action: Logout on Controller: Account For User : svamadmin.
2021-07-29 12:35:40,039 => INFO  NA.PMS.Common.Logger.LogService.LogInformation():24 - Executing Action: login on Controller: Account For User : svamadmin.
2021-07-29 12:35:40,055 => INFO  NA.PMS.Common.Logger.LogService.LogInformation():24 - Executed Action: login on Controller: Account For User : svamadmin.
2021-07-29 12:35:51,974 => INFO  NA.PMS.Common.Logger.LogService.LogInformation():24 - Executing Action: Login on Controller: Account For User : svamadmin.
2021-07-29 12:35:52,027 => INFO  NA.PMS.Common.Logger.LogService.LogInformation():24 - Executed Action: Login on Controller: Account For User : svamadmin.
2021-07-29 12:36:05,828 => INFO  NA.PMS.Common.Logger.LogService.LogInformation():24 - Executing Action: Login on Controller: Account For User : svamadmin.
2021-07-29 12:36:08,767 => INFO  NA.PMS.Common.Logger.LogService.LogInformation():24 - Executed Action: Login on Controller: Account For User : svamadmin.
2021-07-29 12:36:08,792 => INFO  NA.PMS.Common.Logger.LogService.LogInformation():24 - Executing Action: Login on Controller: Account For User : skumar.
2021-07-29 12:36:08,806 => INFO  NA.PMS.Common.Logger.LogService.LogInformation():24 - Executed Action: Login on Controller: Account For User : skumar.
2021-07-29 12:36:10,057 => INFO  NA.PMS.Common.Logger.LogService.LogInformation():24 - Executing Action: LoginAfterVerifyOTP on Controller: Account For User : skumar.
2021-07-29 12:36:11,021 => INFO  NA.PMS.Common.Logger.LogService.LogInformation():24 - Executed Action: LoginAfterVerifyOTP on Controller: Account For User : skumar.
2021-07-29 12:36:14,181 => INFO  NA.PMS.Common.Logger.LogService.LogInformation():24 - Executing Action: GetDepartmentForAdvanceSearch on Controller: PropertyAllotment For User : skumar.
2021-07-29 12:36:14,255 => INFO  NA.PMS.Common.Logger.LogService.LogInformation():24 - Executed Action: GetDepartmentForAdvanceSearch on Controller: PropertyAllotment For User : skumar.
2021-07-29 12:36:21,891 => INFO  NA.PMS.Common.Logger.LogService.LogInformation():24 - Executing Action: ManageAllotment on Controller: PropertyAllotment For User : skumar.
2021-07-29 12:36:21,902 => INFO  NA.PMS.Common.Logger.LogService.LogInformation():24 - Executed Action: ManageAllotment on Controller: PropertyAllotment For User : skumar.
2021-07-29 12:36:25,724 => INFO  NA.PMS.Common.Logger.LogService.LogInformation():24 - Executing Action: GetMasterSearchParameterAsDataSource on Controller: PropertyAllotment For User : skumar.
2021-07-29 12:36:26,071 => INFO  NA.PMS.Common.Logger.LogService.LogInformation():24 - Executed Action: GetMasterSearchParameterAsDataSource on Controller: PropertyAllotment For User : skumar.
2021-07-29 12:36:26,397 => INFO  NA.PMS.Common.Logger.LogService.LogInformation():24 - Executing Action: GetPropertyDetailListAsDataSource on Controller: PropertyAllotment For User : skumar.
2021-07-29 12:36:27,207 => INFO  NA.PMS.Common.Logger.LogService.LogInformation():24 - Executed Action: GetPropertyDetailListAsDataSource on Controller: PropertyAllotment For User : skumar.
2021-07-29 12:36:27,768 => INFO  NA.PMS.Common.Logger.LogService.LogInformation():24 - Executing Action: GetMasterSearchParameterAsDataSource on Controller: PropertyAllotment For User : skumar.
2021-07-29 12:36:27,946 => INFO  NA.PMS.Common.Logger.LogService.LogInformation():24 - Executed Action: GetMasterSearchParameterAsDataSource on Controller: PropertyAllotment For User : skumar.
2021-07-29 12:36:28,310 => INFO  NA.PMS.Common.Logger.LogService.LogInformation():24 - Executing Action: GetMasterSearchParameterAsDataSource on Controller: PropertyAllotment For User : skumar.
2021-07-29 12:36:28,515 => INFO  NA.PMS.Common.Logger.LogService.LogInformation():24 - Executed Action: GetMasterSearchParameterAsDataSource on Controller: PropertyAllotment For User : skumar.
2021-07-29 12:36:32,332 => INFO  NA.PMS.Common.Logger.LogService.LogInformation():24 - Executing Action: Index on Controller: Allotment For User : skumar.
2021-07-29 12:36:32,342 => INFO  NA.PMS.Common.Logger.LogService.LogInformation():24 - Executed Action: Index on Controller: Allotment For User : skumar.
2021-07-29 12:36:37,030 => INFO  NA.PMS.Common.Logger.LogService.LogInformation():24 - Executing Action: GetSchemeListAsDataSource on Controller: Allotment For User : skumar.
2021-07-29 12:36:37,139 => INFO  NA.PMS.Common.Logger.LogService.LogInformation():24 - Executed Action: GetSchemeListAsDataSource on Controller: Allotment For User : skumar.
2021-07-29 12:36:37,589 => INFO  NA.PMS.Common.Logger.LogService.LogInformation():24 - Executing Action: GetApplicationFormAsDataSourceByApplicationId on Controller: Allotment For User : skumar.
2021-07-29 12:36:37,692 => INFO  NA.PMS.Common.Logger.LogService.LogInformation():24 - Executed Action: GetApplicationFormAsDataSourceByApplicationId on Controller: Allotment For User : skumar.
2021-07-29 12:36:38,126 => INFO  NA.PMS.Common.Logger.LogService.LogInformation():24 - Executing Action: GetPropertyDetailAsDataSourceByPropertyId on Controller: Allotment For User : skumar.
2021-07-29 12:36:38,242 => INFO  NA.PMS.Common.Logger.LogService.LogInformation():24 - Executed Action: GetPropertyDetailAsDataSourceByPropertyId on Controller: Allotment For User : skumar.
2021-07-29 12:36:38,654 => INFO  NA.PMS.Common.Logger.LogService.LogInformation():24 - Executing Action: GetApproverIdList on Controller: Allotment For User : skumar.
2021-07-29 12:36:38,761 => INFO  NA.PMS.Common.Logger.LogService.LogInformation():24 - Executed Action: GetApproverIdList on Controller: Allotment For User : skumar.
2021-07-29 12:36:39,242 => INFO  NA.PMS.Common.Logger.LogService.LogInformation():24 - Executing Action: GetAllottedPropertyFormListById on Controller: Allotment For User : skumar.
2021-07-29 12:36:39,550 => INFO  NA.PMS.Common.Logger.LogService.LogInformation():24 - Executed Action: GetAllottedPropertyFormListById on Controller: Allotment For User : skumar.
2021-07-29 12:36:46,226 => INFO  NA.PMS.Common.Logger.LogService.LogInformation():24 - Executing Action: GetSchemeListAsDataSource on Controller: Allotment For User : skumar.
2021-07-29 12:36:46,332 => INFO  NA.PMS.Common.Logger.LogService.LogInformation():24 - Executed Action: GetSchemeListAsDataSource on Controller: Allotment For User : skumar.
2021-07-29 12:36:47,449 => INFO  NA.PMS.Common.Logger.LogService.LogInformation():24 - Executing Action: GetSchemeListAsDataSource on Controller: Allotment For User : skumar.
2021-07-29 12:36:47,524 => INFO  NA.PMS.Common.Logger.LogService.LogInformation():24 - Executed Action: GetSchemeListAsDataSource on Controller: Allotment For User : skumar.
2021-07-29 12:36:48,624 => INFO  NA.PMS.Common.Logger.LogService.LogInformation():24 - Executing Action: GetDepartmentListBySchemeId on Controller: Allotment For User : skumar.
2021-07-29 12:36:48,714 => INFO  NA.PMS.Common.Logger.LogService.LogInformation():24 - Executed Action: GetDepartmentListBySchemeId on Controller: Allotment For User : skumar.
2021-07-29 12:36:48,887 => INFO  NA.PMS.Common.Logger.LogService.LogInformation():24 - Executing Action: GetDepartmentListBySchemeId on Controller: Allotment For User : skumar.
2021-07-29 12:36:48,965 => INFO  NA.PMS.Common.Logger.LogService.LogInformation():24 - Executed Action: GetDepartmentListBySchemeId on Controller: Allotment For User : skumar.
2021-07-29 12:36:49,140 => INFO  NA.PMS.Common.Logger.LogService.LogInformation():24 - Executing Action: GetAllottedPropertyFormListById on Controller: Allotment For User : skumar.
2021-07-29 12:36:49,292 => INFO  NA.PMS.Common.Logger.LogService.LogInformation():24 - Executed Action: GetAllottedPropertyFormListById on Controller: Allotment For User : skumar.
2021-07-29 12:36:51,049 => INFO  NA.PMS.Common.Logger.LogService.LogInformation():24 - Executing Action: GetApplicationFormListAsDataSource on Controller: Allotment For User : skumar.
2021-07-29 12:36:51,169 => INFO  NA.PMS.Common.Logger.LogService.LogInformation():24 - Executed Action: GetApplicationFormListAsDataSource on Controller: Allotment For User : skumar.
2021-07-29 12:36:51,352 => INFO  NA.PMS.Common.Logger.LogService.LogInformation():24 - Executing Action: GetApplicationFormListAsDataSource on Controller: Allotment For User : skumar.
2021-07-29 12:36:51,465 => INFO  NA.PMS.Common.Logger.LogService.LogInformation():24 - Executed Action: GetApplicationFormListAsDataSource on Controller: Allotment For User : skumar.
2021-07-29 12:36:52,062 => INFO  NA.PMS.Common.Logger.LogService.LogInformation():24 - Executing Action: GetAllottedPropertyFormListById on Controller: Allotment For User : skumar.
2021-07-29 12:36:52,211 => INFO  NA.PMS.Common.Logger.LogService.LogInformation():24 - Executed Action: GetAllottedPropertyFormListById on Controller: Allotment For User : skumar.
2021-07-29 12:36:52,590 => INFO  NA.PMS.Common.Logger.LogService.LogInformation():24 - Executing Action: GetPropertyIdListByScheme on Controller: Allotment For User : skumar.
2021-07-29 12:39:03,380 => INFO  NA.PMS.Common.Logger.LogService.LogInformation():24 - Executed Action: GetPropertyIdListByScheme on Controller: Allotment For User : skumar.
2021-07-29 12:39:03,455 => ERROR NA.PMS.Common.Logger.LogService.LogError():97 - Controller Exception
System.Data.Entity.Core.EntityCommandExecutionException: An error occurred while executing the command definition. See the inner exception for details. ---> System.Data.SqlClient.SqlException: Execution Timeout Expired.  The timeout period elapsed prior to completion of the operation or the server is not responding. ---> System.ComponentModel.Win32Exception: The wait operation timed out
   --- End of inner exception stack trace ---
   at System.Data.SqlClient.SqlConnection.OnError(SqlException exception, Boolean breakConnection, Action`1 wrapCloseInAction)
   at System.Data.SqlClient.SqlInternalConnection.OnError(SqlException exception, Boolean breakConnection, Action`1 wrapCloseInAction)
   at System.Data.SqlClient.TdsParser.ThrowExceptionAndWarning(TdsParserStateObject stateObj, Boolean callerHasConnectionLock, Boolean asyncClose)
   at System.Data.SqlClient.TdsParser.TryRun(RunBehavior runBehavior, SqlCommand cmdHandler, SqlDataReader dataStream, BulkCopySimpleResultSet bulkCopyHandler, TdsParserStateObject stateObj, Boolean& dataReady)
   at System.Data.SqlClient.SqlDataReader.TryConsumeMetaData()
   at System.Data.SqlClient.SqlDataReader.get_MetaData()
   at System.Data.SqlClient.SqlCommand.FinishExecuteReader(SqlDataReader ds, RunBehavior runBehavior, String resetOptionsString, Boolean isInternal, Boolean forDescribeParameterEncryption, Boolean shouldCacheForAlwaysEncrypted)
   at System.Data.SqlClient.SqlCommand.RunExecuteReaderTds(CommandBehavior cmdBehavior, RunBehavior runBehavior, Boolean returnStream, Boolean async, Int32 timeout, Task& task, Boolean asyncWrite, Boolean inRetry, SqlDataReader ds, Boolean describeParameterEncryptionRequest)
   at System.Data.SqlClient.SqlCommand.RunExecuteReader(CommandBehavior cmdBehavior, RunBehavior runBehavior, Boolean returnStream, String method, TaskCompletionSource`1 completion, Int32 timeout, Task& task, Boolean& usedCache, Boolean asyncWrite, Boolean inRetry)
   at System.Data.SqlClient.SqlCommand.RunExecuteReader(CommandBehavior cmdBehavior, RunBehavior runBehavior, Boolean returnStream, String method)
   at System.Data.SqlClient.SqlCommand.ExecuteReader(CommandBehavior behavior, String method)
   at System.Data.SqlClient.SqlCommand.ExecuteDbDataReader(CommandBehavior behavior)
   at System.Data.Common.DbCommand.ExecuteReader(CommandBehavior behavior)
   at System.Data.Entity.Infrastructure.Interception.DbCommandDispatcher.<Reader>b__c(DbCommand t, DbCommandInterceptionContext`1 c)
   at System.Data.Entity.Infrastructure.Interception.InternalDispatcher`1.Dispatch[TTarget,TInterceptionContext,TResult](TTarget target, Func`3 operation, TInterceptionContext interceptionContext, Action`3 executing, Action`3 executed)
   at System.Data.Entity.Infrastructure.Interception.DbCommandDispatcher.Reader(DbCommand command, DbCommandInterceptionContext interceptionContext)
   at System.Data.Entity.Internal.InterceptableDbCommand.ExecuteDbDataReader(CommandBehavior behavior)
   at System.Data.Common.DbCommand.ExecuteReader(CommandBehavior behavior)
   at System.Data.Entity.Core.EntityClient.Internal.EntityCommandDefinition.ExecuteStoreCommands(EntityCommand entityCommand, CommandBehavior behavior)
   --- End of inner exception stack trace ---
   at System.Data.Entity.Core.EntityClient.Internal.EntityCommandDefinition.ExecuteStoreCommands(EntityCommand entityCommand, CommandBehavior behavior)
   at System.Data.Entity.Core.Objects.Internal.ObjectQueryExecutionPlan.Execute[TResultType](ObjectContext context, ObjectParameterCollection parameterValues)
   at System.Data.Entity.Core.Objects.ObjectQuery`1.<>c__DisplayClass7.<GetResults>b__6()
   at System.Data.Entity.Core.Objects.ObjectContext.ExecuteInTransaction[T](Func`1 func, IDbExecutionStrategy executionStrategy, Boolean startLocalTransaction, Boolean releaseConnectionOnSuccess)
   at System.Data.Entity.Core.Objects.ObjectQuery`1.<>c__DisplayClass7.<GetResults>b__5()
   at System.Data.Entity.SqlServer.DefaultSqlExecutionStrategy.Execute[TResult](Func`1 operation)
   at System.Data.Entity.Core.Objects.ObjectQuery`1.GetResults(Nullable`1 forMergeOption)
   at System.Data.Entity.Core.Objects.ObjectQuery`1.<System.Collections.Generic.IEnumerable<T>.GetEnumerator>b__0()
   at System.Data.Entity.Internal.LazyEnumerator`1.MoveNext()
   at System.Linq.Enumerable.Single[TSource](IEnumerable`1 source)
   at System.Data.Entity.Core.Objects.ELinq.ObjectQueryProvider.<GetElementFunction>b__3[TResult](IEnumerable`1 sequence)
   at System.Data.Entity.Core.Objects.ELinq.ObjectQueryProvider.ExecuteSingle[TResult](IEnumerable`1 query, Expression queryRoot)
   at System.Data.Entity.Core.Objects.ELinq.ObjectQueryProvider.System.Linq.IQueryProvider.Execute[TResult](Expression expression)
   at System.Data.Entity.Internal.Linq.DbQueryProvider.Execute[TResult](Expression expression)
   at Kendo.Mvc.Extensions.QueryableExtensions.Count(IQueryable source)
   at Kendo.Mvc.Extensions.QueryableExtensions.CreateDataSourceResult[TModel,TResult](IQueryable queryable, DataSourceRequest request, ModelStateDictionary modelState, Func`2 selector)
   at Kendo.Mvc.Extensions.QueryableExtensions.ToDataSourceResult(IQueryable queryable, DataSourceRequest request, ModelStateDictionary modelState)
   at Kendo.Mvc.Extensions.QueryableExtensions.ToDataSourceResult(IQueryable enumerable, DataSourceRequest request)
   at NA.PMS.Repository.GeneralRepository.GetPropertyListForAllotment(DataSourceRequest request, Nullable`1 schemeId, Nullable`1 departmentId) in d:\TFSProject\NoidaAuthority\Source\NA.PMS\NA.PMS.Repository\General\GeneralRepository.cs:line 3025
   at NA.PMS.Service.GeneralService.GetPropertyListForAllotment(DataSourceRequest request, Nullable`1 schemeId, Nullable`1 departmentId) in d:\TFSProject\NoidaAuthority\Source\NA.PMS\NA.PMS.Service\General\GeneralService.cs:line 798
   at NA.PMS.Web.Areas.Property.Controllers.AllotmentController.GetPropertyIdListByScheme(DataSourceRequest request, Nullable`1 schemeId, Nullable`1 departmentId) in d:\TFSProject\NoidaAuthority\Source\NA.PMS\NA.PMS.Web\Areas\Property\Controllers\AllotmentController.cs:line 2291
   at lambda_method(Closure , ControllerBase , Object[] )
   at System.Web.Mvc.ActionMethodDispatcher.Execute(ControllerBase controller, Object[] parameters)
   at System.Web.Mvc.ReflectedActionDescriptor.Execute(ControllerContext controllerContext, IDictionary`2 parameters)
   at System.Web.Mvc.ControllerActionInvoker.InvokeActionMethod(ControllerContext controllerContext, ActionDescriptor actionDescriptor, IDictionary`2 parameters)
   at System.Web.Mvc.Async.AsyncControllerActionInvoker.ActionInvocation.InvokeSynchronousActionMethod()
   at System.Web.Mvc.Async.AsyncControllerActionInvoker.<BeginInvokeSynchronousActionMethod>b__39(IAsyncResult asyncResult, ActionInvocation innerInvokeState)
   at System.Web.Mvc.Async.AsyncResultWrapper.WrappedAsyncResult`2.CallEndDelegate(IAsyncResult asyncResult)
   at System.Web.Mvc.Async.AsyncResultWrapper.WrappedAsyncResultBase`1.End()
   at System.Web.Mvc.Async.AsyncResultWrapper.End[TResult](IAsyncResult asyncResult, Object tag)
   at System.Web.Mvc.Async.AsyncControllerActionInvoker.EndInvokeActionMethod(IAsyncResult asyncResult)
   at System.Web.Mvc.Async.AsyncControllerActionInvoker.AsyncInvocationWithFilters.<InvokeActionMethodFilterAsynchronouslyRecursive>b__3d()
   at System.Web.Mvc.Async.AsyncControllerActionInvoker.AsyncInvocationWithFilters.<>c__DisplayClass46.<InvokeActionMethodFilterAsynchronouslyRecursive>b__3f()
   at System.Web.Mvc.Async.AsyncControllerActionInvoker.AsyncInvocationWithFilters.<>c__DisplayClass46.<InvokeActionMethodFilterAsynchronouslyRecursive>b__3f()
   at System.Web.Mvc.Async.AsyncControllerActionInvoker.<>c__DisplayClass33.<BeginInvokeActionMethodWithFilters>b__32(IAsyncResult asyncResult)
   at System.Web.Mvc.Async.AsyncResultWrapper.WrappedAsyncResult`1.CallEndDelegate(IAsyncResult asyncResult)
   at System.Web.Mvc.Async.AsyncResultWrapper.WrappedAsyncResultBase`1.End()
   at System.Web.Mvc.Async.AsyncResultWrapper.End[TResult](IAsyncResult asyncResult, Object tag)
   at System.Web.Mvc.Async.AsyncControllerActionInvoker.EndInvokeActionMethodWithFilters(IAsyncResult asyncResult)
   at System.Web.Mvc.Async.AsyncControllerActionInvoker.<>c__DisplayClass21.<>c__DisplayClass2b.<BeginInvokeAction>b__1c()
   at System.Web.Mvc.Async.AsyncControllerActionInvoker.<>c__DisplayClass21.<BeginInvokeAction>b__1e(IAsyncResult asyncResult)
2021-07-29 12:39:03,496 => ERROR NA.PMS.Common.Logger.LogService.LogError():97 - Global Exception
System.Data.Entity.Core.EntityCommandExecutionException: An error occurred while executing the command definition. See the inner exception for details. ---> System.Data.SqlClient.SqlException: Execution Timeout Expired.  The timeout period elapsed prior to completion of the operation or the server is not responding. ---> System.ComponentModel.Win32Exception: The wait operation timed out
   --- End of inner exception stack trace ---
   at System.Data.SqlClient.SqlConnection.OnError(SqlException exception, Boolean breakConnection, Action`1 wrapCloseInAction)
   at System.Data.SqlClient.SqlInternalConnection.OnError(SqlException exception, Boolean breakConnection, Action`1 wrapCloseInAction)
   at System.Data.SqlClient.TdsParser.ThrowExceptionAndWarning(TdsParserStateObject stateObj, Boolean callerHasConnectionLock, Boolean asyncClose)
   at System.Data.SqlClient.TdsParser.TryRun(RunBehavior runBehavior, SqlCommand cmdHandler, SqlDataReader dataStream, BulkCopySimpleResultSet bulkCopyHandler, TdsParserStateObject stateObj, Boolean& dataReady)
   at System.Data.SqlClient.SqlDataReader.TryConsumeMetaData()
   at System.Data.SqlClient.SqlDataReader.get_MetaData()
   at System.Data.SqlClient.SqlCommand.FinishExecuteReader(SqlDataReader ds, RunBehavior runBehavior, String resetOptionsString, Boolean isInternal, Boolean forDescribeParameterEncryption, Boolean shouldCacheForAlwaysEncrypted)
   at System.Data.SqlClient.SqlCommand.RunExecuteReaderTds(CommandBehavior cmdBehavior, RunBehavior runBehavior, Boolean returnStream, Boolean async, Int32 timeout, Task& task, Boolean asyncWrite, Boolean inRetry, SqlDataReader ds, Boolean describeParameterEncryptionRequest)
   at System.Data.SqlClient.SqlCommand.RunExecuteReader(CommandBehavior cmdBehavior, RunBehavior runBehavior, Boolean returnStream, String method, TaskCompletionSource`1 completion, Int32 timeout, Task& task, Boolean& usedCache, Boolean asyncWrite, Boolean inRetry)
   at System.Data.SqlClient.SqlCommand.RunExecuteReader(CommandBehavior cmdBehavior, RunBehavior runBehavior, Boolean returnStream, String method)
   at System.Data.SqlClient.SqlCommand.ExecuteReader(CommandBehavior behavior, String method)
   at System.Data.SqlClient.SqlCommand.ExecuteDbDataReader(CommandBehavior behavior)
   at System.Data.Common.DbCommand.ExecuteReader(CommandBehavior behavior)
   at System.Data.Entity.Infrastructure.Interception.DbCommandDispatcher.<Reader>b__c(DbCommand t, DbCommandInterceptionContext`1 c)
   at System.Data.Entity.Infrastructure.Interception.InternalDispatcher`1.Dispatch[TTarget,TInterceptionContext,TResult](TTarget target, Func`3 operation, TInterceptionContext interceptionContext, Action`3 executing, Action`3 executed)
   at System.Data.Entity.Infrastructure.Interception.DbCommandDispatcher.Reader(DbCommand command, DbCommandInterceptionContext interceptionContext)
   at System.Data.Entity.Internal.InterceptableDbCommand.ExecuteDbDataReader(CommandBehavior behavior)
   at System.Data.Common.DbCommand.ExecuteReader(CommandBehavior behavior)
   at System.Data.Entity.Core.EntityClient.Internal.EntityCommandDefinition.ExecuteStoreCommands(EntityCommand entityCommand, CommandBehavior behavior)
   --- End of inner exception stack trace ---
   at System.Data.Entity.Core.EntityClient.Internal.EntityCommandDefinition.ExecuteStoreCommands(EntityCommand entityCommand, CommandBehavior behavior)
   at System.Data.Entity.Core.Objects.Internal.ObjectQueryExecutionPlan.Execute[TResultType](ObjectContext context, ObjectParameterCollection parameterValues)
   at System.Data.Entity.Core.Objects.ObjectQuery`1.<>c__DisplayClass7.<GetResults>b__6()
   at System.Data.Entity.Core.Objects.ObjectContext.ExecuteInTransaction[T](Func`1 func, IDbExecutionStrategy executionStrategy, Boolean startLocalTransaction, Boolean releaseConnectionOnSuccess)
   at System.Data.Entity.Core.Objects.ObjectQuery`1.<>c__DisplayClass7.<GetResults>b__5()
   at System.Data.Entity.SqlServer.DefaultSqlExecutionStrategy.Execute[TResult](Func`1 operation)
   at System.Data.Entity.Core.Objects.ObjectQuery`1.GetResults(Nullable`1 forMergeOption)
   at System.Data.Entity.Core.Objects.ObjectQuery`1.<System.Collections.Generic.IEnumerable<T>.GetEnumerator>b__0()
   at System.Data.Entity.Internal.LazyEnumerator`1.MoveNext()
   at System.Linq.Enumerable.Single[TSource](IEnumerable`1 source)
   at System.Data.Entity.Core.Objects.ELinq.ObjectQueryProvider.<GetElementFunction>b__3[TResult](IEnumerable`1 sequence)
   at System.Data.Entity.Core.Objects.ELinq.ObjectQueryProvider.ExecuteSingle[TResult](IEnumerable`1 query, Expression queryRoot)
   at System.Data.Entity.Core.Objects.ELinq.ObjectQueryProvider.System.Linq.IQueryProvider.Execute[TResult](Expression expression)
   at System.Data.Entity.Internal.Linq.DbQueryProvider.Execute[TResult](Expression expression)
   at Kendo.Mvc.Extensions.QueryableExtensions.Count(IQueryable source)
   at Kendo.Mvc.Extensions.QueryableExtensions.CreateDataSourceResult[TModel,TResult](IQueryable queryable, DataSourceRequest request, ModelStateDictionary modelState, Func`2 selector)
   at Kendo.Mvc.Extensions.QueryableExtensions.ToDataSourceResult(IQueryable queryable, DataSourceRequest request, ModelStateDictionary modelState)
   at Kendo.Mvc.Extensions.QueryableExtensions.ToDataSourceResult(IQueryable enumerable, DataSourceRequest request)
   at NA.PMS.Repository.GeneralRepository.GetPropertyListForAllotment(DataSourceRequest request, Nullable`1 schemeId, Nullable`1 departmentId) in d:\TFSProject\NoidaAuthority\Source\NA.PMS\NA.PMS.Repository\General\GeneralRepository.cs:line 3025
   at NA.PMS.Service.GeneralService.GetPropertyListForAllotment(DataSourceRequest request, Nullable`1 schemeId, Nullable`1 departmentId) in d:\TFSProject\NoidaAuthority\Source\NA.PMS\NA.PMS.Service\General\GeneralService.cs:line 798
   at NA.PMS.Web.Areas.Property.Controllers.AllotmentController.GetPropertyIdListByScheme(DataSourceRequest request, Nullable`1 schemeId, Nullable`1 departmentId) in d:\TFSProject\NoidaAuthority\Source\NA.PMS\NA.PMS.Web\Areas\Property\Controllers\AllotmentController.cs:line 2291
   at lambda_method(Closure , ControllerBase , Object[] )
   at System.Web.Mvc.ActionMethodDispatcher.Execute(ControllerBase controller, Object[] parameters)
   at System.Web.Mvc.ReflectedActionDescriptor.Execute(ControllerContext controllerContext, IDictionary`2 parameters)
   at System.Web.Mvc.ControllerActionInvoker.InvokeActionMethod(ControllerContext controllerContext, ActionDescriptor actionDescriptor, IDictionary`2 parameters)
   at System.Web.Mvc.Async.AsyncControllerActionInvoker.ActionInvocation.InvokeSynchronousActionMethod()
   at System.Web.Mvc.Async.AsyncControllerActionInvoker.<BeginInvokeSynchronousActionMethod>b__39(IAsyncResult asyncResult, ActionInvocation innerInvokeState)
   at System.Web.Mvc.Async.AsyncResultWrapper.WrappedAsyncResult`2.CallEndDelegate(IAsyncResult asyncResult)
   at System.Web.Mvc.Async.AsyncResultWrapper.WrappedAsyncResultBase`1.End()
   at System.Web.Mvc.Async.AsyncResultWrapper.End[TResult](IAsyncResult asyncResult, Object tag)
   at System.Web.Mvc.Async.AsyncControllerActionInvoker.EndInvokeActionMethod(IAsyncResult asyncResult)
   at System.Web.Mvc.Async.AsyncControllerActionInvoker.AsyncInvocationWithFilters.<InvokeActionMethodFilterAsynchronouslyRecursive>b__3d()
   at System.Web.Mvc.Async.AsyncControllerActionInvoker.AsyncInvocationWithFilters.<>c__DisplayClass46.<InvokeActionMethodFilterAsynchronouslyRecursive>b__3f()
   at System.Web.Mvc.Async.AsyncControllerActionInvoker.AsyncInvocationWithFilters.<>c__DisplayClass46.<InvokeActionMethodFilterAsynchronouslyRecursive>b__3f()
   at System.Web.Mvc.Async.AsyncControllerActionInvoker.<>c__DisplayClass33.<BeginInvokeActionMethodWithFilters>b__32(IAsyncResult asyncResult)
   at System.Web.Mvc.Async.AsyncResultWrapper.WrappedAsyncResult`1.CallEndDelegate(IAsyncResult asyncResult)
   at System.Web.Mvc.Async.AsyncResultWrapper.WrappedAsyncResultBase`1.End()
   at System.Web.Mvc.Async.AsyncResultWrapper.End[TResult](IAsyncResult asyncResult, Object tag)
   at System.Web.Mvc.Async.AsyncControllerActionInvoker.EndInvokeActionMethodWithFilters(IAsyncResult asyncResult)
   at System.Web.Mvc.Async.AsyncControllerActionInvoker.<>c__DisplayClass21.<>c__DisplayClass2b.<BeginInvokeAction>b__1c()
   at System.Web.Mvc.Async.AsyncControllerActionInvoker.<>c__DisplayClass21.<BeginInvokeAction>b__1e(IAsyncResult asyncResult)
   at System.Web.Mvc.Async.AsyncResultWrapper.WrappedAsyncResult`1.CallEndDelegate(IAsyncResult asyncResult)
   at System.Web.Mvc.Async.AsyncResultWrapper.WrappedAsyncResultBase`1.End()
   at System.Web.Mvc.Async.AsyncResultWrapper.End[TResult](IAsyncResult asyncResult, Object tag)
   at System.Web.Mvc.Async.AsyncControllerActionInvoker.EndInvokeAction(IAsyncResult asyncResult)
   at System.Web.Mvc.Controller.<BeginExecuteCore>b__1d(IAsyncResult asyncResult, ExecuteCoreState innerState)
   at System.Web.Mvc.Async.AsyncResultWrapper.WrappedAsyncVoid`1.CallEndDelegate(IAsyncResult asyncResult)
   at System.Web.Mvc.Async.AsyncResultWrapper.WrappedAsyncResultBase`1.End()
   at System.Web.Mvc.Async.AsyncResultWrapper.End[TResult](IAsyncResult asyncResult, Object tag)
   at System.Web.Mvc.Async.AsyncResultWrapper.End(IAsyncResult asyncResult, Object tag)
   at System.Web.Mvc.Controller.EndExecuteCore(IAsyncResult asyncResult)
   at System.Web.Mvc.Controller.<BeginExecute>b__15(IAsyncResult asyncResult, Controller controller)
   at System.Web.Mvc.Async.AsyncResultWrapper.WrappedAsyncVoid`1.CallEndDelegate(IAsyncResult asyncResult)
   at System.Web.Mvc.Async.AsyncResultWrapper.WrappedAsyncResultBase`1.End()
   at System.Web.Mvc.Async.AsyncResultWrapper.End[TResult](IAsyncResult asyncResult, Object tag)
   at System.Web.Mvc.Async.AsyncResultWrapper.End(IAsyncResult asyncResult, Object tag)
   at System.Web.Mvc.Controller.EndExecute(IAsyncResult asyncResult)
   at System.Web.Mvc.Controller.System.Web.Mvc.Async.IAsyncController.EndExecute(IAsyncResult asyncResult)
   at System.Web.Mvc.MvcHandler.<BeginProcessRequest>b__5(IAsyncResult asyncResult, ProcessRequestState innerState)
   at System.Web.Mvc.Async.AsyncResultWrapper.WrappedAsyncVoid`1.CallEndDelegate(IAsyncResult asyncResult)
   at System.Web.Mvc.Async.AsyncResultWrapper.WrappedAsyncResultBase`1.End()
   at System.Web.Mvc.Async.AsyncResultWrapper.End[TResult](IAsyncResult asyncResult, Object tag)
   at System.Web.Mvc.Async.AsyncResultWrapper.End(IAsyncResult asyncResult, Object tag)
   at System.Web.Mvc.MvcHandler.EndProcessRequest(IAsyncResult asyncResult)
   at System.Web.Mvc.MvcHandler.System.Web.IHttpAsyncHandler.EndProcessRequest(IAsyncResult result)
   at System.Web.HttpApplication.CallHandlerExecutionStep.System.Web.HttpApplication.IExecutionStep.Execute()
   at System.Web.HttpApplication.ExecuteStepImpl(IExecutionStep step)
   at System.Web.HttpApplication.ExecuteStep(IExecutionStep step, Boolean& completedSynchronously)
2021-07-29 12:39:03,805 => INFO  NA.PMS.Common.Logger.LogService.LogInformation():24 - Executing Action: ValidatePropertyAndApplicationForm on Controller: Allotment For User : skumar.
2021-07-29 12:39:04,029 => INFO  NA.PMS.Common.Logger.LogService.LogInformation():24 - Executed Action: ValidatePropertyAndApplicationForm on Controller: Allotment For User : skumar.
2021-07-29 12:39:04,220 => INFO  NA.PMS.Common.Logger.LogService.LogInformation():24 - Executing Action: GetPropertyIdListByScheme on Controller: Allotment For User : skumar.
2021-07-29 12:39:42,491 => INFO  NA.PMS.Common.Logger.LogService.LogInformation():24 - Executed Action: GetPropertyIdListByScheme on Controller: Allotment For User : skumar.
2021-07-29 12:39:42,567 => ERROR NA.PMS.Common.Logger.LogService.LogError():97 - Controller Exception
System.Data.Entity.Core.EntityCommandExecutionException: An error occurred while executing the command definition. See the inner exception for details. ---> System.Data.SqlClient.SqlException: Execution Timeout Expired.  The timeout period elapsed prior to completion of the operation or the server is not responding. ---> System.ComponentModel.Win32Exception: The wait operation timed out
   --- End of inner exception stack trace ---
   at System.Data.SqlClient.SqlConnection.OnError(SqlException exception, Boolean breakConnection, Action`1 wrapCloseInAction)
   at System.Data.SqlClient.SqlInternalConnection.OnError(SqlException exception, Boolean breakConnection, Action`1 wrapCloseInAction)
   at System.Data.SqlClient.TdsParser.ThrowExceptionAndWarning(TdsParserStateObject stateObj, Boolean callerHasConnectionLock, Boolean asyncClose)
   at System.Data.SqlClient.TdsParser.TryRun(RunBehavior runBehavior, SqlCommand cmdHandler, SqlDataReader dataStream, BulkCopySimpleResultSet bulkCopyHandler, TdsParserStateObject stateObj, Boolean& dataReady)
   at System.Data.SqlClient.SqlDataReader.TryConsumeMetaData()
   at System.Data.SqlClient.SqlDataReader.get_MetaData()
   at System.Data.SqlClient.SqlCommand.FinishExecuteReader(SqlDataReader ds, RunBehavior runBehavior, String resetOptionsString, Boolean isInternal, Boolean forDescribeParameterEncryption, Boolean shouldCacheForAlwaysEncrypted)
   at System.Data.SqlClient.SqlCommand.RunExecuteReaderTds(CommandBehavior cmdBehavior, RunBehavior runBehavior, Boolean returnStream, Boolean async, Int32 timeout, Task& task, Boolean asyncWrite, Boolean inRetry, SqlDataReader ds, Boolean describeParameterEncryptionRequest)
   at System.Data.SqlClient.SqlCommand.RunExecuteReader(CommandBehavior cmdBehavior, RunBehavior runBehavior, Boolean returnStream, String method, TaskCompletionSource`1 completion, Int32 timeout, Task& task, Boolean& usedCache, Boolean asyncWrite, Boolean inRetry)
   at System.Data.SqlClient.SqlCommand.RunExecuteReader(CommandBehavior cmdBehavior, RunBehavior runBehavior, Boolean returnStream, String method)
   at System.Data.SqlClient.SqlCommand.ExecuteReader(CommandBehavior behavior, String method)
   at System.Data.SqlClient.SqlCommand.ExecuteDbDataReader(CommandBehavior behavior)
   at System.Data.Common.DbCommand.ExecuteReader(CommandBehavior behavior)
   at System.Data.Entity.Infrastructure.Interception.DbCommandDispatcher.<Reader>b__c(DbCommand t, DbCommandInterceptionContext`1 c)
   at System.Data.Entity.Infrastructure.Interception.InternalDispatcher`1.Dispatch[TTarget,TInterceptionContext,TResult](TTarget target, Func`3 operation, TInterceptionContext interceptionContext, Action`3 executing, Action`3 executed)
   at System.Data.Entity.Infrastructure.Interception.DbCommandDispatcher.Reader(DbCommand command, DbCommandInterceptionContext interceptionContext)
   at System.Data.Entity.Internal.InterceptableDbCommand.ExecuteDbDataReader(CommandBehavior behavior)
   at System.Data.Common.DbCommand.ExecuteReader(CommandBehavior behavior)
   at System.Data.Entity.Core.EntityClient.Internal.EntityCommandDefinition.ExecuteStoreCommands(EntityCommand entityCommand, CommandBehavior behavior)
   --- End of inner exception stack trace ---
   at System.Data.Entity.Core.EntityClient.Internal.EntityCommandDefinition.ExecuteStoreCommands(EntityCommand entityCommand, CommandBehavior behavior)
   at System.Data.Entity.Core.Objects.Internal.ObjectQueryExecutionPlan.Execute[TResultType](ObjectContext context, ObjectParameterCollection parameterValues)
   at System.Data.Entity.Core.Objects.ObjectQuery`1.<>c__DisplayClass7.<GetResults>b__6()
   at System.Data.Entity.Core.Objects.ObjectContext.ExecuteInTransaction[T](Func`1 func, IDbExecutionStrategy executionStrategy, Boolean startLocalTransaction, Boolean releaseConnectionOnSuccess)
   at System.Data.Entity.Core.Objects.ObjectQuery`1.<>c__DisplayClass7.<GetResults>b__5()
   at System.Data.Entity.SqlServer.DefaultSqlExecutionStrategy.Execute[TResult](Func`1 operation)
   at System.Data.Entity.Core.Objects.ObjectQuery`1.GetResults(Nullable`1 forMergeOption)
   at System.Data.Entity.Core.Objects.ObjectQuery`1.<System.Collections.Generic.IEnumerable<T>.GetEnumerator>b__0()
   at System.Data.Entity.Internal.LazyEnumerator`1.MoveNext()
   at System.Linq.Enumerable.Single[TSource](IEnumerable`1 source)
   at System.Data.Entity.Core.Objects.ELinq.ObjectQueryProvider.<GetElementFunction>b__3[TResult](IEnumerable`1 sequence)
   at System.Data.Entity.Core.Objects.ELinq.ObjectQueryProvider.ExecuteSingle[TResult](IEnumerable`1 query, Expression queryRoot)
   at System.Data.Entity.Core.Objects.ELinq.ObjectQueryProvider.System.Linq.IQueryProvider.Execute[TResult](Expression expression)
   at System.Data.Entity.Internal.Linq.DbQueryProvider.Execute[TResult](Expression expression)
   at Kendo.Mvc.Extensions.QueryableExtensions.Count(IQueryable source)
   at Kendo.Mvc.Extensions.QueryableExtensions.CreateDataSourceResult[TModel,TResult](IQueryable queryable, DataSourceRequest request, ModelStateDictionary modelState, Func`2 selector)
   at Kendo.Mvc.Extensions.QueryableExtensions.ToDataSourceResult(IQueryable queryable, DataSourceRequest request, ModelStateDictionary modelState)
   at Kendo.Mvc.Extensions.QueryableExtensions.ToDataSourceResult(IQueryable enumerable, DataSourceRequest request)
   at NA.PMS.Repository.GeneralRepository.GetPropertyListForAllotment(DataSourceRequest request, Nullable`1 schemeId, Nullable`1 departmentId) in d:\TFSProject\NoidaAuthority\Source\NA.PMS\NA.PMS.Repository\General\GeneralRepository.cs:line 3025
   at NA.PMS.Service.GeneralService.GetPropertyListForAllotment(DataSourceRequest request, Nullable`1 schemeId, Nullable`1 departmentId) in d:\TFSProject\NoidaAuthority\Source\NA.PMS\NA.PMS.Service\General\GeneralService.cs:line 798
   at NA.PMS.Web.Areas.Property.Controllers.AllotmentController.GetPropertyIdListByScheme(DataSourceRequest request, Nullable`1 schemeId, Nullable`1 departmentId) in d:\TFSProject\NoidaAuthority\Source\NA.PMS\NA.PMS.Web\Areas\Property\Controllers\AllotmentController.cs:line 2291
   at lambda_method(Closure , ControllerBase , Object[] )
   at System.Web.Mvc.ActionMethodDispatcher.Execute(ControllerBase controller, Object[] parameters)
   at System.Web.Mvc.ReflectedActionDescriptor.Execute(ControllerContext controllerContext, IDictionary`2 parameters)
   at System.Web.Mvc.ControllerActionInvoker.InvokeActionMethod(ControllerContext controllerContext, ActionDescriptor actionDescriptor, IDictionary`2 parameters)
   at System.Web.Mvc.Async.AsyncControllerActionInvoker.ActionInvocation.InvokeSynchronousActionMethod()
   at System.Web.Mvc.Async.AsyncControllerActionInvoker.<BeginInvokeSynchronousActionMethod>b__39(IAsyncResult asyncResult, ActionInvocation innerInvokeState)
   at System.Web.Mvc.Async.AsyncResultWrapper.WrappedAsyncResult`2.CallEndDelegate(IAsyncResult asyncResult)
   at System.Web.Mvc.Async.AsyncResultWrapper.WrappedAsyncResultBase`1.End()
   at System.Web.Mvc.Async.AsyncResultWrapper.End[TResult](IAsyncResult asyncResult, Object tag)
   at System.Web.Mvc.Async.AsyncControllerActionInvoker.EndInvokeActionMethod(IAsyncResult asyncResult)
   at System.Web.Mvc.Async.AsyncControllerActionInvoker.AsyncInvocationWithFilters.<InvokeActionMethodFilterAsynchronouslyRecursive>b__3d()
   at System.Web.Mvc.Async.AsyncControllerActionInvoker.AsyncInvocationWithFilters.<>c__DisplayClass46.<InvokeActionMethodFilterAsynchronouslyRecursive>b__3f()
   at System.Web.Mvc.Async.AsyncControllerActionInvoker.AsyncInvocationWithFilters.<>c__DisplayClass46.<InvokeActionMethodFilterAsynchronouslyRecursive>b__3f()
   at System.Web.Mvc.Async.AsyncControllerActionInvoker.<>c__DisplayClass33.<BeginInvokeActionMethodWithFilters>b__32(IAsyncResult asyncResult)
   at System.Web.Mvc.Async.AsyncResultWrapper.WrappedAsyncResult`1.CallEndDelegate(IAsyncResult asyncResult)
   at System.Web.Mvc.Async.AsyncResultWrapper.WrappedAsyncResultBase`1.End()
   at System.Web.Mvc.Async.AsyncResultWrapper.End[TResult](IAsyncResult asyncResult, Object tag)
   at System.Web.Mvc.Async.AsyncControllerActionInvoker.EndInvokeActionMethodWithFilters(IAsyncResult asyncResult)
   at System.Web.Mvc.Async.AsyncControllerActionInvoker.<>c__DisplayClass21.<>c__DisplayClass2b.<BeginInvokeAction>b__1c()
   at System.Web.Mvc.Async.AsyncControllerActionInvoker.<>c__DisplayClass21.<BeginInvokeAction>b__1e(IAsyncResult asyncResult)
2021-07-29 12:39:42,601 => ERROR NA.PMS.Common.Logger.LogService.LogError():97 - Global Exception
System.Data.Entity.Core.EntityCommandExecutionException: An error occurred while executing the command definition. See the inner exception for details. ---> System.Data.SqlClient.SqlException: Execution Timeout Expired.  The timeout period elapsed prior to completion of the operation or the server is not responding. ---> System.ComponentModel.Win32Exception: The wait operation timed out
   --- End of inner exception stack trace ---
   at System.Data.SqlClient.SqlConnection.OnError(SqlException exception, Boolean breakConnection, Action`1 wrapCloseInAction)
   at System.Data.SqlClient.SqlInternalConnection.OnError(SqlException exception, Boolean breakConnection, Action`1 wrapCloseInAction)
   at System.Data.SqlClient.TdsParser.ThrowExceptionAndWarning(TdsParserStateObject stateObj, Boolean callerHasConnectionLock, Boolean asyncClose)
   at System.Data.SqlClient.TdsParser.TryRun(RunBehavior runBehavior, SqlCommand cmdHandler, SqlDataReader dataStream, BulkCopySimpleResultSet bulkCopyHandler, TdsParserStateObject stateObj, Boolean& dataReady)
   at System.Data.SqlClient.SqlDataReader.TryConsumeMetaData()
   at System.Data.SqlClient.SqlDataReader.get_MetaData()
   at System.Data.SqlClient.SqlCommand.FinishExecuteReader(SqlDataReader ds, RunBehavior runBehavior, String resetOptionsString, Boolean isInternal, Boolean forDescribeParameterEncryption, Boolean shouldCacheForAlwaysEncrypted)
   at System.Data.SqlClient.SqlCommand.RunExecuteReaderTds(CommandBehavior cmdBehavior, RunBehavior runBehavior, Boolean returnStream, Boolean async, Int32 timeout, Task& task, Boolean asyncWrite, Boolean inRetry, SqlDataReader ds, Boolean describeParameterEncryptionRequest)
   at System.Data.SqlClient.SqlCommand.RunExecuteReader(CommandBehavior cmdBehavior, RunBehavior runBehavior, Boolean returnStream, String method, TaskCompletionSource`1 completion, Int32 timeout, Task& task, Boolean& usedCache, Boolean asyncWrite, Boolean inRetry)
   at System.Data.SqlClient.SqlCommand.RunExecuteReader(CommandBehavior cmdBehavior, RunBehavior runBehavior, Boolean returnStream, String method)
   at System.Data.SqlClient.SqlCommand.ExecuteReader(CommandBehavior behavior, String method)
   at System.Data.SqlClient.SqlCommand.ExecuteDbDataReader(CommandBehavior behavior)
   at System.Data.Common.DbCommand.ExecuteReader(CommandBehavior behavior)
   at System.Data.Entity.Infrastructure.Interception.DbCommandDispatcher.<Reader>b__c(DbCommand t, DbCommandInterceptionContext`1 c)
   at System.Data.Entity.Infrastructure.Interception.InternalDispatcher`1.Dispatch[TTarget,TInterceptionContext,TResult](TTarget target, Func`3 operation, TInterceptionContext interceptionContext, Action`3 executing, Action`3 executed)
   at System.Data.Entity.Infrastructure.Interception.DbCommandDispatcher.Reader(DbCommand command, DbCommandInterceptionContext interceptionContext)
   at System.Data.Entity.Internal.InterceptableDbCommand.ExecuteDbDataReader(CommandBehavior behavior)
   at System.Data.Common.DbCommand.ExecuteReader(CommandBehavior behavior)
   at System.Data.Entity.Core.EntityClient.Internal.EntityCommandDefinition.ExecuteStoreCommands(EntityCommand entityCommand, CommandBehavior behavior)
   --- End of inner exception stack trace ---
   at System.Data.Entity.Core.EntityClient.Internal.EntityCommandDefinition.ExecuteStoreCommands(EntityCommand entityCommand, CommandBehavior behavior)
   at System.Data.Entity.Core.Objects.Internal.ObjectQueryExecutionPlan.Execute[TResultType](ObjectContext context, ObjectParameterCollection parameterValues)
   at System.Data.Entity.Core.Objects.ObjectQuery`1.<>c__DisplayClass7.<GetResults>b__6()
   at System.Data.Entity.Core.Objects.ObjectContext.ExecuteInTransaction[T](Func`1 func, IDbExecutionStrategy executionStrategy, Boolean startLocalTransaction, Boolean releaseConnectionOnSuccess)
   at System.Data.Entity.Core.Objects.ObjectQuery`1.<>c__DisplayClass7.<GetResults>b__5()
   at System.Data.Entity.SqlServer.DefaultSqlExecutionStrategy.Execute[TResult](Func`1 operation)
   at System.Data.Entity.Core.Objects.ObjectQuery`1.GetResults(Nullable`1 forMergeOption)
   at System.Data.Entity.Core.Objects.ObjectQuery`1.<System.Collections.Generic.IEnumerable<T>.GetEnumerator>b__0()
   at System.Data.Entity.Internal.LazyEnumerator`1.MoveNext()
   at System.Linq.Enumerable.Single[TSource](IEnumerable`1 source)
   at System.Data.Entity.Core.Objects.ELinq.ObjectQueryProvider.<GetElementFunction>b__3[TResult](IEnumerable`1 sequence)
   at System.Data.Entity.Core.Objects.ELinq.ObjectQueryProvider.ExecuteSingle[TResult](IEnumerable`1 query, Expression queryRoot)
   at System.Data.Entity.Core.Objects.ELinq.ObjectQueryProvider.System.Linq.IQueryProvider.Execute[TResult](Expression expression)
   at System.Data.Entity.Internal.Linq.DbQueryProvider.Execute[TResult](Expression expression)
   at Kendo.Mvc.Extensions.QueryableExtensions.Count(IQueryable source)
   at Kendo.Mvc.Extensions.QueryableExtensions.CreateDataSourceResult[TModel,TResult](IQueryable queryable, DataSourceRequest request, ModelStateDictionary modelState, Func`2 selector)
   at Kendo.Mvc.Extensions.QueryableExtensions.ToDataSourceResult(IQueryable queryable, DataSourceRequest request, ModelStateDictionary modelState)
   at Kendo.Mvc.Extensions.QueryableExtensions.ToDataSourceResult(IQueryable enumerable, DataSourceRequest request)
   at NA.PMS.Repository.GeneralRepository.GetPropertyListForAllotment(DataSourceRequest request, Nullable`1 schemeId, Nullable`1 departmentId) in d:\TFSProject\NoidaAuthority\Source\NA.PMS\NA.PMS.Repository\General\GeneralRepository.cs:line 3025
   at NA.PMS.Service.GeneralService.GetPropertyListForAllotment(DataSourceRequest request, Nullable`1 schemeId, Nullable`1 departmentId) in d:\TFSProject\NoidaAuthority\Source\NA.PMS\NA.PMS.Service\General\GeneralService.cs:line 798
   at NA.PMS.Web.Areas.Property.Controllers.AllotmentController.GetPropertyIdListByScheme(DataSourceRequest request, Nullable`1 schemeId, Nullable`1 departmentId) in d:\TFSProject\NoidaAuthority\Source\NA.PMS\NA.PMS.Web\Areas\Property\Controllers\AllotmentController.cs:line 2291
   at lambda_method(Closure , ControllerBase , Object[] )
   at System.Web.Mvc.ActionMethodDispatcher.Execute(ControllerBase controller, Object[] parameters)
   at System.Web.Mvc.ReflectedActionDescriptor.Execute(ControllerContext controllerContext, IDictionary`2 parameters)
   at System.Web.Mvc.ControllerActionInvoker.InvokeActionMethod(ControllerContext controllerContext, ActionDescriptor actionDescriptor, IDictionary`2 parameters)
   at System.Web.Mvc.Async.AsyncControllerActionInvoker.ActionInvocation.InvokeSynchronousActionMethod()
   at System.Web.Mvc.Async.AsyncControllerActionInvoker.<BeginInvokeSynchronousActionMethod>b__39(IAsyncResult asyncResult, ActionInvocation innerInvokeState)
   at System.Web.Mvc.Async.AsyncResultWrapper.WrappedAsyncResult`2.CallEndDelegate(IAsyncResult asyncResult)
   at System.Web.Mvc.Async.AsyncResultWrapper.WrappedAsyncResultBase`1.End()
   at System.Web.Mvc.Async.AsyncResultWrapper.End[TResult](IAsyncResult asyncResult, Object tag)
   at System.Web.Mvc.Async.AsyncControllerActionInvoker.EndInvokeActionMethod(IAsyncResult asyncResult)
   at System.Web.Mvc.Async.AsyncControllerActionInvoker.AsyncInvocationWithFilters.<InvokeActionMethodFilterAsynchronouslyRecursive>b__3d()
   at System.Web.Mvc.Async.AsyncControllerActionInvoker.AsyncInvocationWithFilters.<>c__DisplayClass46.<InvokeActionMethodFilterAsynchronouslyRecursive>b__3f()
   at System.Web.Mvc.Async.AsyncControllerActionInvoker.AsyncInvocationWithFilters.<>c__DisplayClass46.<InvokeActionMethodFilterAsynchronouslyRecursive>b__3f()
   at System.Web.Mvc.Async.AsyncControllerActionInvoker.<>c__DisplayClass33.<BeginInvokeActionMethodWithFilters>b__32(IAsyncResult asyncResult)
   at System.Web.Mvc.Async.AsyncResultWrapper.WrappedAsyncResult`1.CallEndDelegate(IAsyncResult asyncResult)
   at System.Web.Mvc.Async.AsyncResultWrapper.WrappedAsyncResultBase`1.End()
   at System.Web.Mvc.Async.AsyncResultWrapper.End[TResult](IAsyncResult asyncResult, Object tag)
   at System.Web.Mvc.Async.AsyncControllerActionInvoker.EndInvokeActionMethodWithFilters(IAsyncResult asyncResult)
   at System.Web.Mvc.Async.AsyncControllerActionInvoker.<>c__DisplayClass21.<>c__DisplayClass2b.<BeginInvokeAction>b__1c()
   at System.Web.Mvc.Async.AsyncControllerActionInvoker.<>c__DisplayClass21.<BeginInvokeAction>b__1e(IAsyncResult asyncResult)
   at System.Web.Mvc.Async.AsyncResultWrapper.WrappedAsyncResult`1.CallEndDelegate(IAsyncResult asyncResult)
   at System.Web.Mvc.Async.AsyncResultWrapper.WrappedAsyncResultBase`1.End()
   at System.Web.Mvc.Async.AsyncResultWrapper.End[TResult](IAsyncResult asyncResult, Object tag)
   at System.Web.Mvc.Async.AsyncControllerActionInvoker.EndInvokeAction(IAsyncResult asyncResult)
   at System.Web.Mvc.Controller.<BeginExecuteCore>b__1d(IAsyncResult asyncResult, ExecuteCoreState innerState)
   at System.Web.Mvc.Async.AsyncResultWrapper.WrappedAsyncVoid`1.CallEndDelegate(IAsyncResult asyncResult)
   at System.Web.Mvc.Async.AsyncResultWrapper.WrappedAsyncResultBase`1.End()
   at System.Web.Mvc.Async.AsyncResultWrapper.End[TResult](IAsyncResult asyncResult, Object tag)
   at System.Web.Mvc.Async.AsyncResultWrapper.End(IAsyncResult asyncResult, Object tag)
   at System.Web.Mvc.Controller.EndExecuteCore(IAsyncResult asyncResult)
   at System.Web.Mvc.Controller.<BeginExecute>b__15(IAsyncResult asyncResult, Controller controller)
   at System.Web.Mvc.Async.AsyncResultWrapper.WrappedAsyncVoid`1.CallEndDelegate(IAsyncResult asyncResult)
   at System.Web.Mvc.Async.AsyncResultWrapper.WrappedAsyncResultBase`1.End()
   at System.Web.Mvc.Async.AsyncResultWrapper.End[TResult](IAsyncResult asyncResult, Object tag)
   at System.Web.Mvc.Async.AsyncResultWrapper.End(IAsyncResult asyncResult, Object tag)
   at System.Web.Mvc.Controller.EndExecute(IAsyncResult asyncResult)
   at System.Web.Mvc.Controller.System.Web.Mvc.Async.IAsyncController.EndExecute(IAsyncResult asyncResult)
   at System.Web.Mvc.MvcHandler.<BeginProcessRequest>b__5(IAsyncResult asyncResult, ProcessRequestState innerState)
   at System.Web.Mvc.Async.AsyncResultWrapper.WrappedAsyncVoid`1.CallEndDelegate(IAsyncResult asyncResult)
   at System.Web.Mvc.Async.AsyncResultWrapper.WrappedAsyncResultBase`1.End()
   at System.Web.Mvc.Async.AsyncResultWrapper.End[TResult](IAsyncResult asyncResult, Object tag)
   at System.Web.Mvc.Async.AsyncResultWrapper.End(IAsyncResult asyncResult, Object tag)
   at System.Web.Mvc.MvcHandler.EndProcessRequest(IAsyncResult asyncResult)
   at System.Web.Mvc.MvcHandler.System.Web.IHttpAsyncHandler.EndProcessRequest(IAsyncResult result)
   at System.Web.HttpApplication.CallHandlerExecutionStep.System.Web.HttpApplication.IExecutionStep.Execute()
   at System.Web.HttpApplication.ExecuteStepImpl(IExecutionStep step)
   at System.Web.HttpApplication.ExecuteStep(IExecutionStep step, Boolean& completedSynchronously)
2021-07-29 12:39:43,144 => INFO  NA.PMS.Common.Logger.LogService.LogInformation():24 - Executing Action: GetApplicationFormAsDataSourceByApplicationId on Controller: Allotment For User : skumar.
2021-07-29 12:39:43,215 => INFO  NA.PMS.Common.Logger.LogService.LogInformation():24 - Executed Action: GetApplicationFormAsDataSourceByApplicationId on Controller: Allotment For User : skumar.
2021-07-29 12:39:43,679 => INFO  NA.PMS.Common.Logger.LogService.LogInformation():24 - Executing Action: GetApplicationFormListAsDataSource on Controller: Allotment For User : skumar.
2021-07-29 12:39:43,829 => INFO  NA.PMS.Common.Logger.LogService.LogInformation():24 - Executed Action: GetApplicationFormListAsDataSource on Controller: Allotment For User : skumar.
2021-07-29 12:39:44,019 => INFO  NA.PMS.Common.Logger.LogService.LogInformation():24 - Executing Action: GetApplicationFormListAsDataSource on Controller: Allotment For User : skumar.
2021-07-29 12:39:44,122 => INFO  NA.PMS.Common.Logger.LogService.LogInformation():24 - Executed Action: GetApplicationFormListAsDataSource on Controller: Allotment For User : skumar.
2021-07-29 12:42:04,806 => INFO  NA.PMS.Common.Logger.LogService.LogInformation():24 - Executing Action: Index on Controller: Allotment For User : skumar.
2021-07-29 12:42:04,818 => INFO  NA.PMS.Common.Logger.LogService.LogInformation():24 - Executed Action: Index on Controller: Allotment For User : skumar.
2021-07-29 12:42:06,125 => INFO  NA.PMS.Common.Logger.LogService.LogInformation():24 - Executing Action: GetSchemeListAsDataSource on Controller: Allotment For User : skumar.
2021-07-29 12:42:06,223 => INFO  NA.PMS.Common.Logger.LogService.LogInformation():24 - Executed Action: GetSchemeListAsDataSource on Controller: Allotment For User : skumar.
2021-07-29 12:42:06,715 => INFO  NA.PMS.Common.Logger.LogService.LogInformation():24 - Executing Action: GetApplicationFormAsDataSourceByApplicationId on Controller: Allotment For User : skumar.
2021-07-29 12:42:06,784 => INFO  NA.PMS.Common.Logger.LogService.LogInformation():24 - Executed Action: GetApplicationFormAsDataSourceByApplicationId on Controller: Allotment For User : skumar.
2021-07-29 12:42:07,251 => INFO  NA.PMS.Common.Logger.LogService.LogInformation():24 - Executing Action: GetPropertyDetailAsDataSourceByPropertyId on Controller: Allotment For User : skumar.
2021-07-29 12:42:07,321 => INFO  NA.PMS.Common.Logger.LogService.LogInformation():24 - Executed Action: GetPropertyDetailAsDataSourceByPropertyId on Controller: Allotment For User : skumar.
2021-07-29 12:42:07,773 => INFO  NA.PMS.Common.Logger.LogService.LogInformation():24 - Executing Action: GetApproverIdList on Controller: Allotment For User : skumar.
2021-07-29 12:42:07,872 => INFO  NA.PMS.Common.Logger.LogService.LogInformation():24 - Executed Action: GetApproverIdList on Controller: Allotment For User : skumar.
2021-07-29 12:42:08,363 => INFO  NA.PMS.Common.Logger.LogService.LogInformation():24 - Executing Action: GetAllottedPropertyFormListById on Controller: Allotment For User : skumar.
2021-07-29 12:42:08,887 => INFO  NA.PMS.Common.Logger.LogService.LogInformation():24 - Executed Action: GetAllottedPropertyFormListById on Controller: Allotment For User : skumar.
2021-07-29 12:42:11,998 => INFO  NA.PMS.Common.Logger.LogService.LogInformation():24 - Executing Action: GetSchemeListAsDataSource on Controller: Allotment For User : skumar.
2021-07-29 12:42:12,098 => INFO  NA.PMS.Common.Logger.LogService.LogInformation():24 - Executed Action: GetSchemeListAsDataSource on Controller: Allotment For User : skumar.
2021-07-29 12:42:13,113 => INFO  NA.PMS.Common.Logger.LogService.LogInformation():24 - Executing Action: GetSchemeListAsDataSource on Controller: Allotment For User : skumar.
2021-07-29 12:42:13,190 => INFO  NA.PMS.Common.Logger.LogService.LogInformation():24 - Executed Action: GetSchemeListAsDataSource on Controller: Allotment For User : skumar.
2021-07-29 12:42:14,113 => INFO  NA.PMS.Common.Logger.LogService.LogInformation():24 - Executing Action: GetSchemeListAsDataSource on Controller: Allotment For User : skumar.
2021-07-29 12:42:14,196 => INFO  NA.PMS.Common.Logger.LogService.LogInformation():24 - Executed Action: GetSchemeListAsDataSource on Controller: Allotment For User : skumar.
2021-07-29 12:42:15,145 => INFO  NA.PMS.Common.Logger.LogService.LogInformation():24 - Executing Action: GetDepartmentListBySchemeId on Controller: Allotment For User : skumar.
2021-07-29 12:42:15,236 => INFO  NA.PMS.Common.Logger.LogService.LogInformation():24 - Executed Action: GetDepartmentListBySchemeId on Controller: Allotment For User : skumar.
2021-07-29 12:42:15,425 => INFO  NA.PMS.Common.Logger.LogService.LogInformation():24 - Executing Action: GetDepartmentListBySchemeId on Controller: Allotment For User : skumar.
2021-07-29 12:42:15,500 => INFO  NA.PMS.Common.Logger.LogService.LogInformation():24 - Executed Action: GetDepartmentListBySchemeId on Controller: Allotment For User : skumar.
2021-07-29 12:42:16,179 => INFO  NA.PMS.Common.Logger.LogService.LogInformation():24 - Executing Action: GetAllottedPropertyFormListById on Controller: Allotment For User : skumar.
2021-07-29 12:42:16,356 => INFO  NA.PMS.Common.Logger.LogService.LogInformation():24 - Executed Action: GetAllottedPropertyFormListById on Controller: Allotment For User : skumar.
2021-07-29 12:42:17,332 => INFO  NA.PMS.Common.Logger.LogService.LogInformation():24 - Executing Action: GetPropertyIdListByScheme on Controller: Allotment For User : skumar.
2021-07-29 12:43:29,730 => INFO  NA.PMS.Common.Logger.LogService.LogInformation():24 - Executed Action: GetPropertyIdListByScheme on Controller: Allotment For User : skumar.
2021-07-29 12:43:29,813 => ERROR NA.PMS.Common.Logger.LogService.LogError():97 - Controller Exception
System.Data.Entity.Core.EntityCommandExecutionException: An error occurred while executing the command definition. See the inner exception for details. ---> System.Data.SqlClient.SqlException: Execution Timeout Expired.  The timeout period elapsed prior to completion of the operation or the server is not responding. ---> System.ComponentModel.Win32Exception: The wait operation timed out
   --- End of inner exception stack trace ---
   at System.Data.SqlClient.SqlConnection.OnError(SqlException exception, Boolean breakConnection, Action`1 wrapCloseInAction)
   at System.Data.SqlClient.SqlInternalConnection.OnError(SqlException exception, Boolean breakConnection, Action`1 wrapCloseInAction)
   at System.Data.SqlClient.TdsParser.ThrowExceptionAndWarning(TdsParserStateObject stateObj, Boolean callerHasConnectionLock, Boolean asyncClose)
   at System.Data.SqlClient.TdsParser.TryRun(RunBehavior runBehavior, SqlCommand cmdHandler, SqlDataReader dataStream, BulkCopySimpleResultSet bulkCopyHandler, TdsParserStateObject stateObj, Boolean& dataReady)
   at System.Data.SqlClient.SqlDataReader.TryConsumeMetaData()
   at System.Data.SqlClient.SqlDataReader.get_MetaData()
   at System.Data.SqlClient.SqlCommand.FinishExecuteReader(SqlDataReader ds, RunBehavior runBehavior, String resetOptionsString, Boolean isInternal, Boolean forDescribeParameterEncryption, Boolean shouldCacheForAlwaysEncrypted)
   at System.Data.SqlClient.SqlCommand.RunExecuteReaderTds(CommandBehavior cmdBehavior, RunBehavior runBehavior, Boolean returnStream, Boolean async, Int32 timeout, Task& task, Boolean asyncWrite, Boolean inRetry, SqlDataReader ds, Boolean describeParameterEncryptionRequest)
   at System.Data.SqlClient.SqlCommand.RunExecuteReader(CommandBehavior cmdBehavior, RunBehavior runBehavior, Boolean returnStream, String method, TaskCompletionSource`1 completion, Int32 timeout, Task& task, Boolean& usedCache, Boolean asyncWrite, Boolean inRetry)
   at System.Data.SqlClient.SqlCommand.RunExecuteReader(CommandBehavior cmdBehavior, RunBehavior runBehavior, Boolean returnStream, String method)
   at System.Data.SqlClient.SqlCommand.ExecuteReader(CommandBehavior behavior, String method)
   at System.Data.SqlClient.SqlCommand.ExecuteDbDataReader(CommandBehavior behavior)
   at System.Data.Common.DbCommand.ExecuteReader(CommandBehavior behavior)
   at System.Data.Entity.Infrastructure.Interception.DbCommandDispatcher.<Reader>b__c(DbCommand t, DbCommandInterceptionContext`1 c)
   at System.Data.Entity.Infrastructure.Interception.InternalDispatcher`1.Dispatch[TTarget,TInterceptionContext,TResult](TTarget target, Func`3 operation, TInterceptionContext interceptionContext, Action`3 executing, Action`3 executed)
   at System.Data.Entity.Infrastructure.Interception.DbCommandDispatcher.Reader(DbCommand command, DbCommandInterceptionContext interceptionContext)
   at System.Data.Entity.Internal.InterceptableDbCommand.ExecuteDbDataReader(CommandBehavior behavior)
   at System.Data.Common.DbCommand.ExecuteReader(CommandBehavior behavior)
   at System.Data.Entity.Core.EntityClient.Internal.EntityCommandDefinition.ExecuteStoreCommands(EntityCommand entityCommand, CommandBehavior behavior)
   --- End of inner exception stack trace ---
   at System.Data.Entity.Core.EntityClient.Internal.EntityCommandDefinition.ExecuteStoreCommands(EntityCommand entityCommand, CommandBehavior behavior)
   at System.Data.Entity.Core.Objects.Internal.ObjectQueryExecutionPlan.Execute[TResultType](ObjectContext context, ObjectParameterCollection parameterValues)
   at System.Data.Entity.Core.Objects.ObjectQuery`1.<>c__DisplayClass7.<GetResults>b__6()
   at System.Data.Entity.Core.Objects.ObjectContext.ExecuteInTransaction[T](Func`1 func, IDbExecutionStrategy executionStrategy, Boolean startLocalTransaction, Boolean releaseConnectionOnSuccess)
   at System.Data.Entity.Core.Objects.ObjectQuery`1.<>c__DisplayClass7.<GetResults>b__5()
   at System.Data.Entity.SqlServer.DefaultSqlExecutionStrategy.Execute[TResult](Func`1 operation)
   at System.Data.Entity.Core.Objects.ObjectQuery`1.GetResults(Nullable`1 forMergeOption)
   at System.Data.Entity.Core.Objects.ObjectQuery`1.<System.Collections.Generic.IEnumerable<T>.GetEnumerator>b__0()
   at System.Data.Entity.Internal.LazyEnumerator`1.MoveNext()
   at System.Linq.Enumerable.Single[TSource](IEnumerable`1 source)
   at System.Data.Entity.Core.Objects.ELinq.ObjectQueryProvider.<GetElementFunction>b__3[TResult](IEnumerable`1 sequence)
   at System.Data.Entity.Core.Objects.ELinq.ObjectQueryProvider.ExecuteSingle[TResult](IEnumerable`1 query, Expression queryRoot)
   at System.Data.Entity.Core.Objects.ELinq.ObjectQueryProvider.System.Linq.IQueryProvider.Execute[TResult](Expression expression)
   at System.Data.Entity.Internal.Linq.DbQueryProvider.Execute[TResult](Expression expression)
   at Kendo.Mvc.Extensions.QueryableExtensions.Count(IQueryable source)
   at Kendo.Mvc.Extensions.QueryableExtensions.CreateDataSourceResult[TModel,TResult](IQueryable queryable, DataSourceRequest request, ModelStateDictionary modelState, Func`2 selector)
   at Kendo.Mvc.Extensions.QueryableExtensions.ToDataSourceResult(IQueryable queryable, DataSourceRequest request, ModelStateDictionary modelState)
   at Kendo.Mvc.Extensions.QueryableExtensions.ToDataSourceResult(IQueryable enumerable, DataSourceRequest request)
   at NA.PMS.Repository.GeneralRepository.GetPropertyListForAllotment(DataSourceRequest request, Nullable`1 schemeId, Nullable`1 departmentId) in d:\TFSProject\NoidaAuthority\Source\NA.PMS\NA.PMS.Repository\General\GeneralRepository.cs:line 3025
   at NA.PMS.Service.GeneralService.GetPropertyListForAllotment(DataSourceRequest request, Nullable`1 schemeId, Nullable`1 departmentId) in d:\TFSProject\NoidaAuthority\Source\NA.PMS\NA.PMS.Service\General\GeneralService.cs:line 798
   at NA.PMS.Web.Areas.Property.Controllers.AllotmentController.GetPropertyIdListByScheme(DataSourceRequest request, Nullable`1 schemeId, Nullable`1 departmentId) in d:\TFSProject\NoidaAuthority\Source\NA.PMS\NA.PMS.Web\Areas\Property\Controllers\AllotmentController.cs:line 2291
   at lambda_method(Closure , ControllerBase , Object[] )
   at System.Web.Mvc.ActionMethodDispatcher.Execute(ControllerBase controller, Object[] parameters)
   at System.Web.Mvc.ReflectedActionDescriptor.Execute(ControllerContext controllerContext, IDictionary`2 parameters)
   at System.Web.Mvc.ControllerActionInvoker.InvokeActionMethod(ControllerContext controllerContext, ActionDescriptor actionDescriptor, IDictionary`2 parameters)
   at System.Web.Mvc.Async.AsyncControllerActionInvoker.ActionInvocation.InvokeSynchronousActionMethod()
   at System.Web.Mvc.Async.AsyncControllerActionInvoker.<BeginInvokeSynchronousActionMethod>b__39(IAsyncResult asyncResult, ActionInvocation innerInvokeState)
   at System.Web.Mvc.Async.AsyncResultWrapper.WrappedAsyncResult`2.CallEndDelegate(IAsyncResult asyncResult)
   at System.Web.Mvc.Async.AsyncResultWrapper.WrappedAsyncResultBase`1.End()
   at System.Web.Mvc.Async.AsyncResultWrapper.End[TResult](IAsyncResult asyncResult, Object tag)
   at System.Web.Mvc.Async.AsyncControllerActionInvoker.EndInvokeActionMethod(IAsyncResult asyncResult)
   at System.Web.Mvc.Async.AsyncControllerActionInvoker.AsyncInvocationWithFilters.<InvokeActionMethodFilterAsynchronouslyRecursive>b__3d()
   at System.Web.Mvc.Async.AsyncControllerActionInvoker.AsyncInvocationWithFilters.<>c__DisplayClass46.<InvokeActionMethodFilterAsynchronouslyRecursive>b__3f()
   at System.Web.Mvc.Async.AsyncControllerActionInvoker.AsyncInvocationWithFilters.<>c__DisplayClass46.<InvokeActionMethodFilterAsynchronouslyRecursive>b__3f()
   at System.Web.Mvc.Async.AsyncControllerActionInvoker.<>c__DisplayClass33.<BeginInvokeActionMethodWithFilters>b__32(IAsyncResult asyncResult)
   at System.Web.Mvc.Async.AsyncResultWrapper.WrappedAsyncResult`1.CallEndDelegate(IAsyncResult asyncResult)
   at System.Web.Mvc.Async.AsyncResultWrapper.WrappedAsyncResultBase`1.End()
   at System.Web.Mvc.Async.AsyncResultWrapper.End[TResult](IAsyncResult asyncResult, Object tag)
   at System.Web.Mvc.Async.AsyncControllerActionInvoker.EndInvokeActionMethodWithFilters(IAsyncResult asyncResult)
   at System.Web.Mvc.Async.AsyncControllerActionInvoker.<>c__DisplayClass21.<>c__DisplayClass2b.<BeginInvokeAction>b__1c()
   at System.Web.Mvc.Async.AsyncControllerActionInvoker.<>c__DisplayClass21.<BeginInvokeAction>b__1e(IAsyncResult asyncResult)
2021-07-29 12:43:29,849 => ERROR NA.PMS.Common.Logger.LogService.LogError():97 - Global Exception
System.Data.Entity.Core.EntityCommandExecutionException: An error occurred while executing the command definition. See the inner exception for details. ---> System.Data.SqlClient.SqlException: Execution Timeout Expired.  The timeout period elapsed prior to completion of the operation or the server is not responding. ---> System.ComponentModel.Win32Exception: The wait operation timed out
   --- End of inner exception stack trace ---
   at System.Data.SqlClient.SqlConnection.OnError(SqlException exception, Boolean breakConnection, Action`1 wrapCloseInAction)
   at System.Data.SqlClient.SqlInternalConnection.OnError(SqlException exception, Boolean breakConnection, Action`1 wrapCloseInAction)
   at System.Data.SqlClient.TdsParser.ThrowExceptionAndWarning(TdsParserStateObject stateObj, Boolean callerHasConnectionLock, Boolean asyncClose)
   at System.Data.SqlClient.TdsParser.TryRun(RunBehavior runBehavior, SqlCommand cmdHandler, SqlDataReader dataStream, BulkCopySimpleResultSet bulkCopyHandler, TdsParserStateObject stateObj, Boolean& dataReady)
   at System.Data.SqlClient.SqlDataReader.TryConsumeMetaData()
   at System.Data.SqlClient.SqlDataReader.get_MetaData()
   at System.Data.SqlClient.SqlCommand.FinishExecuteReader(SqlDataReader ds, RunBehavior runBehavior, String resetOptionsString, Boolean isInternal, Boolean forDescribeParameterEncryption, Boolean shouldCacheForAlwaysEncrypted)
   at System.Data.SqlClient.SqlCommand.RunExecuteReaderTds(CommandBehavior cmdBehavior, RunBehavior runBehavior, Boolean returnStream, Boolean async, Int32 timeout, Task& task, Boolean asyncWrite, Boolean inRetry, SqlDataReader ds, Boolean describeParameterEncryptionRequest)
   at System.Data.SqlClient.SqlCommand.RunExecuteReader(CommandBehavior cmdBehavior, RunBehavior runBehavior, Boolean returnStream, String method, TaskCompletionSource`1 completion, Int32 timeout, Task& task, Boolean& usedCache, Boolean asyncWrite, Boolean inRetry)
   at System.Data.SqlClient.SqlCommand.RunExecuteReader(CommandBehavior cmdBehavior, RunBehavior runBehavior, Boolean returnStream, String method)
   at System.Data.SqlClient.SqlCommand.ExecuteReader(CommandBehavior behavior, String method)
   at System.Data.SqlClient.SqlCommand.ExecuteDbDataReader(CommandBehavior behavior)
   at System.Data.Common.DbCommand.ExecuteReader(CommandBehavior behavior)
   at System.Data.Entity.Infrastructure.Interception.DbCommandDispatcher.<Reader>b__c(DbCommand t, DbCommandInterceptionContext`1 c)
   at System.Data.Entity.Infrastructure.Interception.InternalDispatcher`1.Dispatch[TTarget,TInterceptionContext,TResult](TTarget target, Func`3 operation, TInterceptionContext interceptionContext, Action`3 executing, Action`3 executed)
   at System.Data.Entity.Infrastructure.Interception.DbCommandDispatcher.Reader(DbCommand command, DbCommandInterceptionContext interceptionContext)
   at System.Data.Entity.Internal.InterceptableDbCommand.ExecuteDbDataReader(CommandBehavior behavior)
   at System.Data.Common.DbCommand.ExecuteReader(CommandBehavior behavior)
   at System.Data.Entity.Core.EntityClient.Internal.EntityCommandDefinition.ExecuteStoreCommands(EntityCommand entityCommand, CommandBehavior behavior)
   --- End of inner exception stack trace ---
   at System.Data.Entity.Core.EntityClient.Internal.EntityCommandDefinition.ExecuteStoreCommands(EntityCommand entityCommand, CommandBehavior behavior)
   at System.Data.Entity.Core.Objects.Internal.ObjectQueryExecutionPlan.Execute[TResultType](ObjectContext context, ObjectParameterCollection parameterValues)
   at System.Data.Entity.Core.Objects.ObjectQuery`1.<>c__DisplayClass7.<GetResults>b__6()
   at System.Data.Entity.Core.Objects.ObjectContext.ExecuteInTransaction[T](Func`1 func, IDbExecutionStrategy executionStrategy, Boolean startLocalTransaction, Boolean releaseConnectionOnSuccess)
   at System.Data.Entity.Core.Objects.ObjectQuery`1.<>c__DisplayClass7.<GetResults>b__5()
   at System.Data.Entity.SqlServer.DefaultSqlExecutionStrategy.Execute[TResult](Func`1 operation)
   at System.Data.Entity.Core.Objects.ObjectQuery`1.GetResults(Nullable`1 forMergeOption)
   at System.Data.Entity.Core.Objects.ObjectQuery`1.<System.Collections.Generic.IEnumerable<T>.GetEnumerator>b__0()
   at System.Data.Entity.Internal.LazyEnumerator`1.MoveNext()
   at System.Linq.Enumerable.Single[TSource](IEnumerable`1 source)
   at System.Data.Entity.Core.Objects.ELinq.ObjectQueryProvider.<GetElementFunction>b__3[TResult](IEnumerable`1 sequence)
   at System.Data.Entity.Core.Objects.ELinq.ObjectQueryProvider.ExecuteSingle[TResult](IEnumerable`1 query, Expression queryRoot)
   at System.Data.Entity.Core.Objects.ELinq.ObjectQueryProvider.System.Linq.IQueryProvider.Execute[TResult](Expression expression)
   at System.Data.Entity.Internal.Linq.DbQueryProvider.Execute[TResult](Expression expression)
   at Kendo.Mvc.Extensions.QueryableExtensions.Count(IQueryable source)
   at Kendo.Mvc.Extensions.QueryableExtensions.CreateDataSourceResult[TModel,TResult](IQueryable queryable, DataSourceRequest request, ModelStateDictionary modelState, Func`2 selector)
   at Kendo.Mvc.Extensions.QueryableExtensions.ToDataSourceResult(IQueryable queryable, DataSourceRequest request, ModelStateDictionary modelState)
   at Kendo.Mvc.Extensions.QueryableExtensions.ToDataSourceResult(IQueryable enumerable, DataSourceRequest request)
   at NA.PMS.Repository.GeneralRepository.GetPropertyListForAllotment(DataSourceRequest request, Nullable`1 schemeId, Nullable`1 departmentId) in d:\TFSProject\NoidaAuthority\Source\NA.PMS\NA.PMS.Repository\General\GeneralRepository.cs:line 3025
   at NA.PMS.Service.GeneralService.GetPropertyListForAllotment(DataSourceRequest request, Nullable`1 schemeId, Nullable`1 departmentId) in d:\TFSProject\NoidaAuthority\Source\NA.PMS\NA.PMS.Service\General\GeneralService.cs:line 798
   at NA.PMS.Web.Areas.Property.Controllers.AllotmentController.GetPropertyIdListByScheme(DataSourceRequest request, Nullable`1 schemeId, Nullable`1 departmentId) in d:\TFSProject\NoidaAuthority\Source\NA.PMS\NA.PMS.Web\Areas\Property\Controllers\AllotmentController.cs:line 2291
   at lambda_method(Closure , ControllerBase , Object[] )
   at System.Web.Mvc.ActionMethodDispatcher.Execute(ControllerBase controller, Object[] parameters)
   at System.Web.Mvc.ReflectedActionDescriptor.Execute(ControllerContext controllerContext, IDictionary`2 parameters)
   at System.Web.Mvc.ControllerActionInvoker.InvokeActionMethod(ControllerContext controllerContext, ActionDescriptor actionDescriptor, IDictionary`2 parameters)
   at System.Web.Mvc.Async.AsyncControllerActionInvoker.ActionInvocation.InvokeSynchronousActionMethod()
   at System.Web.Mvc.Async.AsyncControllerActionInvoker.<BeginInvokeSynchronousActionMethod>b__39(IAsyncResult asyncResult, ActionInvocation innerInvokeState)
   at System.Web.Mvc.Async.AsyncResultWrapper.WrappedAsyncResult`2.CallEndDelegate(IAsyncResult asyncResult)
   at System.Web.Mvc.Async.AsyncResultWrapper.WrappedAsyncResultBase`1.End()
   at System.Web.Mvc.Async.AsyncResultWrapper.End[TResult](IAsyncResult asyncResult, Object tag)
   at System.Web.Mvc.Async.AsyncControllerActionInvoker.EndInvokeActionMethod(IAsyncResult asyncResult)
   at System.Web.Mvc.Async.AsyncControllerActionInvoker.AsyncInvocationWithFilters.<InvokeActionMethodFilterAsynchronouslyRecursive>b__3d()
   at System.Web.Mvc.Async.AsyncControllerActionInvoker.AsyncInvocationWithFilters.<>c__DisplayClass46.<InvokeActionMethodFilterAsynchronouslyRecursive>b__3f()
   at System.Web.Mvc.Async.AsyncControllerActionInvoker.AsyncInvocationWithFilters.<>c__DisplayClass46.<InvokeActionMethodFilterAsynchronouslyRecursive>b__3f()
   at System.Web.Mvc.Async.AsyncControllerActionInvoker.<>c__DisplayClass33.<BeginInvokeActionMethodWithFilters>b__32(IAsyncResult asyncResult)
   at System.Web.Mvc.Async.AsyncResultWrapper.WrappedAsyncResult`1.CallEndDelegate(IAsyncResult asyncResult)
   at System.Web.Mvc.Async.AsyncResultWrapper.WrappedAsyncResultBase`1.End()
   at System.Web.Mvc.Async.AsyncResultWrapper.End[TResult](IAsyncResult asyncResult, Object tag)
   at System.Web.Mvc.Async.AsyncControllerActionInvoker.EndInvokeActionMethodWithFilters(IAsyncResult asyncResult)
   at System.Web.Mvc.Async.AsyncControllerActionInvoker.<>c__DisplayClass21.<>c__DisplayClass2b.<BeginInvokeAction>b__1c()
   at System.Web.Mvc.Async.AsyncControllerActionInvoker.<>c__DisplayClass21.<BeginInvokeAction>b__1e(IAsyncResult asyncResult)
   at System.Web.Mvc.Async.AsyncResultWrapper.WrappedAsyncResult`1.CallEndDelegate(IAsyncResult asyncResult)
   at System.Web.Mvc.Async.AsyncResultWrapper.WrappedAsyncResultBase`1.End()
   at System.Web.Mvc.Async.AsyncResultWrapper.End[TResult](IAsyncResult asyncResult, Object tag)
   at System.Web.Mvc.Async.AsyncControllerActionInvoker.EndInvokeAction(IAsyncResult asyncResult)
   at System.Web.Mvc.Controller.<BeginExecuteCore>b__1d(IAsyncResult asyncResult, ExecuteCoreState innerState)
   at System.Web.Mvc.Async.AsyncResultWrapper.WrappedAsyncVoid`1.CallEndDelegate(IAsyncResult asyncResult)
   at System.Web.Mvc.Async.AsyncResultWrapper.WrappedAsyncResultBase`1.End()
   at System.Web.Mvc.Async.AsyncResultWrapper.End[TResult](IAsyncResult asyncResult, Object tag)
   at System.Web.Mvc.Async.AsyncResultWrapper.End(IAsyncResult asyncResult, Object tag)
   at System.Web.Mvc.Controller.EndExecuteCore(IAsyncResult asyncResult)
   at System.Web.Mvc.Controller.<BeginExecute>b__15(IAsyncResult asyncResult, Controller controller)
   at System.Web.Mvc.Async.AsyncResultWrapper.WrappedAsyncVoid`1.CallEndDelegate(IAsyncResult asyncResult)
   at System.Web.Mvc.Async.AsyncResultWrapper.WrappedAsyncResultBase`1.End()
   at System.Web.Mvc.Async.AsyncResultWrapper.End[TResult](IAsyncResult asyncResult, Object tag)
   at System.Web.Mvc.Async.AsyncResultWrapper.End(IAsyncResult asyncResult, Object tag)
   at System.Web.Mvc.Controller.EndExecute(IAsyncResult asyncResult)
   at System.Web.Mvc.Controller.System.Web.Mvc.Async.IAsyncController.EndExecute(IAsyncResult asyncResult)
   at System.Web.Mvc.MvcHandler.<BeginProcessRequest>b__5(IAsyncResult asyncResult, ProcessRequestState innerState)
   at System.Web.Mvc.Async.AsyncResultWrapper.WrappedAsyncVoid`1.CallEndDelegate(IAsyncResult asyncResult)
   at System.Web.Mvc.Async.AsyncResultWrapper.WrappedAsyncResultBase`1.End()
   at System.Web.Mvc.Async.AsyncResultWrapper.End[TResult](IAsyncResult asyncResult, Object tag)
   at System.Web.Mvc.Async.AsyncResultWrapper.End(IAsyncResult asyncResult, Object tag)
   at System.Web.Mvc.MvcHandler.EndProcessRequest(IAsyncResult asyncResult)
   at System.Web.Mvc.MvcHandler.System.Web.IHttpAsyncHandler.EndProcessRequest(IAsyncResult result)
   at System.Web.HttpApplication.CallHandlerExecutionStep.System.Web.HttpApplication.IExecutionStep.Execute()
   at System.Web.HttpApplication.ExecuteStepImpl(IExecutionStep step)
   at System.Web.HttpApplication.ExecuteStep(IExecutionStep step, Boolean& completedSynchronously)
2021-07-29 12:43:30,056 => INFO  NA.PMS.Common.Logger.LogService.LogInformation():24 - Executing Action: GetPropertyIdListByScheme on Controller: Allotment For User : skumar.
2021-07-29 12:46:32,925 => INFO  NA.PMS.Common.Logger.LogService.LogInformation():24 - Executed Action: GetPropertyIdListByScheme on Controller: Allotment For User : skumar.
2021-07-29 12:46:33,004 => ERROR NA.PMS.Common.Logger.LogService.LogError():97 - Controller Exception
System.Data.Entity.Core.EntityCommandExecutionException: An error occurred while executing the command definition. See the inner exception for details. ---> System.Data.SqlClient.SqlException: Execution Timeout Expired.  The timeout period elapsed prior to completion of the operation or the server is not responding. ---> System.ComponentModel.Win32Exception: The wait operation timed out
   --- End of inner exception stack trace ---
   at System.Data.SqlClient.SqlConnection.OnError(SqlException exception, Boolean breakConnection, Action`1 wrapCloseInAction)
   at System.Data.SqlClient.SqlInternalConnection.OnError(SqlException exception, Boolean breakConnection, Action`1 wrapCloseInAction)
   at System.Data.SqlClient.TdsParser.ThrowExceptionAndWarning(TdsParserStateObject stateObj, Boolean callerHasConnectionLock, Boolean asyncClose)
   at System.Data.SqlClient.TdsParser.TryRun(RunBehavior runBehavior, SqlCommand cmdHandler, SqlDataReader dataStream, BulkCopySimpleResultSet bulkCopyHandler, TdsParserStateObject stateObj, Boolean& dataReady)
   at System.Data.SqlClient.SqlDataReader.TryConsumeMetaData()
   at System.Data.SqlClient.SqlDataReader.get_MetaData()
   at System.Data.SqlClient.SqlCommand.FinishExecuteReader(SqlDataReader ds, RunBehavior runBehavior, String resetOptionsString, Boolean isInternal, Boolean forDescribeParameterEncryption, Boolean shouldCacheForAlwaysEncrypted)
   at System.Data.SqlClient.SqlCommand.RunExecuteReaderTds(CommandBehavior cmdBehavior, RunBehavior runBehavior, Boolean returnStream, Boolean async, Int32 timeout, Task& task, Boolean asyncWrite, Boolean inRetry, SqlDataReader ds, Boolean describeParameterEncryptionRequest)
   at System.Data.SqlClient.SqlCommand.RunExecuteReader(CommandBehavior cmdBehavior, RunBehavior runBehavior, Boolean returnStream, String method, TaskCompletionSource`1 completion, Int32 timeout, Task& task, Boolean& usedCache, Boolean asyncWrite, Boolean inRetry)
   at System.Data.SqlClient.SqlCommand.RunExecuteReader(CommandBehavior cmdBehavior, RunBehavior runBehavior, Boolean returnStream, String method)
   at System.Data.SqlClient.SqlCommand.ExecuteReader(CommandBehavior behavior, String method)
   at System.Data.SqlClient.SqlCommand.ExecuteDbDataReader(CommandBehavior behavior)
   at System.Data.Common.DbCommand.ExecuteReader(CommandBehavior behavior)
   at System.Data.Entity.Infrastructure.Interception.DbCommandDispatcher.<Reader>b__c(DbCommand t, DbCommandInterceptionContext`1 c)
   at System.Data.Entity.Infrastructure.Interception.InternalDispatcher`1.Dispatch[TTarget,TInterceptionContext,TResult](TTarget target, Func`3 operation, TInterceptionContext interceptionContext, Action`3 executing, Action`3 executed)
   at System.Data.Entity.Infrastructure.Interception.DbCommandDispatcher.Reader(DbCommand command, DbCommandInterceptionContext interceptionContext)
   at System.Data.Entity.Internal.InterceptableDbCommand.ExecuteDbDataReader(CommandBehavior behavior)
   at System.Data.Common.DbCommand.ExecuteReader(CommandBehavior behavior)
   at System.Data.Entity.Core.EntityClient.Internal.EntityCommandDefinition.ExecuteStoreCommands(EntityCommand entityCommand, CommandBehavior behavior)
   --- End of inner exception stack trace ---
   at System.Data.Entity.Core.EntityClient.Internal.EntityCommandDefinition.ExecuteStoreCommands(EntityCommand entityCommand, CommandBehavior behavior)
   at System.Data.Entity.Core.Objects.Internal.ObjectQueryExecutionPlan.Execute[TResultType](ObjectContext context, ObjectParameterCollection parameterValues)
   at System.Data.Entity.Core.Objects.ObjectQuery`1.<>c__DisplayClass7.<GetResults>b__6()
   at System.Data.Entity.Core.Objects.ObjectContext.ExecuteInTransaction[T](Func`1 func, IDbExecutionStrategy executionStrategy, Boolean startLocalTransaction, Boolean releaseConnectionOnSuccess)
   at System.Data.Entity.Core.Objects.ObjectQuery`1.<>c__DisplayClass7.<GetResults>b__5()
   at System.Data.Entity.SqlServer.DefaultSqlExecutionStrategy.Execute[TResult](Func`1 operation)
   at System.Data.Entity.Core.Objects.ObjectQuery`1.GetResults(Nullable`1 forMergeOption)
   at System.Data.Entity.Core.Objects.ObjectQuery`1.<System.Collections.Generic.IEnumerable<T>.GetEnumerator>b__0()
   at System.Data.Entity.Internal.LazyEnumerator`1.MoveNext()
   at System.Linq.Enumerable.Single[TSource](IEnumerable`1 source)
   at System.Data.Entity.Core.Objects.ELinq.ObjectQueryProvider.<GetElementFunction>b__3[TResult](IEnumerable`1 sequence)
   at System.Data.Entity.Core.Objects.ELinq.ObjectQueryProvider.ExecuteSingle[TResult](IEnumerable`1 query, Expression queryRoot)
   at System.Data.Entity.Core.Objects.ELinq.ObjectQueryProvider.System.Linq.IQueryProvider.Execute[TResult](Expression expression)
   at System.Data.Entity.Internal.Linq.DbQueryProvider.Execute[TResult](Expression expression)
   at Kendo.Mvc.Extensions.QueryableExtensions.Count(IQueryable source)
   at Kendo.Mvc.Extensions.QueryableExtensions.CreateDataSourceResult[TModel,TResult](IQueryable queryable, DataSourceRequest request, ModelStateDictionary modelState, Func`2 selector)
   at Kendo.Mvc.Extensions.QueryableExtensions.ToDataSourceResult(IQueryable queryable, DataSourceRequest request, ModelStateDictionary modelState)
   at Kendo.Mvc.Extensions.QueryableExtensions.ToDataSourceResult(IQueryable enumerable, DataSourceRequest request)
   at NA.PMS.Repository.GeneralRepository.GetPropertyListForAllotment(DataSourceRequest request, Nullable`1 schemeId, Nullable`1 departmentId) in d:\TFSProject\NoidaAuthority\Source\NA.PMS\NA.PMS.Repository\General\GeneralRepository.cs:line 3025
   at NA.PMS.Service.GeneralService.GetPropertyListForAllotment(DataSourceRequest request, Nullable`1 schemeId, Nullable`1 departmentId) in d:\TFSProject\NoidaAuthority\Source\NA.PMS\NA.PMS.Service\General\GeneralService.cs:line 798
   at NA.PMS.Web.Areas.Property.Controllers.AllotmentController.GetPropertyIdListByScheme(DataSourceRequest request, Nullable`1 schemeId, Nullable`1 departmentId) in d:\TFSProject\NoidaAuthority\Source\NA.PMS\NA.PMS.Web\Areas\Property\Controllers\AllotmentController.cs:line 2291
   at lambda_method(Closure , ControllerBase , Object[] )
   at System.Web.Mvc.ActionMethodDispatcher.Execute(ControllerBase controller, Object[] parameters)
   at System.Web.Mvc.ReflectedActionDescriptor.Execute(ControllerContext controllerContext, IDictionary`2 parameters)
   at System.Web.Mvc.ControllerActionInvoker.InvokeActionMethod(ControllerContext controllerContext, ActionDescriptor actionDescriptor, IDictionary`2 parameters)
   at System.Web.Mvc.Async.AsyncControllerActionInvoker.ActionInvocation.InvokeSynchronousActionMethod()
   at System.Web.Mvc.Async.AsyncControllerActionInvoker.<BeginInvokeSynchronousActionMethod>b__39(IAsyncResult asyncResult, ActionInvocation innerInvokeState)
   at System.Web.Mvc.Async.AsyncResultWrapper.WrappedAsyncResult`2.CallEndDelegate(IAsyncResult asyncResult)
   at System.Web.Mvc.Async.AsyncResultWrapper.WrappedAsyncResultBase`1.End()
   at System.Web.Mvc.Async.AsyncResultWrapper.End[TResult](IAsyncResult asyncResult, Object tag)
   at System.Web.Mvc.Async.AsyncControllerActionInvoker.EndInvokeActionMethod(IAsyncResult asyncResult)
   at System.Web.Mvc.Async.AsyncControllerActionInvoker.AsyncInvocationWithFilters.<InvokeActionMethodFilterAsynchronouslyRecursive>b__3d()
   at System.Web.Mvc.Async.AsyncControllerActionInvoker.AsyncInvocationWithFilters.<>c__DisplayClass46.<InvokeActionMethodFilterAsynchronouslyRecursive>b__3f()
   at System.Web.Mvc.Async.AsyncControllerActionInvoker.AsyncInvocationWithFilters.<>c__DisplayClass46.<InvokeActionMethodFilterAsynchronouslyRecursive>b__3f()
   at System.Web.Mvc.Async.AsyncControllerActionInvoker.<>c__DisplayClass33.<BeginInvokeActionMethodWithFilters>b__32(IAsyncResult asyncResult)
   at System.Web.Mvc.Async.AsyncResultWrapper.WrappedAsyncResult`1.CallEndDelegate(IAsyncResult asyncResult)
   at System.Web.Mvc.Async.AsyncResultWrapper.WrappedAsyncResultBase`1.End()
   at System.Web.Mvc.Async.AsyncResultWrapper.End[TResult](IAsyncResult asyncResult, Object tag)
   at System.Web.Mvc.Async.AsyncControllerActionInvoker.EndInvokeActionMethodWithFilters(IAsyncResult asyncResult)
   at System.Web.Mvc.Async.AsyncControllerActionInvoker.<>c__DisplayClass21.<>c__DisplayClass2b.<BeginInvokeAction>b__1c()
   at System.Web.Mvc.Async.AsyncControllerActionInvoker.<>c__DisplayClass21.<BeginInvokeAction>b__1e(IAsyncResult asyncResult)
2021-07-29 12:46:33,046 => ERROR NA.PMS.Common.Logger.LogService.LogError():97 - Global Exception
System.Data.Entity.Core.EntityCommandExecutionException: An error occurred while executing the command definition. See the inner exception for details. ---> System.Data.SqlClient.SqlException: Execution Timeout Expired.  The timeout period elapsed prior to completion of the operation or the server is not responding. ---> System.ComponentModel.Win32Exception: The wait operation timed out
   --- End of inner exception stack trace ---
   at System.Data.SqlClient.SqlConnection.OnError(SqlException exception, Boolean breakConnection, Action`1 wrapCloseInAction)
   at System.Data.SqlClient.SqlInternalConnection.OnError(SqlException exception, Boolean breakConnection, Action`1 wrapCloseInAction)
   at System.Data.SqlClient.TdsParser.ThrowExceptionAndWarning(TdsParserStateObject stateObj, Boolean callerHasConnectionLock, Boolean asyncClose)
   at System.Data.SqlClient.TdsParser.TryRun(RunBehavior runBehavior, SqlCommand cmdHandler, SqlDataReader dataStream, BulkCopySimpleResultSet bulkCopyHandler, TdsParserStateObject stateObj, Boolean& dataReady)
   at System.Data.SqlClient.SqlDataReader.TryConsumeMetaData()
   at System.Data.SqlClient.SqlDataReader.get_MetaData()
   at System.Data.SqlClient.SqlCommand.FinishExecuteReader(SqlDataReader ds, RunBehavior runBehavior, String resetOptionsString, Boolean isInternal, Boolean forDescribeParameterEncryption, Boolean shouldCacheForAlwaysEncrypted)
   at System.Data.SqlClient.SqlCommand.RunExecuteReaderTds(CommandBehavior cmdBehavior, RunBehavior runBehavior, Boolean returnStream, Boolean async, Int32 timeout, Task& task, Boolean asyncWrite, Boolean inRetry, SqlDataReader ds, Boolean describeParameterEncryptionRequest)
   at System.Data.SqlClient.SqlCommand.RunExecuteReader(CommandBehavior cmdBehavior, RunBehavior runBehavior, Boolean returnStream, String method, TaskCompletionSource`1 completion, Int32 timeout, Task& task, Boolean& usedCache, Boolean asyncWrite, Boolean inRetry)
   at System.Data.SqlClient.SqlCommand.RunExecuteReader(CommandBehavior cmdBehavior, RunBehavior runBehavior, Boolean returnStream, String method)
   at System.Data.SqlClient.SqlCommand.ExecuteReader(CommandBehavior behavior, String method)
   at System.Data.SqlClient.SqlCommand.ExecuteDbDataReader(CommandBehavior behavior)
   at System.Data.Common.DbCommand.ExecuteReader(CommandBehavior behavior)
   at System.Data.Entity.Infrastructure.Interception.DbCommandDispatcher.<Reader>b__c(DbCommand t, DbCommandInterceptionContext`1 c)
   at System.Data.Entity.Infrastructure.Interception.InternalDispatcher`1.Dispatch[TTarget,TInterceptionContext,TResult](TTarget target, Func`3 operation, TInterceptionContext interceptionContext, Action`3 executing, Action`3 executed)
   at System.Data.Entity.Infrastructure.Interception.DbCommandDispatcher.Reader(DbCommand command, DbCommandInterceptionContext interceptionContext)
   at System.Data.Entity.Internal.InterceptableDbCommand.ExecuteDbDataReader(CommandBehavior behavior)
   at System.Data.Common.DbCommand.ExecuteReader(CommandBehavior behavior)
   at System.Data.Entity.Core.EntityClient.Internal.EntityCommandDefinition.ExecuteStoreCommands(EntityCommand entityCommand, CommandBehavior behavior)
   --- End of inner exception stack trace ---
   at System.Data.Entity.Core.EntityClient.Internal.EntityCommandDefinition.ExecuteStoreCommands(EntityCommand entityCommand, CommandBehavior behavior)
   at System.Data.Entity.Core.Objects.Internal.ObjectQueryExecutionPlan.Execute[TResultType](ObjectContext context, ObjectParameterCollection parameterValues)
   at System.Data.Entity.Core.Objects.ObjectQuery`1.<>c__DisplayClass7.<GetResults>b__6()
   at System.Data.Entity.Core.Objects.ObjectContext.ExecuteInTransaction[T](Func`1 func, IDbExecutionStrategy executionStrategy, Boolean startLocalTransaction, Boolean releaseConnectionOnSuccess)
   at System.Data.Entity.Core.Objects.ObjectQuery`1.<>c__DisplayClass7.<GetResults>b__5()
   at System.Data.Entity.SqlServer.DefaultSqlExecutionStrategy.Execute[TResult](Func`1 operation)
   at System.Data.Entity.Core.Objects.ObjectQuery`1.GetResults(Nullable`1 forMergeOption)
   at System.Data.Entity.Core.Objects.ObjectQuery`1.<System.Collections.Generic.IEnumerable<T>.GetEnumerator>b__0()
   at System.Data.Entity.Internal.LazyEnumerator`1.MoveNext()
   at System.Linq.Enumerable.Single[TSource](IEnumerable`1 source)
   at System.Data.Entity.Core.Objects.ELinq.ObjectQueryProvider.<GetElementFunction>b__3[TResult](IEnumerable`1 sequence)
   at System.Data.Entity.Core.Objects.ELinq.ObjectQueryProvider.ExecuteSingle[TResult](IEnumerable`1 query, Expression queryRoot)
   at System.Data.Entity.Core.Objects.ELinq.ObjectQueryProvider.System.Linq.IQueryProvider.Execute[TResult](Expression expression)
   at System.Data.Entity.Internal.Linq.DbQueryProvider.Execute[TResult](Expression expression)
   at Kendo.Mvc.Extensions.QueryableExtensions.Count(IQueryable source)
   at Kendo.Mvc.Extensions.QueryableExtensions.CreateDataSourceResult[TModel,TResult](IQueryable queryable, DataSourceRequest request, ModelStateDictionary modelState, Func`2 selector)
   at Kendo.Mvc.Extensions.QueryableExtensions.ToDataSourceResult(IQueryable queryable, DataSourceRequest request, ModelStateDictionary modelState)
   at Kendo.Mvc.Extensions.QueryableExtensions.ToDataSourceResult(IQueryable enumerable, DataSourceRequest request)
   at NA.PMS.Repository.GeneralRepository.GetPropertyListForAllotment(DataSourceRequest request, Nullable`1 schemeId, Nullable`1 departmentId) in d:\TFSProject\NoidaAuthority\Source\NA.PMS\NA.PMS.Repository\General\GeneralRepository.cs:line 3025
   at NA.PMS.Service.GeneralService.GetPropertyListForAllotment(DataSourceRequest request, Nullable`1 schemeId, Nullable`1 departmentId) in d:\TFSProject\NoidaAuthority\Source\NA.PMS\NA.PMS.Service\General\GeneralService.cs:line 798
   at NA.PMS.Web.Areas.Property.Controllers.AllotmentController.GetPropertyIdListByScheme(DataSourceRequest request, Nullable`1 schemeId, Nullable`1 departmentId) in d:\TFSProject\NoidaAuthority\Source\NA.PMS\NA.PMS.Web\Areas\Property\Controllers\AllotmentController.cs:line 2291
   at lambda_method(Closure , ControllerBase , Object[] )
   at System.Web.Mvc.ActionMethodDispatcher.Execute(ControllerBase controller, Object[] parameters)
   at System.Web.Mvc.ReflectedActionDescriptor.Execute(ControllerContext controllerContext, IDictionary`2 parameters)
   at System.Web.Mvc.ControllerActionInvoker.InvokeActionMethod(ControllerContext controllerContext, ActionDescriptor actionDescriptor, IDictionary`2 parameters)
   at System.Web.Mvc.Async.AsyncControllerActionInvoker.ActionInvocation.InvokeSynchronousActionMethod()
   at System.Web.Mvc.Async.AsyncControllerActionInvoker.<BeginInvokeSynchronousActionMethod>b__39(IAsyncResult asyncResult, ActionInvocation innerInvokeState)
   at System.Web.Mvc.Async.AsyncResultWrapper.WrappedAsyncResult`2.CallEndDelegate(IAsyncResult asyncResult)
   at System.Web.Mvc.Async.AsyncResultWrapper.WrappedAsyncResultBase`1.End()
   at System.Web.Mvc.Async.AsyncResultWrapper.End[TResult](IAsyncResult asyncResult, Object tag)
   at System.Web.Mvc.Async.AsyncControllerActionInvoker.EndInvokeActionMethod(IAsyncResult asyncResult)
   at System.Web.Mvc.Async.AsyncControllerActionInvoker.AsyncInvocationWithFilters.<InvokeActionMethodFilterAsynchronouslyRecursive>b__3d()
   at System.Web.Mvc.Async.AsyncControllerActionInvoker.AsyncInvocationWithFilters.<>c__DisplayClass46.<InvokeActionMethodFilterAsynchronouslyRecursive>b__3f()
   at System.Web.Mvc.Async.AsyncControllerActionInvoker.AsyncInvocationWithFilters.<>c__DisplayClass46.<InvokeActionMethodFilterAsynchronouslyRecursive>b__3f()
   at System.Web.Mvc.Async.AsyncControllerActionInvoker.<>c__DisplayClass33.<BeginInvokeActionMethodWithFilters>b__32(IAsyncResult asyncResult)
   at System.Web.Mvc.Async.AsyncResultWrapper.WrappedAsyncResult`1.CallEndDelegate(IAsyncResult asyncResult)
   at System.Web.Mvc.Async.AsyncResultWrapper.WrappedAsyncResultBase`1.End()
   at System.Web.Mvc.Async.AsyncResultWrapper.End[TResult](IAsyncResult asyncResult, Object tag)
   at System.Web.Mvc.Async.AsyncControllerActionInvoker.EndInvokeActionMethodWithFilters(IAsyncResult asyncResult)
   at System.Web.Mvc.Async.AsyncControllerActionInvoker.<>c__DisplayClass21.<>c__DisplayClass2b.<BeginInvokeAction>b__1c()
   at System.Web.Mvc.Async.AsyncControllerActionInvoker.<>c__DisplayClass21.<BeginInvokeAction>b__1e(IAsyncResult asyncResult)
   at System.Web.Mvc.Async.AsyncResultWrapper.WrappedAsyncResult`1.CallEndDelegate(IAsyncResult asyncResult)
   at System.Web.Mvc.Async.AsyncResultWrapper.WrappedAsyncResultBase`1.End()
   at System.Web.Mvc.Async.AsyncResultWrapper.End[TResult](IAsyncResult asyncResult, Object tag)
   at System.Web.Mvc.Async.AsyncControllerActionInvoker.EndInvokeAction(IAsyncResult asyncResult)
   at System.Web.Mvc.Controller.<BeginExecuteCore>b__1d(IAsyncResult asyncResult, ExecuteCoreState innerState)
   at System.Web.Mvc.Async.AsyncResultWrapper.WrappedAsyncVoid`1.CallEndDelegate(IAsyncResult asyncResult)
   at System.Web.Mvc.Async.AsyncResultWrapper.WrappedAsyncResultBase`1.End()
   at System.Web.Mvc.Async.AsyncResultWrapper.End[TResult](IAsyncResult asyncResult, Object tag)
   at System.Web.Mvc.Async.AsyncResultWrapper.End(IAsyncResult asyncResult, Object tag)
   at System.Web.Mvc.Controller.EndExecuteCore(IAsyncResult asyncResult)
   at System.Web.Mvc.Controller.<BeginExecute>b__15(IAsyncResult asyncResult, Controller controller)
   at System.Web.Mvc.Async.AsyncResultWrapper.WrappedAsyncVoid`1.CallEndDelegate(IAsyncResult asyncResult)
   at System.Web.Mvc.Async.AsyncResultWrapper.WrappedAsyncResultBase`1.End()
   at System.Web.Mvc.Async.AsyncResultWrapper.End[TResult](IAsyncResult asyncResult, Object tag)
   at System.Web.Mvc.Async.AsyncResultWrapper.End(IAsyncResult asyncResult, Object tag)
   at System.Web.Mvc.Controller.EndExecute(IAsyncResult asyncResult)
   at System.Web.Mvc.Controller.System.Web.Mvc.Async.IAsyncController.EndExecute(IAsyncResult asyncResult)
   at System.Web.Mvc.MvcHandler.<BeginProcessRequest>b__5(IAsyncResult asyncResult, ProcessRequestState innerState)
   at System.Web.Mvc.Async.AsyncResultWrapper.WrappedAsyncVoid`1.CallEndDelegate(IAsyncResult asyncResult)
   at System.Web.Mvc.Async.AsyncResultWrapper.WrappedAsyncResultBase`1.End()
   at System.Web.Mvc.Async.AsyncResultWrapper.End[TResult](IAsyncResult asyncResult, Object tag)
   at System.Web.Mvc.Async.AsyncResultWrapper.End(IAsyncResult asyncResult, Object tag)
   at System.Web.Mvc.MvcHandler.EndProcessRequest(IAsyncResult asyncResult)
   at System.Web.Mvc.MvcHandler.System.Web.IHttpAsyncHandler.EndProcessRequest(IAsyncResult result)
   at System.Web.HttpApplication.CallHandlerExecutionStep.System.Web.HttpApplication.IExecutionStep.Execute()
   at System.Web.HttpApplication.ExecuteStepImpl(IExecutionStep step)
   at System.Web.HttpApplication.ExecuteStep(IExecutionStep step, Boolean& completedSynchronously)
2021-07-29 12:46:33,336 => INFO  NA.PMS.Common.Logger.LogService.LogInformation():24 - Executing Action: GetApplicationFormListAsDataSource on Controller: Allotment For User : skumar.
2021-07-29 12:46:33,465 => INFO  NA.PMS.Common.Logger.LogService.LogInformation():24 - Executed Action: GetApplicationFormListAsDataSource on Controller: Allotment For User : skumar.
2021-07-29 12:46:33,646 => INFO  NA.PMS.Common.Logger.LogService.LogInformation():24 - Executing Action: GetApplicationFormListAsDataSource on Controller: Allotment For User : skumar.
2021-07-29 12:46:33,748 => INFO  NA.PMS.Common.Logger.LogService.LogInformation():24 - Executed Action: GetApplicationFormListAsDataSource on Controller: Allotment For User : skumar.
2021-07-29 12:46:34,092 => INFO  NA.PMS.Common.Logger.LogService.LogInformation():24 - Executing Action: GetAllottedPropertyFormListById on Controller: Allotment For User : skumar.
2021-07-29 12:46:34,282 => INFO  NA.PMS.Common.Logger.LogService.LogInformation():24 - Executed Action: GetAllottedPropertyFormListById on Controller: Allotment For User : skumar.
2021-07-29 12:46:39,854 => INFO  NA.PMS.Common.Logger.LogService.LogInformation():24 - Executing Action: Index on Controller: Allotment For User : skumar.
2021-07-29 12:46:39,869 => INFO  NA.PMS.Common.Logger.LogService.LogInformation():24 - Executed Action: Index on Controller: Allotment For User : skumar.
2021-07-29 12:46:41,083 => INFO  NA.PMS.Common.Logger.LogService.LogInformation():24 - Executing Action: GetSchemeListAsDataSource on Controller: Allotment For User : skumar.
2021-07-29 12:46:41,196 => INFO  NA.PMS.Common.Logger.LogService.LogInformation():24 - Executed Action: GetSchemeListAsDataSource on Controller: Allotment For User : skumar.
2021-07-29 12:46:41,602 => INFO  NA.PMS.Common.Logger.LogService.LogInformation():24 - Executing Action: GetApplicationFormAsDataSourceByApplicationId on Controller: Allotment For User : skumar.
2021-07-29 12:46:41,675 => INFO  NA.PMS.Common.Logger.LogService.LogInformation():24 - Executed Action: GetApplicationFormAsDataSourceByApplicationId on Controller: Allotment For User : skumar.
2021-07-29 12:46:42,138 => INFO  NA.PMS.Common.Logger.LogService.LogInformation():24 - Executing Action: GetPropertyDetailAsDataSourceByPropertyId on Controller: Allotment For User : skumar.
2021-07-29 12:46:42,207 => INFO  NA.PMS.Common.Logger.LogService.LogInformation():24 - Executed Action: GetPropertyDetailAsDataSourceByPropertyId on Controller: Allotment For User : skumar.
2021-07-29 12:46:42,661 => INFO  NA.PMS.Common.Logger.LogService.LogInformation():24 - Executing Action: GetApproverIdList on Controller: Allotment For User : skumar.
2021-07-29 12:46:42,780 => INFO  NA.PMS.Common.Logger.LogService.LogInformation():24 - Executed Action: GetApproverIdList on Controller: Allotment For User : skumar.
2021-07-29 12:46:43,193 => INFO  NA.PMS.Common.Logger.LogService.LogInformation():24 - Executing Action: GetAllottedPropertyFormListById on Controller: Allotment For User : skumar.
2021-07-29 12:46:43,442 => INFO  NA.PMS.Common.Logger.LogService.LogInformation():24 - Executed Action: GetAllottedPropertyFormListById on Controller: Allotment For User : skumar.
2021-07-29 12:46:47,674 => INFO  NA.PMS.Common.Logger.LogService.LogInformation():24 - Executing Action: GetSchemeListAsDataSource on Controller: Allotment For User : skumar.
2021-07-29 12:46:47,751 => INFO  NA.PMS.Common.Logger.LogService.LogInformation():24 - Executed Action: GetSchemeListAsDataSource on Controller: Allotment For User : skumar.
2021-07-29 12:46:48,586 => INFO  NA.PMS.Common.Logger.LogService.LogInformation():24 - Executing Action: GetSchemeListAsDataSource on Controller: Allotment For User : skumar.
2021-07-29 12:46:48,662 => INFO  NA.PMS.Common.Logger.LogService.LogInformation():24 - Executed Action: GetSchemeListAsDataSource on Controller: Allotment For User : skumar.
2021-07-29 12:46:49,814 => INFO  NA.PMS.Common.Logger.LogService.LogInformation():24 - Executing Action: GetDepartmentListBySchemeId on Controller: Allotment For User : skumar.
2021-07-29 12:46:49,891 => INFO  NA.PMS.Common.Logger.LogService.LogInformation():24 - Executed Action: GetDepartmentListBySchemeId on Controller: Allotment For User : skumar.
2021-07-29 12:46:50,067 => INFO  NA.PMS.Common.Logger.LogService.LogInformation():24 - Executing Action: GetDepartmentListBySchemeId on Controller: Allotment For User : skumar.
2021-07-29 12:46:50,144 => INFO  NA.PMS.Common.Logger.LogService.LogInformation():24 - Executed Action: GetDepartmentListBySchemeId on Controller: Allotment For User : skumar.
2021-07-29 12:46:50,331 => INFO  NA.PMS.Common.Logger.LogService.LogInformation():24 - Executing Action: GetAllottedPropertyFormListById on Controller: Allotment For User : skumar.
2021-07-29 12:46:50,504 => INFO  NA.PMS.Common.Logger.LogService.LogInformation():24 - Executed Action: GetAllottedPropertyFormListById on Controller: Allotment For User : skumar.
2021-07-29 12:46:54,053 => INFO  NA.PMS.Common.Logger.LogService.LogInformation():24 - Executing Action: GetApplicationFormListAsDataSource on Controller: Allotment For User : skumar.
2021-07-29 12:46:54,159 => INFO  NA.PMS.Common.Logger.LogService.LogInformation():24 - Executed Action: GetApplicationFormListAsDataSource on Controller: Allotment For User : skumar.
2021-07-29 12:46:54,336 => INFO  NA.PMS.Common.Logger.LogService.LogInformation():24 - Executing Action: GetApplicationFormListAsDataSource on Controller: Allotment For User : skumar.
2021-07-29 12:46:54,443 => INFO  NA.PMS.Common.Logger.LogService.LogInformation():24 - Executed Action: GetApplicationFormListAsDataSource on Controller: Allotment For User : skumar.
2021-07-29 12:46:55,094 => INFO  NA.PMS.Common.Logger.LogService.LogInformation():24 - Executing Action: GetAllottedPropertyFormListById on Controller: Allotment For User : skumar.
2021-07-29 12:46:55,285 => INFO  NA.PMS.Common.Logger.LogService.LogInformation():24 - Executed Action: GetAllottedPropertyFormListById on Controller: Allotment For User : skumar.
2021-07-29 12:46:55,585 => INFO  NA.PMS.Common.Logger.LogService.LogInformation():24 - Executing Action: GetPropertyIdListByScheme on Controller: Allotment For User : skumar.
2021-07-29 12:50:50,048 => INFO  NA.PMS.Common.Logger.LogService.LogInformation():24 - Executing Action: GetApplicationFormListAsDataSource on Controller: Allotment For User : skumar.
2021-07-29 12:50:50,283 => INFO  NA.PMS.Common.Logger.LogService.LogInformation():24 - Executed Action: GetApplicationFormListAsDataSource on Controller: Allotment For User : skumar.
2021-07-29 12:50:52,464 => INFO  NA.PMS.Common.Logger.LogService.LogInformation():24 - Executing Action: ValidatePropertyAndApplicationForm on Controller: Allotment For User : skumar.
2021-07-29 12:50:52,881 => INFO  NA.PMS.Common.Logger.LogService.LogInformation():24 - Executed Action: ValidatePropertyAndApplicationForm on Controller: Allotment For User : skumar.
2021-07-29 12:50:53,514 => INFO  NA.PMS.Common.Logger.LogService.LogInformation():24 - Executing Action: GetApplicationFormAsDataSourceByApplicationId on Controller: Allotment For User : skumar.
2021-07-29 12:50:53,701 => INFO  NA.PMS.Common.Logger.LogService.LogInformation():24 - Executed Action: GetApplicationFormAsDataSourceByApplicationId on Controller: Allotment For User : skumar.
2021-07-29 12:51:56,471 => INFO  NA.PMS.Common.Logger.LogService.LogInformation():24 - Executed Action: GetPropertyIdListByScheme on Controller: Allotment For User : skumar.
2021-07-29 12:51:56,560 => ERROR NA.PMS.Common.Logger.LogService.LogError():97 - Controller Exception
System.Data.Entity.Core.EntityCommandExecutionException: An error occurred while executing the command definition. See the inner exception for details. ---> System.Data.SqlClient.SqlException: Execution Timeout Expired.  The timeout period elapsed prior to completion of the operation or the server is not responding. ---> System.ComponentModel.Win32Exception: The wait operation timed out
   --- End of inner exception stack trace ---
   at System.Data.SqlClient.SqlConnection.OnError(SqlException exception, Boolean breakConnection, Action`1 wrapCloseInAction)
   at System.Data.SqlClient.SqlInternalConnection.OnError(SqlException exception, Boolean breakConnection, Action`1 wrapCloseInAction)
   at System.Data.SqlClient.TdsParser.ThrowExceptionAndWarning(TdsParserStateObject stateObj, Boolean callerHasConnectionLock, Boolean asyncClose)
   at System.Data.SqlClient.TdsParser.TryRun(RunBehavior runBehavior, SqlCommand cmdHandler, SqlDataReader dataStream, BulkCopySimpleResultSet bulkCopyHandler, TdsParserStateObject stateObj, Boolean& dataReady)
   at System.Data.SqlClient.SqlDataReader.TryConsumeMetaData()
   at System.Data.SqlClient.SqlDataReader.get_MetaData()
   at System.Data.SqlClient.SqlCommand.FinishExecuteReader(SqlDataReader ds, RunBehavior runBehavior, String resetOptionsString, Boolean isInternal, Boolean forDescribeParameterEncryption, Boolean shouldCacheForAlwaysEncrypted)
   at System.Data.SqlClient.SqlCommand.RunExecuteReaderTds(CommandBehavior cmdBehavior, RunBehavior runBehavior, Boolean returnStream, Boolean async, Int32 timeout, Task& task, Boolean asyncWrite, Boolean inRetry, SqlDataReader ds, Boolean describeParameterEncryptionRequest)
   at System.Data.SqlClient.SqlCommand.RunExecuteReader(CommandBehavior cmdBehavior, RunBehavior runBehavior, Boolean returnStream, String method, TaskCompletionSource`1 completion, Int32 timeout, Task& task, Boolean& usedCache, Boolean asyncWrite, Boolean inRetry)
   at System.Data.SqlClient.SqlCommand.RunExecuteReader(CommandBehavior cmdBehavior, RunBehavior runBehavior, Boolean returnStream, String method)
   at System.Data.SqlClient.SqlCommand.ExecuteReader(CommandBehavior behavior, String method)
   at System.Data.SqlClient.SqlCommand.ExecuteDbDataReader(CommandBehavior behavior)
   at System.Data.Common.DbCommand.ExecuteReader(CommandBehavior behavior)
   at System.Data.Entity.Infrastructure.Interception.DbCommandDispatcher.<Reader>b__c(DbCommand t, DbCommandInterceptionContext`1 c)
   at System.Data.Entity.Infrastructure.Interception.InternalDispatcher`1.Dispatch[TTarget,TInterceptionContext,TResult](TTarget target, Func`3 operation, TInterceptionContext interceptionContext, Action`3 executing, Action`3 executed)
   at System.Data.Entity.Infrastructure.Interception.DbCommandDispatcher.Reader(DbCommand command, DbCommandInterceptionContext interceptionContext)
   at System.Data.Entity.Internal.InterceptableDbCommand.ExecuteDbDataReader(CommandBehavior behavior)
   at System.Data.Common.DbCommand.ExecuteReader(CommandBehavior behavior)
   at System.Data.Entity.Core.EntityClient.Internal.EntityCommandDefinition.ExecuteStoreCommands(EntityCommand entityCommand, CommandBehavior behavior)
   --- End of inner exception stack trace ---
   at System.Data.Entity.Core.EntityClient.Internal.EntityCommandDefinition.ExecuteStoreCommands(EntityCommand entityCommand, CommandBehavior behavior)
   at System.Data.Entity.Core.Objects.Internal.ObjectQueryExecutionPlan.Execute[TResultType](ObjectContext context, ObjectParameterCollection parameterValues)
   at System.Data.Entity.Core.Objects.ObjectQuery`1.<>c__DisplayClass7.<GetResults>b__6()
   at System.Data.Entity.Core.Objects.ObjectContext.ExecuteInTransaction[T](Func`1 func, IDbExecutionStrategy executionStrategy, Boolean startLocalTransaction, Boolean releaseConnectionOnSuccess)
   at System.Data.Entity.Core.Objects.ObjectQuery`1.<>c__DisplayClass7.<GetResults>b__5()
   at System.Data.Entity.SqlServer.DefaultSqlExecutionStrategy.Execute[TResult](Func`1 operation)
   at System.Data.Entity.Core.Objects.ObjectQuery`1.GetResults(Nullable`1 forMergeOption)
   at System.Data.Entity.Core.Objects.ObjectQuery`1.<System.Collections.Generic.IEnumerable<T>.GetEnumerator>b__0()
   at System.Data.Entity.Internal.LazyEnumerator`1.MoveNext()
   at System.Linq.Enumerable.Single[TSource](IEnumerable`1 source)
   at System.Data.Entity.Core.Objects.ELinq.ObjectQueryProvider.<GetElementFunction>b__3[TResult](IEnumerable`1 sequence)
   at System.Data.Entity.Core.Objects.ELinq.ObjectQueryProvider.ExecuteSingle[TResult](IEnumerable`1 query, Expression queryRoot)
   at System.Data.Entity.Core.Objects.ELinq.ObjectQueryProvider.System.Linq.IQueryProvider.Execute[TResult](Expression expression)
   at System.Data.Entity.Internal.Linq.DbQueryProvider.Execute[TResult](Expression expression)
   at Kendo.Mvc.Extensions.QueryableExtensions.Count(IQueryable source)
   at Kendo.Mvc.Extensions.QueryableExtensions.CreateDataSourceResult[TModel,TResult](IQueryable queryable, DataSourceRequest request, ModelStateDictionary modelState, Func`2 selector)
   at Kendo.Mvc.Extensions.QueryableExtensions.ToDataSourceResult(IQueryable queryable, DataSourceRequest request, ModelStateDictionary modelState)
   at Kendo.Mvc.Extensions.QueryableExtensions.ToDataSourceResult(IQueryable enumerable, DataSourceRequest request)
   at NA.PMS.Repository.GeneralRepository.GetPropertyListForAllotment(DataSourceRequest request, Nullable`1 schemeId, Nullable`1 departmentId) in d:\TFSProject\NoidaAuthority\Source\NA.PMS\NA.PMS.Repository\General\GeneralRepository.cs:line 3025
   at NA.PMS.Service.GeneralService.GetPropertyListForAllotment(DataSourceRequest request, Nullable`1 schemeId, Nullable`1 departmentId) in d:\TFSProject\NoidaAuthority\Source\NA.PMS\NA.PMS.Service\General\GeneralService.cs:line 798
   at NA.PMS.Web.Areas.Property.Controllers.AllotmentController.GetPropertyIdListByScheme(DataSourceRequest request, Nullable`1 schemeId, Nullable`1 departmentId) in d:\TFSProject\NoidaAuthority\Source\NA.PMS\NA.PMS.Web\Areas\Property\Controllers\AllotmentController.cs:line 2291
   at lambda_method(Closure , ControllerBase , Object[] )
   at System.Web.Mvc.ActionMethodDispatcher.Execute(ControllerBase controller, Object[] parameters)
   at System.Web.Mvc.ReflectedActionDescriptor.Execute(ControllerContext controllerContext, IDictionary`2 parameters)
   at System.Web.Mvc.ControllerActionInvoker.InvokeActionMethod(ControllerContext controllerContext, ActionDescriptor actionDescriptor, IDictionary`2 parameters)
   at System.Web.Mvc.Async.AsyncControllerActionInvoker.ActionInvocation.InvokeSynchronousActionMethod()
   at System.Web.Mvc.Async.AsyncControllerActionInvoker.<BeginInvokeSynchronousActionMethod>b__39(IAsyncResult asyncResult, ActionInvocation innerInvokeState)
   at System.Web.Mvc.Async.AsyncResultWrapper.WrappedAsyncResult`2.CallEndDelegate(IAsyncResult asyncResult)
   at System.Web.Mvc.Async.AsyncResultWrapper.WrappedAsyncResultBase`1.End()
   at System.Web.Mvc.Async.AsyncResultWrapper.End[TResult](IAsyncResult asyncResult, Object tag)
   at System.Web.Mvc.Async.AsyncControllerActionInvoker.EndInvokeActionMethod(IAsyncResult asyncResult)
   at System.Web.Mvc.Async.AsyncControllerActionInvoker.AsyncInvocationWithFilters.<InvokeActionMethodFilterAsynchronouslyRecursive>b__3d()
   at System.Web.Mvc.Async.AsyncControllerActionInvoker.AsyncInvocationWithFilters.<>c__DisplayClass46.<InvokeActionMethodFilterAsynchronouslyRecursive>b__3f()
   at System.Web.Mvc.Async.AsyncControllerActionInvoker.AsyncInvocationWithFilters.<>c__DisplayClass46.<InvokeActionMethodFilterAsynchronouslyRecursive>b__3f()
   at System.Web.Mvc.Async.AsyncControllerActionInvoker.<>c__DisplayClass33.<BeginInvokeActionMethodWithFilters>b__32(IAsyncResult asyncResult)
   at System.Web.Mvc.Async.AsyncResultWrapper.WrappedAsyncResult`1.CallEndDelegate(IAsyncResult asyncResult)
   at System.Web.Mvc.Async.AsyncResultWrapper.WrappedAsyncResultBase`1.End()
   at System.Web.Mvc.Async.AsyncResultWrapper.End[TResult](IAsyncResult asyncResult, Object tag)
   at System.Web.Mvc.Async.AsyncControllerActionInvoker.EndInvokeActionMethodWithFilters(IAsyncResult asyncResult)
   at System.Web.Mvc.Async.AsyncControllerActionInvoker.<>c__DisplayClass21.<>c__DisplayClass2b.<BeginInvokeAction>b__1c()
   at System.Web.Mvc.Async.AsyncControllerActionInvoker.<>c__DisplayClass21.<BeginInvokeAction>b__1e(IAsyncResult asyncResult)
2021-07-29 12:51:56,615 => ERROR NA.PMS.Common.Logger.LogService.LogError():97 - Global Exception
System.Data.Entity.Core.EntityCommandExecutionException: An error occurred while executing the command definition. See the inner exception for details. ---> System.Data.SqlClient.SqlException: Execution Timeout Expired.  The timeout period elapsed prior to completion of the operation or the server is not responding. ---> System.ComponentModel.Win32Exception: The wait operation timed out
   --- End of inner exception stack trace ---
   at System.Data.SqlClient.SqlConnection.OnError(SqlException exception, Boolean breakConnection, Action`1 wrapCloseInAction)
   at System.Data.SqlClient.SqlInternalConnection.OnError(SqlException exception, Boolean breakConnection, Action`1 wrapCloseInAction)
   at System.Data.SqlClient.TdsParser.ThrowExceptionAndWarning(TdsParserStateObject stateObj, Boolean callerHasConnectionLock, Boolean asyncClose)
   at System.Data.SqlClient.TdsParser.TryRun(RunBehavior runBehavior, SqlCommand cmdHandler, SqlDataReader dataStream, BulkCopySimpleResultSet bulkCopyHandler, TdsParserStateObject stateObj, Boolean& dataReady)
   at System.Data.SqlClient.SqlDataReader.TryConsumeMetaData()
   at System.Data.SqlClient.SqlDataReader.get_MetaData()
   at System.Data.SqlClient.SqlCommand.FinishExecuteReader(SqlDataReader ds, RunBehavior runBehavior, String resetOptionsString, Boolean isInternal, Boolean forDescribeParameterEncryption, Boolean shouldCacheForAlwaysEncrypted)
   at System.Data.SqlClient.SqlCommand.RunExecuteReaderTds(CommandBehavior cmdBehavior, RunBehavior runBehavior, Boolean returnStream, Boolean async, Int32 timeout, Task& task, Boolean asyncWrite, Boolean inRetry, SqlDataReader ds, Boolean describeParameterEncryptionRequest)
   at System.Data.SqlClient.SqlCommand.RunExecuteReader(CommandBehavior cmdBehavior, RunBehavior runBehavior, Boolean returnStream, String method, TaskCompletionSource`1 completion, Int32 timeout, Task& task, Boolean& usedCache, Boolean asyncWrite, Boolean inRetry)
   at System.Data.SqlClient.SqlCommand.RunExecuteReader(CommandBehavior cmdBehavior, RunBehavior runBehavior, Boolean returnStream, String method)
   at System.Data.SqlClient.SqlCommand.ExecuteReader(CommandBehavior behavior, String method)
   at System.Data.SqlClient.SqlCommand.ExecuteDbDataReader(CommandBehavior behavior)
   at System.Data.Common.DbCommand.ExecuteReader(CommandBehavior behavior)
   at System.Data.Entity.Infrastructure.Interception.DbCommandDispatcher.<Reader>b__c(DbCommand t, DbCommandInterceptionContext`1 c)
   at System.Data.Entity.Infrastructure.Interception.InternalDispatcher`1.Dispatch[TTarget,TInterceptionContext,TResult](TTarget target, Func`3 operation, TInterceptionContext interceptionContext, Action`3 executing, Action`3 executed)
   at System.Data.Entity.Infrastructure.Interception.DbCommandDispatcher.Reader(DbCommand command, DbCommandInterceptionContext interceptionContext)
   at System.Data.Entity.Internal.InterceptableDbCommand.ExecuteDbDataReader(CommandBehavior behavior)
   at System.Data.Common.DbCommand.ExecuteReader(CommandBehavior behavior)
   at System.Data.Entity.Core.EntityClient.Internal.EntityCommandDefinition.ExecuteStoreCommands(EntityCommand entityCommand, CommandBehavior behavior)
   --- End of inner exception stack trace ---
   at System.Data.Entity.Core.EntityClient.Internal.EntityCommandDefinition.ExecuteStoreCommands(EntityCommand entityCommand, CommandBehavior behavior)
   at System.Data.Entity.Core.Objects.Internal.ObjectQueryExecutionPlan.Execute[TResultType](ObjectContext context, ObjectParameterCollection parameterValues)
   at System.Data.Entity.Core.Objects.ObjectQuery`1.<>c__DisplayClass7.<GetResults>b__6()
   at System.Data.Entity.Core.Objects.ObjectContext.ExecuteInTransaction[T](Func`1 func, IDbExecutionStrategy executionStrategy, Boolean startLocalTransaction, Boolean releaseConnectionOnSuccess)
   at System.Data.Entity.Core.Objects.ObjectQuery`1.<>c__DisplayClass7.<GetResults>b__5()
   at System.Data.Entity.SqlServer.DefaultSqlExecutionStrategy.Execute[TResult](Func`1 operation)
   at System.Data.Entity.Core.Objects.ObjectQuery`1.GetResults(Nullable`1 forMergeOption)
   at System.Data.Entity.Core.Objects.ObjectQuery`1.<System.Collections.Generic.IEnumerable<T>.GetEnumerator>b__0()
   at System.Data.Entity.Internal.LazyEnumerator`1.MoveNext()
   at System.Linq.Enumerable.Single[TSource](IEnumerable`1 source)
   at System.Data.Entity.Core.Objects.ELinq.ObjectQueryProvider.<GetElementFunction>b__3[TResult](IEnumerable`1 sequence)
   at System.Data.Entity.Core.Objects.ELinq.ObjectQueryProvider.ExecuteSingle[TResult](IEnumerable`1 query, Expression queryRoot)
   at System.Data.Entity.Core.Objects.ELinq.ObjectQueryProvider.System.Linq.IQueryProvider.Execute[TResult](Expression expression)
   at System.Data.Entity.Internal.Linq.DbQueryProvider.Execute[TResult](Expression expression)
   at Kendo.Mvc.Extensions.QueryableExtensions.Count(IQueryable source)
   at Kendo.Mvc.Extensions.QueryableExtensions.CreateDataSourceResult[TModel,TResult](IQueryable queryable, DataSourceRequest request, ModelStateDictionary modelState, Func`2 selector)
   at Kendo.Mvc.Extensions.QueryableExtensions.ToDataSourceResult(IQueryable queryable, DataSourceRequest request, ModelStateDictionary modelState)
   at Kendo.Mvc.Extensions.QueryableExtensions.ToDataSourceResult(IQueryable enumerable, DataSourceRequest request)
   at NA.PMS.Repository.GeneralRepository.GetPropertyListForAllotment(DataSourceRequest request, Nullable`1 schemeId, Nullable`1 departmentId) in d:\TFSProject\NoidaAuthority\Source\NA.PMS\NA.PMS.Repository\General\GeneralRepository.cs:line 3025
   at NA.PMS.Service.GeneralService.GetPropertyListForAllotment(DataSourceRequest request, Nullable`1 schemeId, Nullable`1 departmentId) in d:\TFSProject\NoidaAuthority\Source\NA.PMS\NA.PMS.Service\General\GeneralService.cs:line 798
   at NA.PMS.Web.Areas.Property.Controllers.AllotmentController.GetPropertyIdListByScheme(DataSourceRequest request, Nullable`1 schemeId, Nullable`1 departmentId) in d:\TFSProject\NoidaAuthority\Source\NA.PMS\NA.PMS.Web\Areas\Property\Controllers\AllotmentController.cs:line 2291
   at lambda_method(Closure , ControllerBase , Object[] )
   at System.Web.Mvc.ActionMethodDispatcher.Execute(ControllerBase controller, Object[] parameters)
   at System.Web.Mvc.ReflectedActionDescriptor.Execute(ControllerContext controllerContext, IDictionary`2 parameters)
   at System.Web.Mvc.ControllerActionInvoker.InvokeActionMethod(ControllerContext controllerContext, ActionDescriptor actionDescriptor, IDictionary`2 parameters)
   at System.Web.Mvc.Async.AsyncControllerActionInvoker.ActionInvocation.InvokeSynchronousActionMethod()
   at System.Web.Mvc.Async.AsyncControllerActionInvoker.<BeginInvokeSynchronousActionMethod>b__39(IAsyncResult asyncResult, ActionInvocation innerInvokeState)
   at System.Web.Mvc.Async.AsyncResultWrapper.WrappedAsyncResult`2.CallEndDelegate(IAsyncResult asyncResult)
   at System.Web.Mvc.Async.AsyncResultWrapper.WrappedAsyncResultBase`1.End()
   at System.Web.Mvc.Async.AsyncResultWrapper.End[TResult](IAsyncResult asyncResult, Object tag)
   at System.Web.Mvc.Async.AsyncControllerActionInvoker.EndInvokeActionMethod(IAsyncResult asyncResult)
   at System.Web.Mvc.Async.AsyncControllerActionInvoker.AsyncInvocationWithFilters.<InvokeActionMethodFilterAsynchronouslyRecursive>b__3d()
   at System.Web.Mvc.Async.AsyncControllerActionInvoker.AsyncInvocationWithFilters.<>c__DisplayClass46.<InvokeActionMethodFilterAsynchronouslyRecursive>b__3f()
   at System.Web.Mvc.Async.AsyncControllerActionInvoker.AsyncInvocationWithFilters.<>c__DisplayClass46.<InvokeActionMethodFilterAsynchronouslyRecursive>b__3f()
   at System.Web.Mvc.Async.AsyncControllerActionInvoker.<>c__DisplayClass33.<BeginInvokeActionMethodWithFilters>b__32(IAsyncResult asyncResult)
   at System.Web.Mvc.Async.AsyncResultWrapper.WrappedAsyncResult`1.CallEndDelegate(IAsyncResult asyncResult)
   at System.Web.Mvc.Async.AsyncResultWrapper.WrappedAsyncResultBase`1.End()
   at System.Web.Mvc.Async.AsyncResultWrapper.End[TResult](IAsyncResult asyncResult, Object tag)
   at System.Web.Mvc.Async.AsyncControllerActionInvoker.EndInvokeActionMethodWithFilters(IAsyncResult asyncResult)
   at System.Web.Mvc.Async.AsyncControllerActionInvoker.<>c__DisplayClass21.<>c__DisplayClass2b.<BeginInvokeAction>b__1c()
   at System.Web.Mvc.Async.AsyncControllerActionInvoker.<>c__DisplayClass21.<BeginInvokeAction>b__1e(IAsyncResult asyncResult)
   at System.Web.Mvc.Async.AsyncResultWrapper.WrappedAsyncResult`1.CallEndDelegate(IAsyncResult asyncResult)
   at System.Web.Mvc.Async.AsyncResultWrapper.WrappedAsyncResultBase`1.End()
   at System.Web.Mvc.Async.AsyncResultWrapper.End[TResult](IAsyncResult asyncResult, Object tag)
   at System.Web.Mvc.Async.AsyncControllerActionInvoker.EndInvokeAction(IAsyncResult asyncResult)
   at System.Web.Mvc.Controller.<BeginExecuteCore>b__1d(IAsyncResult asyncResult, ExecuteCoreState innerState)
   at System.Web.Mvc.Async.AsyncResultWrapper.WrappedAsyncVoid`1.CallEndDelegate(IAsyncResult asyncResult)
   at System.Web.Mvc.Async.AsyncResultWrapper.WrappedAsyncResultBase`1.End()
   at System.Web.Mvc.Async.AsyncResultWrapper.End[TResult](IAsyncResult asyncResult, Object tag)
   at System.Web.Mvc.Async.AsyncResultWrapper.End(IAsyncResult asyncResult, Object tag)
   at System.Web.Mvc.Controller.EndExecuteCore(IAsyncResult asyncResult)
   at System.Web.Mvc.Controller.<BeginExecute>b__15(IAsyncResult asyncResult, Controller controller)
   at System.Web.Mvc.Async.AsyncResultWrapper.WrappedAsyncVoid`1.CallEndDelegate(IAsyncResult asyncResult)
   at System.Web.Mvc.Async.AsyncResultWrapper.WrappedAsyncResultBase`1.End()
   at System.Web.Mvc.Async.AsyncResultWrapper.End[TResult](IAsyncResult asyncResult, Object tag)
   at System.Web.Mvc.Async.AsyncResultWrapper.End(IAsyncResult asyncResult, Object tag)
   at System.Web.Mvc.Controller.EndExecute(IAsyncResult asyncResult)
   at System.Web.Mvc.Controller.System.Web.Mvc.Async.IAsyncController.EndExecute(IAsyncResult asyncResult)
   at System.Web.Mvc.MvcHandler.<BeginProcessRequest>b__5(IAsyncResult asyncResult, ProcessRequestState innerState)
   at System.Web.Mvc.Async.AsyncResultWrapper.WrappedAsyncVoid`1.CallEndDelegate(IAsyncResult asyncResult)
   at System.Web.Mvc.Async.AsyncResultWrapper.WrappedAsyncResultBase`1.End()
   at System.Web.Mvc.Async.AsyncResultWrapper.End[TResult](IAsyncResult asyncResult, Object tag)
   at System.Web.Mvc.Async.AsyncResultWrapper.End(IAsyncResult asyncResult, Object tag)
   at System.Web.Mvc.MvcHandler.EndProcessRequest(IAsyncResult asyncResult)
   at System.Web.Mvc.MvcHandler.System.Web.IHttpAsyncHandler.EndProcessRequest(IAsyncResult result)
   at System.Web.HttpApplication.CallHandlerExecutionStep.System.Web.HttpApplication.IExecutionStep.Execute()
   at System.Web.HttpApplication.ExecuteStepImpl(IExecutionStep step)
   at System.Web.HttpApplication.ExecuteStep(IExecutionStep step, Boolean& completedSynchronously)
2021-07-29 12:51:57,048 => INFO  NA.PMS.Common.Logger.LogService.LogInformation():24 - Executing Action: GetPropertyIdListByScheme on Controller: Allotment For User : skumar.
2021-07-29 12:56:58,416 => INFO  NA.PMS.Common.Logger.LogService.LogInformation():24 - Executing Action: Index on Controller: Allotment For User : skumar.
2021-07-29 12:56:58,426 => INFO  NA.PMS.Common.Logger.LogService.LogInformation():24 - Executed Action: Index on Controller: Allotment For User : skumar.
2021-07-29 12:57:00,385 => INFO  NA.PMS.Common.Logger.LogService.LogInformation():24 - Executing Action: GetSchemeListAsDataSource on Controller: Allotment For User : skumar.
2021-07-29 12:57:00,727 => INFO  NA.PMS.Common.Logger.LogService.LogInformation():24 - Executed Action: GetSchemeListAsDataSource on Controller: Allotment For User : skumar.
2021-07-29 12:57:01,450 => INFO  NA.PMS.Common.Logger.LogService.LogInformation():24 - Executing Action: GetApplicationFormAsDataSourceByApplicationId on Controller: Allotment For User : skumar.
2021-07-29 12:57:01,619 => INFO  NA.PMS.Common.Logger.LogService.LogInformation():24 - Executed Action: GetApplicationFormAsDataSourceByApplicationId on Controller: Allotment For User : skumar.
2021-07-29 12:57:02,116 => INFO  NA.PMS.Common.Logger.LogService.LogInformation():24 - Executing Action: GetPropertyDetailAsDataSourceByPropertyId on Controller: Allotment For User : skumar.
2021-07-29 12:57:02,261 => INFO  NA.PMS.Common.Logger.LogService.LogInformation():24 - Executed Action: GetPropertyDetailAsDataSourceByPropertyId on Controller: Allotment For User : skumar.
2021-07-29 12:57:03,376 => INFO  NA.PMS.Common.Logger.LogService.LogInformation():24 - Executing Action: GetApproverIdList on Controller: Allotment For User : skumar.
2021-07-29 12:57:03,590 => INFO  NA.PMS.Common.Logger.LogService.LogInformation():24 - Executed Action: GetApproverIdList on Controller: Allotment For User : skumar.
2021-07-29 12:57:04,655 => INFO  NA.PMS.Common.Logger.LogService.LogInformation():24 - Executing Action: GetAllottedPropertyFormListById on Controller: Allotment For User : skumar.
2021-07-29 12:57:06,776 => INFO  NA.PMS.Common.Logger.LogService.LogInformation():24 - Executed Action: GetAllottedPropertyFormListById on Controller: Allotment For User : skumar.
2021-07-29 12:57:12,004 => INFO  NA.PMS.Common.Logger.LogService.LogInformation():24 - Executing Action: GetSchemeListAsDataSource on Controller: Allotment For User : skumar.
2021-07-29 12:57:13,211 => INFO  NA.PMS.Common.Logger.LogService.LogInformation():24 - Executed Action: GetSchemeListAsDataSource on Controller: Allotment For User : skumar.
2021-07-29 12:57:13,498 => INFO  NA.PMS.Common.Logger.LogService.LogInformation():24 - Executing Action: GetSchemeListAsDataSource on Controller: Allotment For User : skumar.
2021-07-29 12:57:13,617 => INFO  NA.PMS.Common.Logger.LogService.LogInformation():24 - Executed Action: GetSchemeListAsDataSource on Controller: Allotment For User : skumar.
2021-07-29 12:57:14,468 => INFO  NA.PMS.Common.Logger.LogService.LogInformation():24 - Executing Action: GetDepartmentListBySchemeId on Controller: Allotment For User : skumar.
2021-07-29 12:57:14,762 => INFO  NA.PMS.Common.Logger.LogService.LogInformation():24 - Executed Action: GetDepartmentListBySchemeId on Controller: Allotment For User : skumar.
2021-07-29 12:57:15,241 => INFO  NA.PMS.Common.Logger.LogService.LogInformation():24 - Executing Action: GetDepartmentListBySchemeId on Controller: Allotment For User : skumar.
2021-07-29 12:57:15,425 => INFO  NA.PMS.Common.Logger.LogService.LogInformation():24 - Executed Action: GetDepartmentListBySchemeId on Controller: Allotment For User : skumar.
2021-07-29 12:57:15,874 => INFO  NA.PMS.Common.Logger.LogService.LogInformation():24 - Executing Action: GetAllottedPropertyFormListById on Controller: Allotment For User : skumar.
2021-07-29 12:57:19,868 => INFO  NA.PMS.Common.Logger.LogService.LogInformation():24 - Executed Action: GetAllottedPropertyFormListById on Controller: Allotment For User : skumar.
2021-07-29 12:57:20,501 => INFO  NA.PMS.Common.Logger.LogService.LogInformation():24 - Executing Action: GetAllottedPropertyFormListById on Controller: Allotment For User : skumar.
2021-07-29 12:57:23,399 => INFO  NA.PMS.Common.Logger.LogService.LogInformation():24 - Executed Action: GetAllottedPropertyFormListById on Controller: Allotment For User : skumar.
2021-07-29 12:57:38,111 => INFO  NA.PMS.Common.Logger.LogService.LogInformation():24 - Executed Action: GetPropertyIdListByScheme on Controller: Allotment For User : skumar.
2021-07-29 12:57:38,299 => ERROR NA.PMS.Common.Logger.LogService.LogError():97 - Controller Exception
System.Data.Entity.Core.EntityCommandExecutionException: An error occurred while executing the command definition. See the inner exception for details. ---> System.Data.SqlClient.SqlException: Execution Timeout Expired.  The timeout period elapsed prior to completion of the operation or the server is not responding. ---> System.ComponentModel.Win32Exception: The wait operation timed out
   --- End of inner exception stack trace ---
   at System.Data.SqlClient.SqlConnection.OnError(SqlException exception, Boolean breakConnection, Action`1 wrapCloseInAction)
   at System.Data.SqlClient.SqlInternalConnection.OnError(SqlException exception, Boolean breakConnection, Action`1 wrapCloseInAction)
   at System.Data.SqlClient.TdsParser.ThrowExceptionAndWarning(TdsParserStateObject stateObj, Boolean callerHasConnectionLock, Boolean asyncClose)
   at System.Data.SqlClient.TdsParser.TryRun(RunBehavior runBehavior, SqlCommand cmdHandler, SqlDataReader dataStream, BulkCopySimpleResultSet bulkCopyHandler, TdsParserStateObject stateObj, Boolean& dataReady)
   at System.Data.SqlClient.SqlDataReader.TryConsumeMetaData()
   at System.Data.SqlClient.SqlDataReader.get_MetaData()
   at System.Data.SqlClient.SqlCommand.FinishExecuteReader(SqlDataReader ds, RunBehavior runBehavior, String resetOptionsString, Boolean isInternal, Boolean forDescribeParameterEncryption, Boolean shouldCacheForAlwaysEncrypted)
   at System.Data.SqlClient.SqlCommand.RunExecuteReaderTds(CommandBehavior cmdBehavior, RunBehavior runBehavior, Boolean returnStream, Boolean async, Int32 timeout, Task& task, Boolean asyncWrite, Boolean inRetry, SqlDataReader ds, Boolean describeParameterEncryptionRequest)
   at System.Data.SqlClient.SqlCommand.RunExecuteReader(CommandBehavior cmdBehavior, RunBehavior runBehavior, Boolean returnStream, String method, TaskCompletionSource`1 completion, Int32 timeout, Task& task, Boolean& usedCache, Boolean asyncWrite, Boolean inRetry)
   at System.Data.SqlClient.SqlCommand.RunExecuteReader(CommandBehavior cmdBehavior, RunBehavior runBehavior, Boolean returnStream, String method)
   at System.Data.SqlClient.SqlCommand.ExecuteReader(CommandBehavior behavior, String method)
   at System.Data.SqlClient.SqlCommand.ExecuteDbDataReader(CommandBehavior behavior)
   at System.Data.Common.DbCommand.ExecuteReader(CommandBehavior behavior)
   at System.Data.Entity.Infrastructure.Interception.DbCommandDispatcher.<Reader>b__c(DbCommand t, DbCommandInterceptionContext`1 c)
   at System.Data.Entity.Infrastructure.Interception.InternalDispatcher`1.Dispatch[TTarget,TInterceptionContext,TResult](TTarget target, Func`3 operation, TInterceptionContext interceptionContext, Action`3 executing, Action`3 executed)
   at System.Data.Entity.Infrastructure.Interception.DbCommandDispatcher.Reader(DbCommand command, DbCommandInterceptionContext interceptionContext)
   at System.Data.Entity.Internal.InterceptableDbCommand.ExecuteDbDataReader(CommandBehavior behavior)
   at System.Data.Common.DbCommand.ExecuteReader(CommandBehavior behavior)
   at System.Data.Entity.Core.EntityClient.Internal.EntityCommandDefinition.ExecuteStoreCommands(EntityCommand entityCommand, CommandBehavior behavior)
   --- End of inner exception stack trace ---
   at System.Data.Entity.Core.EntityClient.Internal.EntityCommandDefinition.ExecuteStoreCommands(EntityCommand entityCommand, CommandBehavior behavior)
   at System.Data.Entity.Core.Objects.Internal.ObjectQueryExecutionPlan.Execute[TResultType](ObjectContext context, ObjectParameterCollection parameterValues)
   at System.Data.Entity.Core.Objects.ObjectQuery`1.<>c__DisplayClass7.<GetResults>b__6()
   at System.Data.Entity.Core.Objects.ObjectContext.ExecuteInTransaction[T](Func`1 func, IDbExecutionStrategy executionStrategy, Boolean startLocalTransaction, Boolean releaseConnectionOnSuccess)
   at System.Data.Entity.Core.Objects.ObjectQuery`1.<>c__DisplayClass7.<GetResults>b__5()
   at System.Data.Entity.SqlServer.DefaultSqlExecutionStrategy.Execute[TResult](Func`1 operation)
   at System.Data.Entity.Core.Objects.ObjectQuery`1.GetResults(Nullable`1 forMergeOption)
   at System.Data.Entity.Core.Objects.ObjectQuery`1.<System.Collections.Generic.IEnumerable<T>.GetEnumerator>b__0()
   at System.Data.Entity.Internal.LazyEnumerator`1.MoveNext()
   at System.Linq.Enumerable.Single[TSource](IEnumerable`1 source)
   at System.Data.Entity.Core.Objects.ELinq.ObjectQueryProvider.<GetElementFunction>b__3[TResult](IEnumerable`1 sequence)
   at System.Data.Entity.Core.Objects.ELinq.ObjectQueryProvider.ExecuteSingle[TResult](IEnumerable`1 query, Expression queryRoot)
   at System.Data.Entity.Core.Objects.ELinq.ObjectQueryProvider.System.Linq.IQueryProvider.Execute[TResult](Expression expression)
   at System.Data.Entity.Internal.Linq.DbQueryProvider.Execute[TResult](Expression expression)
   at Kendo.Mvc.Extensions.QueryableExtensions.Count(IQueryable source)
   at Kendo.Mvc.Extensions.QueryableExtensions.CreateDataSourceResult[TModel,TResult](IQueryable queryable, DataSourceRequest request, ModelStateDictionary modelState, Func`2 selector)
   at Kendo.Mvc.Extensions.QueryableExtensions.ToDataSourceResult(IQueryable queryable, DataSourceRequest request, ModelStateDictionary modelState)
   at Kendo.Mvc.Extensions.QueryableExtensions.ToDataSourceResult(IQueryable enumerable, DataSourceRequest request)
   at NA.PMS.Repository.GeneralRepository.GetPropertyListForAllotment(DataSourceRequest request, Nullable`1 schemeId, Nullable`1 departmentId) in d:\TFSProject\NoidaAuthority\Source\NA.PMS\NA.PMS.Repository\General\GeneralRepository.cs:line 3025
   at NA.PMS.Service.GeneralService.GetPropertyListForAllotment(DataSourceRequest request, Nullable`1 schemeId, Nullable`1 departmentId) in d:\TFSProject\NoidaAuthority\Source\NA.PMS\NA.PMS.Service\General\GeneralService.cs:line 798
   at NA.PMS.Web.Areas.Property.Controllers.AllotmentController.GetPropertyIdListByScheme(DataSourceRequest request, Nullable`1 schemeId, Nullable`1 departmentId) in d:\TFSProject\NoidaAuthority\Source\NA.PMS\NA.PMS.Web\Areas\Property\Controllers\AllotmentController.cs:line 2291
   at lambda_method(Closure , ControllerBase , Object[] )
   at System.Web.Mvc.ActionMethodDispatcher.Execute(ControllerBase controller, Object[] parameters)
   at System.Web.Mvc.ReflectedActionDescriptor.Execute(ControllerContext controllerContext, IDictionary`2 parameters)
   at System.Web.Mvc.ControllerActionInvoker.InvokeActionMethod(ControllerContext controllerContext, ActionDescriptor actionDescriptor, IDictionary`2 parameters)
   at System.Web.Mvc.Async.AsyncControllerActionInvoker.ActionInvocation.InvokeSynchronousActionMethod()
   at System.Web.Mvc.Async.AsyncControllerActionInvoker.<BeginInvokeSynchronousActionMethod>b__39(IAsyncResult asyncResult, ActionInvocation innerInvokeState)
   at System.Web.Mvc.Async.AsyncResultWrapper.WrappedAsyncResult`2.CallEndDelegate(IAsyncResult asyncResult)
   at System.Web.Mvc.Async.AsyncResultWrapper.WrappedAsyncResultBase`1.End()
   at System.Web.Mvc.Async.AsyncResultWrapper.End[TResult](IAsyncResult asyncResult, Object tag)
   at System.Web.Mvc.Async.AsyncControllerActionInvoker.EndInvokeActionMethod(IAsyncResult asyncResult)
   at System.Web.Mvc.Async.AsyncControllerActionInvoker.AsyncInvocationWithFilters.<InvokeActionMethodFilterAsynchronouslyRecursive>b__3d()
   at System.Web.Mvc.Async.AsyncControllerActionInvoker.AsyncInvocationWithFilters.<>c__DisplayClass46.<InvokeActionMethodFilterAsynchronouslyRecursive>b__3f()
   at System.Web.Mvc.Async.AsyncControllerActionInvoker.AsyncInvocationWithFilters.<>c__DisplayClass46.<InvokeActionMethodFilterAsynchronouslyRecursive>b__3f()
   at System.Web.Mvc.Async.AsyncControllerActionInvoker.<>c__DisplayClass33.<BeginInvokeActionMethodWithFilters>b__32(IAsyncResult asyncResult)
   at System.Web.Mvc.Async.AsyncResultWrapper.WrappedAsyncResult`1.CallEndDelegate(IAsyncResult asyncResult)
   at System.Web.Mvc.Async.AsyncResultWrapper.WrappedAsyncResultBase`1.End()
   at System.Web.Mvc.Async.AsyncResultWrapper.End[TResult](IAsyncResult asyncResult, Object tag)
   at System.Web.Mvc.Async.AsyncControllerActionInvoker.EndInvokeActionMethodWithFilters(IAsyncResult asyncResult)
   at System.Web.Mvc.Async.AsyncControllerActionInvoker.<>c__DisplayClass21.<>c__DisplayClass2b.<BeginInvokeAction>b__1c()
   at System.Web.Mvc.Async.AsyncControllerActionInvoker.<>c__DisplayClass21.<BeginInvokeAction>b__1e(IAsyncResult asyncResult)
2021-07-29 12:57:38,349 => ERROR NA.PMS.Common.Logger.LogService.LogError():97 - Global Exception
System.Data.Entity.Core.EntityCommandExecutionException: An error occurred while executing the command definition. See the inner exception for details. ---> System.Data.SqlClient.SqlException: Execution Timeout Expired.  The timeout period elapsed prior to completion of the operation or the server is not responding. ---> System.ComponentModel.Win32Exception: The wait operation timed out
   --- End of inner exception stack trace ---
   at System.Data.SqlClient.SqlConnection.OnError(SqlException exception, Boolean breakConnection, Action`1 wrapCloseInAction)
   at System.Data.SqlClient.SqlInternalConnection.OnError(SqlException exception, Boolean breakConnection, Action`1 wrapCloseInAction)
   at System.Data.SqlClient.TdsParser.ThrowExceptionAndWarning(TdsParserStateObject stateObj, Boolean callerHasConnectionLock, Boolean asyncClose)
   at System.Data.SqlClient.TdsParser.TryRun(RunBehavior runBehavior, SqlCommand cmdHandler, SqlDataReader dataStream, BulkCopySimpleResultSet bulkCopyHandler, TdsParserStateObject stateObj, Boolean& dataReady)
   at System.Data.SqlClient.SqlDataReader.TryConsumeMetaData()
   at System.Data.SqlClient.SqlDataReader.get_MetaData()
   at System.Data.SqlClient.SqlCommand.FinishExecuteReader(SqlDataReader ds, RunBehavior runBehavior, String resetOptionsString, Boolean isInternal, Boolean forDescribeParameterEncryption, Boolean shouldCacheForAlwaysEncrypted)
   at System.Data.SqlClient.SqlCommand.RunExecuteReaderTds(CommandBehavior cmdBehavior, RunBehavior runBehavior, Boolean returnStream, Boolean async, Int32 timeout, Task& task, Boolean asyncWrite, Boolean inRetry, SqlDataReader ds, Boolean describeParameterEncryptionRequest)
   at System.Data.SqlClient.SqlCommand.RunExecuteReader(CommandBehavior cmdBehavior, RunBehavior runBehavior, Boolean returnStream, String method, TaskCompletionSource`1 completion, Int32 timeout, Task& task, Boolean& usedCache, Boolean asyncWrite, Boolean inRetry)
   at System.Data.SqlClient.SqlCommand.RunExecuteReader(CommandBehavior cmdBehavior, RunBehavior runBehavior, Boolean returnStream, String method)
   at System.Data.SqlClient.SqlCommand.ExecuteReader(CommandBehavior behavior, String method)
   at System.Data.SqlClient.SqlCommand.ExecuteDbDataReader(CommandBehavior behavior)
   at System.Data.Common.DbCommand.ExecuteReader(CommandBehavior behavior)
   at System.Data.Entity.Infrastructure.Interception.DbCommandDispatcher.<Reader>b__c(DbCommand t, DbCommandInterceptionContext`1 c)
   at System.Data.Entity.Infrastructure.Interception.InternalDispatcher`1.Dispatch[TTarget,TInterceptionContext,TResult](TTarget target, Func`3 operation, TInterceptionContext interceptionContext, Action`3 executing, Action`3 executed)
   at System.Data.Entity.Infrastructure.Interception.DbCommandDispatcher.Reader(DbCommand command, DbCommandInterceptionContext interceptionContext)
   at System.Data.Entity.Internal.InterceptableDbCommand.ExecuteDbDataReader(CommandBehavior behavior)
   at System.Data.Common.DbCommand.ExecuteReader(CommandBehavior behavior)
   at System.Data.Entity.Core.EntityClient.Internal.EntityCommandDefinition.ExecuteStoreCommands(EntityCommand entityCommand, CommandBehavior behavior)
   --- End of inner exception stack trace ---
   at System.Data.Entity.Core.EntityClient.Internal.EntityCommandDefinition.ExecuteStoreCommands(EntityCommand entityCommand, CommandBehavior behavior)
   at System.Data.Entity.Core.Objects.Internal.ObjectQueryExecutionPlan.Execute[TResultType](ObjectContext context, ObjectParameterCollection parameterValues)
   at System.Data.Entity.Core.Objects.ObjectQuery`1.<>c__DisplayClass7.<GetResults>b__6()
   at System.Data.Entity.Core.Objects.ObjectContext.ExecuteInTransaction[T](Func`1 func, IDbExecutionStrategy executionStrategy, Boolean startLocalTransaction, Boolean releaseConnectionOnSuccess)
   at System.Data.Entity.Core.Objects.ObjectQuery`1.<>c__DisplayClass7.<GetResults>b__5()
   at System.Data.Entity.SqlServer.DefaultSqlExecutionStrategy.Execute[TResult](Func`1 operation)
   at System.Data.Entity.Core.Objects.ObjectQuery`1.GetResults(Nullable`1 forMergeOption)
   at System.Data.Entity.Core.Objects.ObjectQuery`1.<System.Collections.Generic.IEnumerable<T>.GetEnumerator>b__0()
   at System.Data.Entity.Internal.LazyEnumerator`1.MoveNext()
   at System.Linq.Enumerable.Single[TSource](IEnumerable`1 source)
   at System.Data.Entity.Core.Objects.ELinq.ObjectQueryProvider.<GetElementFunction>b__3[TResult](IEnumerable`1 sequence)
   at System.Data.Entity.Core.Objects.ELinq.ObjectQueryProvider.ExecuteSingle[TResult](IEnumerable`1 query, Expression queryRoot)
   at System.Data.Entity.Core.Objects.ELinq.ObjectQueryProvider.System.Linq.IQueryProvider.Execute[TResult](Expression expression)
   at System.Data.Entity.Internal.Linq.DbQueryProvider.Execute[TResult](Expression expression)
   at Kendo.Mvc.Extensions.QueryableExtensions.Count(IQueryable source)
   at Kendo.Mvc.Extensions.QueryableExtensions.CreateDataSourceResult[TModel,TResult](IQueryable queryable, DataSourceRequest request, ModelStateDictionary modelState, Func`2 selector)
   at Kendo.Mvc.Extensions.QueryableExtensions.ToDataSourceResult(IQueryable queryable, DataSourceRequest request, ModelStateDictionary modelState)
   at Kendo.Mvc.Extensions.QueryableExtensions.ToDataSourceResult(IQueryable enumerable, DataSourceRequest request)
   at NA.PMS.Repository.GeneralRepository.GetPropertyListForAllotment(DataSourceRequest request, Nullable`1 schemeId, Nullable`1 departmentId) in d:\TFSProject\NoidaAuthority\Source\NA.PMS\NA.PMS.Repository\General\GeneralRepository.cs:line 3025
   at NA.PMS.Service.GeneralService.GetPropertyListForAllotment(DataSourceRequest request, Nullable`1 schemeId, Nullable`1 departmentId) in d:\TFSProject\NoidaAuthority\Source\NA.PMS\NA.PMS.Service\General\GeneralService.cs:line 798
   at NA.PMS.Web.Areas.Property.Controllers.AllotmentController.GetPropertyIdListByScheme(DataSourceRequest request, Nullable`1 schemeId, Nullable`1 departmentId) in d:\TFSProject\NoidaAuthority\Source\NA.PMS\NA.PMS.Web\Areas\Property\Controllers\AllotmentController.cs:line 2291
   at lambda_method(Closure , ControllerBase , Object[] )
   at System.Web.Mvc.ActionMethodDispatcher.Execute(ControllerBase controller, Object[] parameters)
   at System.Web.Mvc.ReflectedActionDescriptor.Execute(ControllerContext controllerContext, IDictionary`2 parameters)
   at System.Web.Mvc.ControllerActionInvoker.InvokeActionMethod(ControllerContext controllerContext, ActionDescriptor actionDescriptor, IDictionary`2 parameters)
   at System.Web.Mvc.Async.AsyncControllerActionInvoker.ActionInvocation.InvokeSynchronousActionMethod()
   at System.Web.Mvc.Async.AsyncControllerActionInvoker.<BeginInvokeSynchronousActionMethod>b__39(IAsyncResult asyncResult, ActionInvocation innerInvokeState)
   at System.Web.Mvc.Async.AsyncResultWrapper.WrappedAsyncResult`2.CallEndDelegate(IAsyncResult asyncResult)
   at System.Web.Mvc.Async.AsyncResultWrapper.WrappedAsyncResultBase`1.End()
   at System.Web.Mvc.Async.AsyncResultWrapper.End[TResult](IAsyncResult asyncResult, Object tag)
   at System.Web.Mvc.Async.AsyncControllerActionInvoker.EndInvokeActionMethod(IAsyncResult asyncResult)
   at System.Web.Mvc.Async.AsyncControllerActionInvoker.AsyncInvocationWithFilters.<InvokeActionMethodFilterAsynchronouslyRecursive>b__3d()
   at System.Web.Mvc.Async.AsyncControllerActionInvoker.AsyncInvocationWithFilters.<>c__DisplayClass46.<InvokeActionMethodFilterAsynchronouslyRecursive>b__3f()
   at System.Web.Mvc.Async.AsyncControllerActionInvoker.AsyncInvocationWithFilters.<>c__DisplayClass46.<InvokeActionMethodFilterAsynchronouslyRecursive>b__3f()
   at System.Web.Mvc.Async.AsyncControllerActionInvoker.<>c__DisplayClass33.<BeginInvokeActionMethodWithFilters>b__32(IAsyncResult asyncResult)
   at System.Web.Mvc.Async.AsyncResultWrapper.WrappedAsyncResult`1.CallEndDelegate(IAsyncResult asyncResult)
   at System.Web.Mvc.Async.AsyncResultWrapper.WrappedAsyncResultBase`1.End()
   at System.Web.Mvc.Async.AsyncResultWrapper.End[TResult](IAsyncResult asyncResult, Object tag)
   at System.Web.Mvc.Async.AsyncControllerActionInvoker.EndInvokeActionMethodWithFilters(IAsyncResult asyncResult)
   at System.Web.Mvc.Async.AsyncControllerActionInvoker.<>c__DisplayClass21.<>c__DisplayClass2b.<BeginInvokeAction>b__1c()
   at System.Web.Mvc.Async.AsyncControllerActionInvoker.<>c__DisplayClass21.<BeginInvokeAction>b__1e(IAsyncResult asyncResult)
   at System.Web.Mvc.Async.AsyncResultWrapper.WrappedAsyncResult`1.CallEndDelegate(IAsyncResult asyncResult)
   at System.Web.Mvc.Async.AsyncResultWrapper.WrappedAsyncResultBase`1.End()
   at System.Web.Mvc.Async.AsyncResultWrapper.End[TResult](IAsyncResult asyncResult, Object tag)
   at System.Web.Mvc.Async.AsyncControllerActionInvoker.EndInvokeAction(IAsyncResult asyncResult)
   at System.Web.Mvc.Controller.<BeginExecuteCore>b__1d(IAsyncResult asyncResult, ExecuteCoreState innerState)
   at System.Web.Mvc.Async.AsyncResultWrapper.WrappedAsyncVoid`1.CallEndDelegate(IAsyncResult asyncResult)
   at System.Web.Mvc.Async.AsyncResultWrapper.WrappedAsyncResultBase`1.End()
   at System.Web.Mvc.Async.AsyncResultWrapper.End[TResult](IAsyncResult asyncResult, Object tag)
   at System.Web.Mvc.Async.AsyncResultWrapper.End(IAsyncResult asyncResult, Object tag)
   at System.Web.Mvc.Controller.EndExecuteCore(IAsyncResult asyncResult)
   at System.Web.Mvc.Controller.<BeginExecute>b__15(IAsyncResult asyncResult, Controller controller)
   at System.Web.Mvc.Async.AsyncResultWrapper.WrappedAsyncVoid`1.CallEndDelegate(IAsyncResult asyncResult)
   at System.Web.Mvc.Async.AsyncResultWrapper.WrappedAsyncResultBase`1.End()
   at System.Web.Mvc.Async.AsyncResultWrapper.End[TResult](IAsyncResult asyncResult, Object tag)
   at System.Web.Mvc.Async.AsyncResultWrapper.End(IAsyncResult asyncResult, Object tag)
   at System.Web.Mvc.Controller.EndExecute(IAsyncResult asyncResult)
   at System.Web.Mvc.Controller.System.Web.Mvc.Async.IAsyncController.EndExecute(IAsyncResult asyncResult)
   at System.Web.Mvc.MvcHandler.<BeginProcessRequest>b__5(IAsyncResult asyncResult, ProcessRequestState innerState)
   at System.Web.Mvc.Async.AsyncResultWrapper.WrappedAsyncVoid`1.CallEndDelegate(IAsyncResult asyncResult)
   at System.Web.Mvc.Async.AsyncResultWrapper.WrappedAsyncResultBase`1.End()
   at System.Web.Mvc.Async.AsyncResultWrapper.End[TResult](IAsyncResult asyncResult, Object tag)
   at System.Web.Mvc.Async.AsyncResultWrapper.End(IAsyncResult asyncResult, Object tag)
   at System.Web.Mvc.MvcHandler.EndProcessRequest(IAsyncResult asyncResult)
   at System.Web.Mvc.MvcHandler.System.Web.IHttpAsyncHandler.EndProcessRequest(IAsyncResult result)
   at System.Web.HttpApplication.CallHandlerExecutionStep.System.Web.HttpApplication.IExecutionStep.Execute()
   at System.Web.HttpApplication.ExecuteStepImpl(IExecutionStep step)
   at System.Web.HttpApplication.ExecuteStep(IExecutionStep step, Boolean& completedSynchronously)
2021-07-29 12:57:38,382 => INFO  NA.PMS.Common.Logger.LogService.LogInformation():24 - Executing Action: GetApplicationFormListAsDataSource on Controller: Allotment For User : skumar.
2021-07-29 12:57:38,510 => INFO  NA.PMS.Common.Logger.LogService.LogInformation():24 - Executed Action: GetApplicationFormListAsDataSource on Controller: Allotment For User : skumar.
2021-07-29 12:57:38,821 => INFO  NA.PMS.Common.Logger.LogService.LogInformation():24 - Executing Action: GetPropertyIdListByScheme on Controller: Allotment For User : skumar.
2021-07-29 12:58:26,021 => INFO  NA.PMS.Common.Logger.LogService.LogInformation():24 - Executed Action: GetPropertyIdListByScheme on Controller: Allotment For User : skumar.
2021-07-29 12:58:26,096 => ERROR NA.PMS.Common.Logger.LogService.LogError():97 - Controller Exception
System.Data.Entity.Core.EntityCommandExecutionException: An error occurred while executing the command definition. See the inner exception for details. ---> System.Data.SqlClient.SqlException: Execution Timeout Expired.  The timeout period elapsed prior to completion of the operation or the server is not responding. ---> System.ComponentModel.Win32Exception: The wait operation timed out
   --- End of inner exception stack trace ---
   at System.Data.SqlClient.SqlConnection.OnError(SqlException exception, Boolean breakConnection, Action`1 wrapCloseInAction)
   at System.Data.SqlClient.SqlInternalConnection.OnError(SqlException exception, Boolean breakConnection, Action`1 wrapCloseInAction)
   at System.Data.SqlClient.TdsParser.ThrowExceptionAndWarning(TdsParserStateObject stateObj, Boolean callerHasConnectionLock, Boolean asyncClose)
   at System.Data.SqlClient.TdsParser.TryRun(RunBehavior runBehavior, SqlCommand cmdHandler, SqlDataReader dataStream, BulkCopySimpleResultSet bulkCopyHandler, TdsParserStateObject stateObj, Boolean& dataReady)
   at System.Data.SqlClient.SqlDataReader.TryConsumeMetaData()
   at System.Data.SqlClient.SqlDataReader.get_MetaData()
   at System.Data.SqlClient.SqlCommand.FinishExecuteReader(SqlDataReader ds, RunBehavior runBehavior, String resetOptionsString, Boolean isInternal, Boolean forDescribeParameterEncryption, Boolean shouldCacheForAlwaysEncrypted)
   at System.Data.SqlClient.SqlCommand.RunExecuteReaderTds(CommandBehavior cmdBehavior, RunBehavior runBehavior, Boolean returnStream, Boolean async, Int32 timeout, Task& task, Boolean asyncWrite, Boolean inRetry, SqlDataReader ds, Boolean describeParameterEncryptionRequest)
   at System.Data.SqlClient.SqlCommand.RunExecuteReader(CommandBehavior cmdBehavior, RunBehavior runBehavior, Boolean returnStream, String method, TaskCompletionSource`1 completion, Int32 timeout, Task& task, Boolean& usedCache, Boolean asyncWrite, Boolean inRetry)
   at System.Data.SqlClient.SqlCommand.RunExecuteReader(CommandBehavior cmdBehavior, RunBehavior runBehavior, Boolean returnStream, String method)
   at System.Data.SqlClient.SqlCommand.ExecuteReader(CommandBehavior behavior, String method)
   at System.Data.SqlClient.SqlCommand.ExecuteDbDataReader(CommandBehavior behavior)
   at System.Data.Common.DbCommand.ExecuteReader(CommandBehavior behavior)
   at System.Data.Entity.Infrastructure.Interception.DbCommandDispatcher.<Reader>b__c(DbCommand t, DbCommandInterceptionContext`1 c)
   at System.Data.Entity.Infrastructure.Interception.InternalDispatcher`1.Dispatch[TTarget,TInterceptionContext,TResult](TTarget target, Func`3 operation, TInterceptionContext interceptionContext, Action`3 executing, Action`3 executed)
   at System.Data.Entity.Infrastructure.Interception.DbCommandDispatcher.Reader(DbCommand command, DbCommandInterceptionContext interceptionContext)
   at System.Data.Entity.Internal.InterceptableDbCommand.ExecuteDbDataReader(CommandBehavior behavior)
   at System.Data.Common.DbCommand.ExecuteReader(CommandBehavior behavior)
   at System.Data.Entity.Core.EntityClient.Internal.EntityCommandDefinition.ExecuteStoreCommands(EntityCommand entityCommand, CommandBehavior behavior)
   --- End of inner exception stack trace ---
   at System.Data.Entity.Core.EntityClient.Internal.EntityCommandDefinition.ExecuteStoreCommands(EntityCommand entityCommand, CommandBehavior behavior)
   at System.Data.Entity.Core.Objects.Internal.ObjectQueryExecutionPlan.Execute[TResultType](ObjectContext context, ObjectParameterCollection parameterValues)
   at System.Data.Entity.Core.Objects.ObjectQuery`1.<>c__DisplayClass7.<GetResults>b__6()
   at System.Data.Entity.Core.Objects.ObjectContext.ExecuteInTransaction[T](Func`1 func, IDbExecutionStrategy executionStrategy, Boolean startLocalTransaction, Boolean releaseConnectionOnSuccess)
   at System.Data.Entity.Core.Objects.ObjectQuery`1.<>c__DisplayClass7.<GetResults>b__5()
   at System.Data.Entity.SqlServer.DefaultSqlExecutionStrategy.Execute[TResult](Func`1 operation)
   at System.Data.Entity.Core.Objects.ObjectQuery`1.GetResults(Nullable`1 forMergeOption)
   at System.Data.Entity.Core.Objects.ObjectQuery`1.<System.Collections.Generic.IEnumerable<T>.GetEnumerator>b__0()
   at System.Data.Entity.Internal.LazyEnumerator`1.MoveNext()
   at System.Linq.Enumerable.Single[TSource](IEnumerable`1 source)
   at System.Data.Entity.Core.Objects.ELinq.ObjectQueryProvider.<GetElementFunction>b__3[TResult](IEnumerable`1 sequence)
   at System.Data.Entity.Core.Objects.ELinq.ObjectQueryProvider.ExecuteSingle[TResult](IEnumerable`1 query, Expression queryRoot)
   at System.Data.Entity.Core.Objects.ELinq.ObjectQueryProvider.System.Linq.IQueryProvider.Execute[TResult](Expression expression)
   at System.Data.Entity.Internal.Linq.DbQueryProvider.Execute[TResult](Expression expression)
   at Kendo.Mvc.Extensions.QueryableExtensions.Count(IQueryable source)
   at Kendo.Mvc.Extensions.QueryableExtensions.CreateDataSourceResult[TModel,TResult](IQueryable queryable, DataSourceRequest request, ModelStateDictionary modelState, Func`2 selector)
   at Kendo.Mvc.Extensions.QueryableExtensions.ToDataSourceResult(IQueryable queryable, DataSourceRequest request, ModelStateDictionary modelState)
   at Kendo.Mvc.Extensions.QueryableExtensions.ToDataSourceResult(IQueryable enumerable, DataSourceRequest request)
   at NA.PMS.Repository.GeneralRepository.GetPropertyListForAllotment(DataSourceRequest request, Nullable`1 schemeId, Nullable`1 departmentId) in d:\TFSProject\NoidaAuthority\Source\NA.PMS\NA.PMS.Repository\General\GeneralRepository.cs:line 3025
   at NA.PMS.Service.GeneralService.GetPropertyListForAllotment(DataSourceRequest request, Nullable`1 schemeId, Nullable`1 departmentId) in d:\TFSProject\NoidaAuthority\Source\NA.PMS\NA.PMS.Service\General\GeneralService.cs:line 798
   at NA.PMS.Web.Areas.Property.Controllers.AllotmentController.GetPropertyIdListByScheme(DataSourceRequest request, Nullable`1 schemeId, Nullable`1 departmentId) in d:\TFSProject\NoidaAuthority\Source\NA.PMS\NA.PMS.Web\Areas\Property\Controllers\AllotmentController.cs:line 2291
   at lambda_method(Closure , ControllerBase , Object[] )
   at System.Web.Mvc.ActionMethodDispatcher.Execute(ControllerBase controller, Object[] parameters)
   at System.Web.Mvc.ReflectedActionDescriptor.Execute(ControllerContext controllerContext, IDictionary`2 parameters)
   at System.Web.Mvc.ControllerActionInvoker.InvokeActionMethod(ControllerContext controllerContext, ActionDescriptor actionDescriptor, IDictionary`2 parameters)
   at System.Web.Mvc.Async.AsyncControllerActionInvoker.ActionInvocation.InvokeSynchronousActionMethod()
   at System.Web.Mvc.Async.AsyncControllerActionInvoker.<BeginInvokeSynchronousActionMethod>b__39(IAsyncResult asyncResult, ActionInvocation innerInvokeState)
   at System.Web.Mvc.Async.AsyncResultWrapper.WrappedAsyncResult`2.CallEndDelegate(IAsyncResult asyncResult)
   at System.Web.Mvc.Async.AsyncResultWrapper.WrappedAsyncResultBase`1.End()
   at System.Web.Mvc.Async.AsyncResultWrapper.End[TResult](IAsyncResult asyncResult, Object tag)
   at System.Web.Mvc.Async.AsyncControllerActionInvoker.EndInvokeActionMethod(IAsyncResult asyncResult)
   at System.Web.Mvc.Async.AsyncControllerActionInvoker.AsyncInvocationWithFilters.<InvokeActionMethodFilterAsynchronouslyRecursive>b__3d()
   at System.Web.Mvc.Async.AsyncControllerActionInvoker.AsyncInvocationWithFilters.<>c__DisplayClass46.<InvokeActionMethodFilterAsynchronouslyRecursive>b__3f()
   at System.Web.Mvc.Async.AsyncControllerActionInvoker.AsyncInvocationWithFilters.<>c__DisplayClass46.<InvokeActionMethodFilterAsynchronouslyRecursive>b__3f()
   at System.Web.Mvc.Async.AsyncControllerActionInvoker.<>c__DisplayClass33.<BeginInvokeActionMethodWithFilters>b__32(IAsyncResult asyncResult)
   at System.Web.Mvc.Async.AsyncResultWrapper.WrappedAsyncResult`1.CallEndDelegate(IAsyncResult asyncResult)
   at System.Web.Mvc.Async.AsyncResultWrapper.WrappedAsyncResultBase`1.End()
   at System.Web.Mvc.Async.AsyncResultWrapper.End[TResult](IAsyncResult asyncResult, Object tag)
   at System.Web.Mvc.Async.AsyncControllerActionInvoker.EndInvokeActionMethodWithFilters(IAsyncResult asyncResult)
   at System.Web.Mvc.Async.AsyncControllerActionInvoker.<>c__DisplayClass21.<>c__DisplayClass2b.<BeginInvokeAction>b__1c()
   at System.Web.Mvc.Async.AsyncControllerActionInvoker.<>c__DisplayClass21.<BeginInvokeAction>b__1e(IAsyncResult asyncResult)
2021-07-29 12:58:26,129 => ERROR NA.PMS.Common.Logger.LogService.LogError():97 - Global Exception
System.Data.Entity.Core.EntityCommandExecutionException: An error occurred while executing the command definition. See the inner exception for details. ---> System.Data.SqlClient.SqlException: Execution Timeout Expired.  The timeout period elapsed prior to completion of the operation or the server is not responding. ---> System.ComponentModel.Win32Exception: The wait operation timed out
   --- End of inner exception stack trace ---
   at System.Data.SqlClient.SqlConnection.OnError(SqlException exception, Boolean breakConnection, Action`1 wrapCloseInAction)
   at System.Data.SqlClient.SqlInternalConnection.OnError(SqlException exception, Boolean breakConnection, Action`1 wrapCloseInAction)
   at System.Data.SqlClient.TdsParser.ThrowExceptionAndWarning(TdsParserStateObject stateObj, Boolean callerHasConnectionLock, Boolean asyncClose)
   at System.Data.SqlClient.TdsParser.TryRun(RunBehavior runBehavior, SqlCommand cmdHandler, SqlDataReader dataStream, BulkCopySimpleResultSet bulkCopyHandler, TdsParserStateObject stateObj, Boolean& dataReady)
   at System.Data.SqlClient.SqlDataReader.TryConsumeMetaData()
   at System.Data.SqlClient.SqlDataReader.get_MetaData()
   at System.Data.SqlClient.SqlCommand.FinishExecuteReader(SqlDataReader ds, RunBehavior runBehavior, String resetOptionsString, Boolean isInternal, Boolean forDescribeParameterEncryption, Boolean shouldCacheForAlwaysEncrypted)
   at System.Data.SqlClient.SqlCommand.RunExecuteReaderTds(CommandBehavior cmdBehavior, RunBehavior runBehavior, Boolean returnStream, Boolean async, Int32 timeout, Task& task, Boolean asyncWrite, Boolean inRetry, SqlDataReader ds, Boolean describeParameterEncryptionRequest)
   at System.Data.SqlClient.SqlCommand.RunExecuteReader(CommandBehavior cmdBehavior, RunBehavior runBehavior, Boolean returnStream, String method, TaskCompletionSource`1 completion, Int32 timeout, Task& task, Boolean& usedCache, Boolean asyncWrite, Boolean inRetry)
   at System.Data.SqlClient.SqlCommand.RunExecuteReader(CommandBehavior cmdBehavior, RunBehavior runBehavior, Boolean returnStream, String method)
   at System.Data.SqlClient.SqlCommand.ExecuteReader(CommandBehavior behavior, String method)
   at System.Data.SqlClient.SqlCommand.ExecuteDbDataReader(CommandBehavior behavior)
   at System.Data.Common.DbCommand.ExecuteReader(CommandBehavior behavior)
   at System.Data.Entity.Infrastructure.Interception.DbCommandDispatcher.<Reader>b__c(DbCommand t, DbCommandInterceptionContext`1 c)
   at System.Data.Entity.Infrastructure.Interception.InternalDispatcher`1.Dispatch[TTarget,TInterceptionContext,TResult](TTarget target, Func`3 operation, TInterceptionContext interceptionContext, Action`3 executing, Action`3 executed)
   at System.Data.Entity.Infrastructure.Interception.DbCommandDispatcher.Reader(DbCommand command, DbCommandInterceptionContext interceptionContext)
   at System.Data.Entity.Internal.InterceptableDbCommand.ExecuteDbDataReader(CommandBehavior behavior)
   at System.Data.Common.DbCommand.ExecuteReader(CommandBehavior behavior)
   at System.Data.Entity.Core.EntityClient.Internal.EntityCommandDefinition.ExecuteStoreCommands(EntityCommand entityCommand, CommandBehavior behavior)
   --- End of inner exception stack trace ---
   at System.Data.Entity.Core.EntityClient.Internal.EntityCommandDefinition.ExecuteStoreCommands(EntityCommand entityCommand, CommandBehavior behavior)
   at System.Data.Entity.Core.Objects.Internal.ObjectQueryExecutionPlan.Execute[TResultType](ObjectContext context, ObjectParameterCollection parameterValues)
   at System.Data.Entity.Core.Objects.ObjectQuery`1.<>c__DisplayClass7.<GetResults>b__6()
   at System.Data.Entity.Core.Objects.ObjectContext.ExecuteInTransaction[T](Func`1 func, IDbExecutionStrategy executionStrategy, Boolean startLocalTransaction, Boolean releaseConnectionOnSuccess)
   at System.Data.Entity.Core.Objects.ObjectQuery`1.<>c__DisplayClass7.<GetResults>b__5()
   at System.Data.Entity.SqlServer.DefaultSqlExecutionStrategy.Execute[TResult](Func`1 operation)
   at System.Data.Entity.Core.Objects.ObjectQuery`1.GetResults(Nullable`1 forMergeOption)
   at System.Data.Entity.Core.Objects.ObjectQuery`1.<System.Collections.Generic.IEnumerable<T>.GetEnumerator>b__0()
   at System.Data.Entity.Internal.LazyEnumerator`1.MoveNext()
   at System.Linq.Enumerable.Single[TSource](IEnumerable`1 source)
   at System.Data.Entity.Core.Objects.ELinq.ObjectQueryProvider.<GetElementFunction>b__3[TResult](IEnumerable`1 sequence)
   at System.Data.Entity.Core.Objects.ELinq.ObjectQueryProvider.ExecuteSingle[TResult](IEnumerable`1 query, Expression queryRoot)
   at System.Data.Entity.Core.Objects.ELinq.ObjectQueryProvider.System.Linq.IQueryProvider.Execute[TResult](Expression expression)
   at System.Data.Entity.Internal.Linq.DbQueryProvider.Execute[TResult](Expression expression)
   at Kendo.Mvc.Extensions.QueryableExtensions.Count(IQueryable source)
   at Kendo.Mvc.Extensions.QueryableExtensions.CreateDataSourceResult[TModel,TResult](IQueryable queryable, DataSourceRequest request, ModelStateDictionary modelState, Func`2 selector)
   at Kendo.Mvc.Extensions.QueryableExtensions.ToDataSourceResult(IQueryable queryable, DataSourceRequest request, ModelStateDictionary modelState)
   at Kendo.Mvc.Extensions.QueryableExtensions.ToDataSourceResult(IQueryable enumerable, DataSourceRequest request)
   at NA.PMS.Repository.GeneralRepository.GetPropertyListForAllotment(DataSourceRequest request, Nullable`1 schemeId, Nullable`1 departmentId) in d:\TFSProject\NoidaAuthority\Source\NA.PMS\NA.PMS.Repository\General\GeneralRepository.cs:line 3025
   at NA.PMS.Service.GeneralService.GetPropertyListForAllotment(DataSourceRequest request, Nullable`1 schemeId, Nullable`1 departmentId) in d:\TFSProject\NoidaAuthority\Source\NA.PMS\NA.PMS.Service\General\GeneralService.cs:line 798
   at NA.PMS.Web.Areas.Property.Controllers.AllotmentController.GetPropertyIdListByScheme(DataSourceRequest request, Nullable`1 schemeId, Nullable`1 departmentId) in d:\TFSProject\NoidaAuthority\Source\NA.PMS\NA.PMS.Web\Areas\Property\Controllers\AllotmentController.cs:line 2291
   at lambda_method(Closure , ControllerBase , Object[] )
   at System.Web.Mvc.ActionMethodDispatcher.Execute(ControllerBase controller, Object[] parameters)
   at System.Web.Mvc.ReflectedActionDescriptor.Execute(ControllerContext controllerContext, IDictionary`2 parameters)
   at System.Web.Mvc.ControllerActionInvoker.InvokeActionMethod(ControllerContext controllerContext, ActionDescriptor actionDescriptor, IDictionary`2 parameters)
   at System.Web.Mvc.Async.AsyncControllerActionInvoker.ActionInvocation.InvokeSynchronousActionMethod()
   at System.Web.Mvc.Async.AsyncControllerActionInvoker.<BeginInvokeSynchronousActionMethod>b__39(IAsyncResult asyncResult, ActionInvocation innerInvokeState)
   at System.Web.Mvc.Async.AsyncResultWrapper.WrappedAsyncResult`2.CallEndDelegate(IAsyncResult asyncResult)
   at System.Web.Mvc.Async.AsyncResultWrapper.WrappedAsyncResultBase`1.End()
   at System.Web.Mvc.Async.AsyncResultWrapper.End[TResult](IAsyncResult asyncResult, Object tag)
   at System.Web.Mvc.Async.AsyncControllerActionInvoker.EndInvokeActionMethod(IAsyncResult asyncResult)
   at System.Web.Mvc.Async.AsyncControllerActionInvoker.AsyncInvocationWithFilters.<InvokeActionMethodFilterAsynchronouslyRecursive>b__3d()
   at System.Web.Mvc.Async.AsyncControllerActionInvoker.AsyncInvocationWithFilters.<>c__DisplayClass46.<InvokeActionMethodFilterAsynchronouslyRecursive>b__3f()
   at System.Web.Mvc.Async.AsyncControllerActionInvoker.AsyncInvocationWithFilters.<>c__DisplayClass46.<InvokeActionMethodFilterAsynchronouslyRecursive>b__3f()
   at System.Web.Mvc.Async.AsyncControllerActionInvoker.<>c__DisplayClass33.<BeginInvokeActionMethodWithFilters>b__32(IAsyncResult asyncResult)
   at System.Web.Mvc.Async.AsyncResultWrapper.WrappedAsyncResult`1.CallEndDelegate(IAsyncResult asyncResult)
   at System.Web.Mvc.Async.AsyncResultWrapper.WrappedAsyncResultBase`1.End()
   at System.Web.Mvc.Async.AsyncResultWrapper.End[TResult](IAsyncResult asyncResult, Object tag)
   at System.Web.Mvc.Async.AsyncControllerActionInvoker.EndInvokeActionMethodWithFilters(IAsyncResult asyncResult)
   at System.Web.Mvc.Async.AsyncControllerActionInvoker.<>c__DisplayClass21.<>c__DisplayClass2b.<BeginInvokeAction>b__1c()
   at System.Web.Mvc.Async.AsyncControllerActionInvoker.<>c__DisplayClass21.<BeginInvokeAction>b__1e(IAsyncResult asyncResult)
   at System.Web.Mvc.Async.AsyncResultWrapper.WrappedAsyncResult`1.CallEndDelegate(IAsyncResult asyncResult)
   at System.Web.Mvc.Async.AsyncResultWrapper.WrappedAsyncResultBase`1.End()
   at System.Web.Mvc.Async.AsyncResultWrapper.End[TResult](IAsyncResult asyncResult, Object tag)
   at System.Web.Mvc.Async.AsyncControllerActionInvoker.EndInvokeAction(IAsyncResult asyncResult)
   at System.Web.Mvc.Controller.<BeginExecuteCore>b__1d(IAsyncResult asyncResult, ExecuteCoreState innerState)
   at System.Web.Mvc.Async.AsyncResultWrapper.WrappedAsyncVoid`1.CallEndDelegate(IAsyncResult asyncResult)
   at System.Web.Mvc.Async.AsyncResultWrapper.WrappedAsyncResultBase`1.End()
   at System.Web.Mvc.Async.AsyncResultWrapper.End[TResult](IAsyncResult asyncResult, Object tag)
   at System.Web.Mvc.Async.AsyncResultWrapper.End(IAsyncResult asyncResult, Object tag)
   at System.Web.Mvc.Controller.EndExecuteCore(IAsyncResult asyncResult)
   at System.Web.Mvc.Controller.<BeginExecute>b__15(IAsyncResult asyncResult, Controller controller)
   at System.Web.Mvc.Async.AsyncResultWrapper.WrappedAsyncVoid`1.CallEndDelegate(IAsyncResult asyncResult)
   at System.Web.Mvc.Async.AsyncResultWrapper.WrappedAsyncResultBase`1.End()
   at System.Web.Mvc.Async.AsyncResultWrapper.End[TResult](IAsyncResult asyncResult, Object tag)
   at System.Web.Mvc.Async.AsyncResultWrapper.End(IAsyncResult asyncResult, Object tag)
   at System.Web.Mvc.Controller.EndExecute(IAsyncResult asyncResult)
   at System.Web.Mvc.Controller.System.Web.Mvc.Async.IAsyncController.EndExecute(IAsyncResult asyncResult)
   at System.Web.Mvc.MvcHandler.<BeginProcessRequest>b__5(IAsyncResult asyncResult, ProcessRequestState innerState)
   at System.Web.Mvc.Async.AsyncResultWrapper.WrappedAsyncVoid`1.CallEndDelegate(IAsyncResult asyncResult)
   at System.Web.Mvc.Async.AsyncResultWrapper.WrappedAsyncResultBase`1.End()
   at System.Web.Mvc.Async.AsyncResultWrapper.End[TResult](IAsyncResult asyncResult, Object tag)
   at System.Web.Mvc.Async.AsyncResultWrapper.End(IAsyncResult asyncResult, Object tag)
   at System.Web.Mvc.MvcHandler.EndProcessRequest(IAsyncResult asyncResult)
   at System.Web.Mvc.MvcHandler.System.Web.IHttpAsyncHandler.EndProcessRequest(IAsyncResult result)
   at System.Web.HttpApplication.CallHandlerExecutionStep.System.Web.HttpApplication.IExecutionStep.Execute()
   at System.Web.HttpApplication.ExecuteStepImpl(IExecutionStep step)
   at System.Web.HttpApplication.ExecuteStep(IExecutionStep step, Boolean& completedSynchronously)
2021-07-29 12:58:26,340 => INFO  NA.PMS.Common.Logger.LogService.LogInformation():24 - Executing Action: GetPropertyIdListByScheme on Controller: Allotment For User : skumar.
2021-07-29 12:59:04,329 => INFO  NA.PMS.Common.Logger.LogService.LogInformation():24 - Executed Action: GetPropertyIdListByScheme on Controller: Allotment For User : skumar.
2021-07-29 12:59:04,405 => ERROR NA.PMS.Common.Logger.LogService.LogError():97 - Controller Exception
System.Data.Entity.Core.EntityCommandExecutionException: An error occurred while executing the command definition. See the inner exception for details. ---> System.Data.SqlClient.SqlException: Execution Timeout Expired.  The timeout period elapsed prior to completion of the operation or the server is not responding. ---> System.ComponentModel.Win32Exception: The wait operation timed out
   --- End of inner exception stack trace ---
   at System.Data.SqlClient.SqlConnection.OnError(SqlException exception, Boolean breakConnection, Action`1 wrapCloseInAction)
   at System.Data.SqlClient.SqlInternalConnection.OnError(SqlException exception, Boolean breakConnection, Action`1 wrapCloseInAction)
   at System.Data.SqlClient.TdsParser.ThrowExceptionAndWarning(TdsParserStateObject stateObj, Boolean callerHasConnectionLock, Boolean asyncClose)
   at System.Data.SqlClient.TdsParser.TryRun(RunBehavior runBehavior, SqlCommand cmdHandler, SqlDataReader dataStream, BulkCopySimpleResultSet bulkCopyHandler, TdsParserStateObject stateObj, Boolean& dataReady)
   at System.Data.SqlClient.SqlDataReader.TryConsumeMetaData()
   at System.Data.SqlClient.SqlDataReader.get_MetaData()
   at System.Data.SqlClient.SqlCommand.FinishExecuteReader(SqlDataReader ds, RunBehavior runBehavior, String resetOptionsString, Boolean isInternal, Boolean forDescribeParameterEncryption, Boolean shouldCacheForAlwaysEncrypted)
   at System.Data.SqlClient.SqlCommand.RunExecuteReaderTds(CommandBehavior cmdBehavior, RunBehavior runBehavior, Boolean returnStream, Boolean async, Int32 timeout, Task& task, Boolean asyncWrite, Boolean inRetry, SqlDataReader ds, Boolean describeParameterEncryptionRequest)
   at System.Data.SqlClient.SqlCommand.RunExecuteReader(CommandBehavior cmdBehavior, RunBehavior runBehavior, Boolean returnStream, String method, TaskCompletionSource`1 completion, Int32 timeout, Task& task, Boolean& usedCache, Boolean asyncWrite, Boolean inRetry)
   at System.Data.SqlClient.SqlCommand.RunExecuteReader(CommandBehavior cmdBehavior, RunBehavior runBehavior, Boolean returnStream, String method)
   at System.Data.SqlClient.SqlCommand.ExecuteReader(CommandBehavior behavior, String method)
   at System.Data.SqlClient.SqlCommand.ExecuteDbDataReader(CommandBehavior behavior)
   at System.Data.Common.DbCommand.ExecuteReader(CommandBehavior behavior)
   at System.Data.Entity.Infrastructure.Interception.DbCommandDispatcher.<Reader>b__c(DbCommand t, DbCommandInterceptionContext`1 c)
   at System.Data.Entity.Infrastructure.Interception.InternalDispatcher`1.Dispatch[TTarget,TInterceptionContext,TResult](TTarget target, Func`3 operation, TInterceptionContext interceptionContext, Action`3 executing, Action`3 executed)
   at System.Data.Entity.Infrastructure.Interception.DbCommandDispatcher.Reader(DbCommand command, DbCommandInterceptionContext interceptionContext)
   at System.Data.Entity.Internal.InterceptableDbCommand.ExecuteDbDataReader(CommandBehavior behavior)
   at System.Data.Common.DbCommand.ExecuteReader(CommandBehavior behavior)
   at System.Data.Entity.Core.EntityClient.Internal.EntityCommandDefinition.ExecuteStoreCommands(EntityCommand entityCommand, CommandBehavior behavior)
   --- End of inner exception stack trace ---
   at System.Data.Entity.Core.EntityClient.Internal.EntityCommandDefinition.ExecuteStoreCommands(EntityCommand entityCommand, CommandBehavior behavior)
   at System.Data.Entity.Core.Objects.Internal.ObjectQueryExecutionPlan.Execute[TResultType](ObjectContext context, ObjectParameterCollection parameterValues)
   at System.Data.Entity.Core.Objects.ObjectQuery`1.<>c__DisplayClass7.<GetResults>b__6()
   at System.Data.Entity.Core.Objects.ObjectContext.ExecuteInTransaction[T](Func`1 func, IDbExecutionStrategy executionStrategy, Boolean startLocalTransaction, Boolean releaseConnectionOnSuccess)
   at System.Data.Entity.Core.Objects.ObjectQuery`1.<>c__DisplayClass7.<GetResults>b__5()
   at System.Data.Entity.SqlServer.DefaultSqlExecutionStrategy.Execute[TResult](Func`1 operation)
   at System.Data.Entity.Core.Objects.ObjectQuery`1.GetResults(Nullable`1 forMergeOption)
   at System.Data.Entity.Core.Objects.ObjectQuery`1.<System.Collections.Generic.IEnumerable<T>.GetEnumerator>b__0()
   at System.Data.Entity.Internal.LazyEnumerator`1.MoveNext()
   at System.Linq.Enumerable.Single[TSource](IEnumerable`1 source)
   at System.Data.Entity.Core.Objects.ELinq.ObjectQueryProvider.<GetElementFunction>b__3[TResult](IEnumerable`1 sequence)
   at System.Data.Entity.Core.Objects.ELinq.ObjectQueryProvider.ExecuteSingle[TResult](IEnumerable`1 query, Expression queryRoot)
   at System.Data.Entity.Core.Objects.ELinq.ObjectQueryProvider.System.Linq.IQueryProvider.Execute[TResult](Expression expression)
   at System.Data.Entity.Internal.Linq.DbQueryProvider.Execute[TResult](Expression expression)
   at Kendo.Mvc.Extensions.QueryableExtensions.Count(IQueryable source)
   at Kendo.Mvc.Extensions.QueryableExtensions.CreateDataSourceResult[TModel,TResult](IQueryable queryable, DataSourceRequest request, ModelStateDictionary modelState, Func`2 selector)
   at Kendo.Mvc.Extensions.QueryableExtensions.ToDataSourceResult(IQueryable queryable, DataSourceRequest request, ModelStateDictionary modelState)
   at Kendo.Mvc.Extensions.QueryableExtensions.ToDataSourceResult(IQueryable enumerable, DataSourceRequest request)
   at NA.PMS.Repository.GeneralRepository.GetPropertyListForAllotment(DataSourceRequest request, Nullable`1 schemeId, Nullable`1 departmentId) in d:\TFSProject\NoidaAuthority\Source\NA.PMS\NA.PMS.Repository\General\GeneralRepository.cs:line 3025
   at NA.PMS.Service.GeneralService.GetPropertyListForAllotment(DataSourceRequest request, Nullable`1 schemeId, Nullable`1 departmentId) in d:\TFSProject\NoidaAuthority\Source\NA.PMS\NA.PMS.Service\General\GeneralService.cs:line 798
   at NA.PMS.Web.Areas.Property.Controllers.AllotmentController.GetPropertyIdListByScheme(DataSourceRequest request, Nullable`1 schemeId, Nullable`1 departmentId) in d:\TFSProject\NoidaAuthority\Source\NA.PMS\NA.PMS.Web\Areas\Property\Controllers\AllotmentController.cs:line 2291
   at lambda_method(Closure , ControllerBase , Object[] )
   at System.Web.Mvc.ActionMethodDispatcher.Execute(ControllerBase controller, Object[] parameters)
   at System.Web.Mvc.ReflectedActionDescriptor.Execute(ControllerContext controllerContext, IDictionary`2 parameters)
   at System.Web.Mvc.ControllerActionInvoker.InvokeActionMethod(ControllerContext controllerContext, ActionDescriptor actionDescriptor, IDictionary`2 parameters)
   at System.Web.Mvc.Async.AsyncControllerActionInvoker.ActionInvocation.InvokeSynchronousActionMethod()
   at System.Web.Mvc.Async.AsyncControllerActionInvoker.<BeginInvokeSynchronousActionMethod>b__39(IAsyncResult asyncResult, ActionInvocation innerInvokeState)
   at System.Web.Mvc.Async.AsyncResultWrapper.WrappedAsyncResult`2.CallEndDelegate(IAsyncResult asyncResult)
   at System.Web.Mvc.Async.AsyncResultWrapper.WrappedAsyncResultBase`1.End()
   at System.Web.Mvc.Async.AsyncResultWrapper.End[TResult](IAsyncResult asyncResult, Object tag)
   at System.Web.Mvc.Async.AsyncControllerActionInvoker.EndInvokeActionMethod(IAsyncResult asyncResult)
   at System.Web.Mvc.Async.AsyncControllerActionInvoker.AsyncInvocationWithFilters.<InvokeActionMethodFilterAsynchronouslyRecursive>b__3d()
   at System.Web.Mvc.Async.AsyncControllerActionInvoker.AsyncInvocationWithFilters.<>c__DisplayClass46.<InvokeActionMethodFilterAsynchronouslyRecursive>b__3f()
   at System.Web.Mvc.Async.AsyncControllerActionInvoker.AsyncInvocationWithFilters.<>c__DisplayClass46.<InvokeActionMethodFilterAsynchronouslyRecursive>b__3f()
   at System.Web.Mvc.Async.AsyncControllerActionInvoker.<>c__DisplayClass33.<BeginInvokeActionMethodWithFilters>b__32(IAsyncResult asyncResult)
   at System.Web.Mvc.Async.AsyncResultWrapper.WrappedAsyncResult`1.CallEndDelegate(IAsyncResult asyncResult)
   at System.Web.Mvc.Async.AsyncResultWrapper.WrappedAsyncResultBase`1.End()
   at System.Web.Mvc.Async.AsyncResultWrapper.End[TResult](IAsyncResult asyncResult, Object tag)
   at System.Web.Mvc.Async.AsyncControllerActionInvoker.EndInvokeActionMethodWithFilters(IAsyncResult asyncResult)
   at System.Web.Mvc.Async.AsyncControllerActionInvoker.<>c__DisplayClass21.<>c__DisplayClass2b.<BeginInvokeAction>b__1c()
   at System.Web.Mvc.Async.AsyncControllerActionInvoker.<>c__DisplayClass21.<BeginInvokeAction>b__1e(IAsyncResult asyncResult)
2021-07-29 12:59:04,433 => ERROR NA.PMS.Common.Logger.LogService.LogError():97 - Global Exception
System.Data.Entity.Core.EntityCommandExecutionException: An error occurred while executing the command definition. See the inner exception for details. ---> System.Data.SqlClient.SqlException: Execution Timeout Expired.  The timeout period elapsed prior to completion of the operation or the server is not responding. ---> System.ComponentModel.Win32Exception: The wait operation timed out
   --- End of inner exception stack trace ---
   at System.Data.SqlClient.SqlConnection.OnError(SqlException exception, Boolean breakConnection, Action`1 wrapCloseInAction)
   at System.Data.SqlClient.SqlInternalConnection.OnError(SqlException exception, Boolean breakConnection, Action`1 wrapCloseInAction)
   at System.Data.SqlClient.TdsParser.ThrowExceptionAndWarning(TdsParserStateObject stateObj, Boolean callerHasConnectionLock, Boolean asyncClose)
   at System.Data.SqlClient.TdsParser.TryRun(RunBehavior runBehavior, SqlCommand cmdHandler, SqlDataReader dataStream, BulkCopySimpleResultSet bulkCopyHandler, TdsParserStateObject stateObj, Boolean& dataReady)
   at System.Data.SqlClient.SqlDataReader.TryConsumeMetaData()
   at System.Data.SqlClient.SqlDataReader.get_MetaData()
   at System.Data.SqlClient.SqlCommand.FinishExecuteReader(SqlDataReader ds, RunBehavior runBehavior, String resetOptionsString, Boolean isInternal, Boolean forDescribeParameterEncryption, Boolean shouldCacheForAlwaysEncrypted)
   at System.Data.SqlClient.SqlCommand.RunExecuteReaderTds(CommandBehavior cmdBehavior, RunBehavior runBehavior, Boolean returnStream, Boolean async, Int32 timeout, Task& task, Boolean asyncWrite, Boolean inRetry, SqlDataReader ds, Boolean describeParameterEncryptionRequest)
   at System.Data.SqlClient.SqlCommand.RunExecuteReader(CommandBehavior cmdBehavior, RunBehavior runBehavior, Boolean returnStream, String method, TaskCompletionSource`1 completion, Int32 timeout, Task& task, Boolean& usedCache, Boolean asyncWrite, Boolean inRetry)
   at System.Data.SqlClient.SqlCommand.RunExecuteReader(CommandBehavior cmdBehavior, RunBehavior runBehavior, Boolean returnStream, String method)
   at System.Data.SqlClient.SqlCommand.ExecuteReader(CommandBehavior behavior, String method)
   at System.Data.SqlClient.SqlCommand.ExecuteDbDataReader(CommandBehavior behavior)
   at System.Data.Common.DbCommand.ExecuteReader(CommandBehavior behavior)
   at System.Data.Entity.Infrastructure.Interception.DbCommandDispatcher.<Reader>b__c(DbCommand t, DbCommandInterceptionContext`1 c)
   at System.Data.Entity.Infrastructure.Interception.InternalDispatcher`1.Dispatch[TTarget,TInterceptionContext,TResult](TTarget target, Func`3 operation, TInterceptionContext interceptionContext, Action`3 executing, Action`3 executed)
   at System.Data.Entity.Infrastructure.Interception.DbCommandDispatcher.Reader(DbCommand command, DbCommandInterceptionContext interceptionContext)
   at System.Data.Entity.Internal.InterceptableDbCommand.ExecuteDbDataReader(CommandBehavior behavior)
   at System.Data.Common.DbCommand.ExecuteReader(CommandBehavior behavior)
   at System.Data.Entity.Core.EntityClient.Internal.EntityCommandDefinition.ExecuteStoreCommands(EntityCommand entityCommand, CommandBehavior behavior)
   --- End of inner exception stack trace ---
   at System.Data.Entity.Core.EntityClient.Internal.EntityCommandDefinition.ExecuteStoreCommands(EntityCommand entityCommand, CommandBehavior behavior)
   at System.Data.Entity.Core.Objects.Internal.ObjectQueryExecutionPlan.Execute[TResultType](ObjectContext context, ObjectParameterCollection parameterValues)
   at System.Data.Entity.Core.Objects.ObjectQuery`1.<>c__DisplayClass7.<GetResults>b__6()
   at System.Data.Entity.Core.Objects.ObjectContext.ExecuteInTransaction[T](Func`1 func, IDbExecutionStrategy executionStrategy, Boolean startLocalTransaction, Boolean releaseConnectionOnSuccess)
   at System.Data.Entity.Core.Objects.ObjectQuery`1.<>c__DisplayClass7.<GetResults>b__5()
   at System.Data.Entity.SqlServer.DefaultSqlExecutionStrategy.Execute[TResult](Func`1 operation)
   at System.Data.Entity.Core.Objects.ObjectQuery`1.GetResults(Nullable`1 forMergeOption)
   at System.Data.Entity.Core.Objects.ObjectQuery`1.<System.Collections.Generic.IEnumerable<T>.GetEnumerator>b__0()
   at System.Data.Entity.Internal.LazyEnumerator`1.MoveNext()
   at System.Linq.Enumerable.Single[TSource](IEnumerable`1 source)
   at System.Data.Entity.Core.Objects.ELinq.ObjectQueryProvider.<GetElementFunction>b__3[TResult](IEnumerable`1 sequence)
   at System.Data.Entity.Core.Objects.ELinq.ObjectQueryProvider.ExecuteSingle[TResult](IEnumerable`1 query, Expression queryRoot)
   at System.Data.Entity.Core.Objects.ELinq.ObjectQueryProvider.System.Linq.IQueryProvider.Execute[TResult](Expression expression)
   at System.Data.Entity.Internal.Linq.DbQueryProvider.Execute[TResult](Expression expression)
   at Kendo.Mvc.Extensions.QueryableExtensions.Count(IQueryable source)
   at Kendo.Mvc.Extensions.QueryableExtensions.CreateDataSourceResult[TModel,TResult](IQueryable queryable, DataSourceRequest request, ModelStateDictionary modelState, Func`2 selector)
   at Kendo.Mvc.Extensions.QueryableExtensions.ToDataSourceResult(IQueryable queryable, DataSourceRequest request, ModelStateDictionary modelState)
   at Kendo.Mvc.Extensions.QueryableExtensions.ToDataSourceResult(IQueryable enumerable, DataSourceRequest request)
   at NA.PMS.Repository.GeneralRepository.GetPropertyListForAllotment(DataSourceRequest request, Nullable`1 schemeId, Nullable`1 departmentId) in d:\TFSProject\NoidaAuthority\Source\NA.PMS\NA.PMS.Repository\General\GeneralRepository.cs:line 3025
   at NA.PMS.Service.GeneralService.GetPropertyListForAllotment(DataSourceRequest request, Nullable`1 schemeId, Nullable`1 departmentId) in d:\TFSProject\NoidaAuthority\Source\NA.PMS\NA.PMS.Service\General\GeneralService.cs:line 798
   at NA.PMS.Web.Areas.Property.Controllers.AllotmentController.GetPropertyIdListByScheme(DataSourceRequest request, Nullable`1 schemeId, Nullable`1 departmentId) in d:\TFSProject\NoidaAuthority\Source\NA.PMS\NA.PMS.Web\Areas\Property\Controllers\AllotmentController.cs:line 2291
   at lambda_method(Closure , ControllerBase , Object[] )
   at System.Web.Mvc.ActionMethodDispatcher.Execute(ControllerBase controller, Object[] parameters)
   at System.Web.Mvc.ReflectedActionDescriptor.Execute(ControllerContext controllerContext, IDictionary`2 parameters)
   at System.Web.Mvc.ControllerActionInvoker.InvokeActionMethod(ControllerContext controllerContext, ActionDescriptor actionDescriptor, IDictionary`2 parameters)
   at System.Web.Mvc.Async.AsyncControllerActionInvoker.ActionInvocation.InvokeSynchronousActionMethod()
   at System.Web.Mvc.Async.AsyncControllerActionInvoker.<BeginInvokeSynchronousActionMethod>b__39(IAsyncResult asyncResult, ActionInvocation innerInvokeState)
   at System.Web.Mvc.Async.AsyncResultWrapper.WrappedAsyncResult`2.CallEndDelegate(IAsyncResult asyncResult)
   at System.Web.Mvc.Async.AsyncResultWrapper.WrappedAsyncResultBase`1.End()
   at System.Web.Mvc.Async.AsyncResultWrapper.End[TResult](IAsyncResult asyncResult, Object tag)
   at System.Web.Mvc.Async.AsyncControllerActionInvoker.EndInvokeActionMethod(IAsyncResult asyncResult)
   at System.Web.Mvc.Async.AsyncControllerActionInvoker.AsyncInvocationWithFilters.<InvokeActionMethodFilterAsynchronouslyRecursive>b__3d()
   at System.Web.Mvc.Async.AsyncControllerActionInvoker.AsyncInvocationWithFilters.<>c__DisplayClass46.<InvokeActionMethodFilterAsynchronouslyRecursive>b__3f()
   at System.Web.Mvc.Async.AsyncControllerActionInvoker.AsyncInvocationWithFilters.<>c__DisplayClass46.<InvokeActionMethodFilterAsynchronouslyRecursive>b__3f()
   at System.Web.Mvc.Async.AsyncControllerActionInvoker.<>c__DisplayClass33.<BeginInvokeActionMethodWithFilters>b__32(IAsyncResult asyncResult)
   at System.Web.Mvc.Async.AsyncResultWrapper.WrappedAsyncResult`1.CallEndDelegate(IAsyncResult asyncResult)
   at System.Web.Mvc.Async.AsyncResultWrapper.WrappedAsyncResultBase`1.End()
   at System.Web.Mvc.Async.AsyncResultWrapper.End[TResult](IAsyncResult asyncResult, Object tag)
   at System.Web.Mvc.Async.AsyncControllerActionInvoker.EndInvokeActionMethodWithFilters(IAsyncResult asyncResult)
   at System.Web.Mvc.Async.AsyncControllerActionInvoker.<>c__DisplayClass21.<>c__DisplayClass2b.<BeginInvokeAction>b__1c()
   at System.Web.Mvc.Async.AsyncControllerActionInvoker.<>c__DisplayClass21.<BeginInvokeAction>b__1e(IAsyncResult asyncResult)
   at System.Web.Mvc.Async.AsyncResultWrapper.WrappedAsyncResult`1.CallEndDelegate(IAsyncResult asyncResult)
   at System.Web.Mvc.Async.AsyncResultWrapper.WrappedAsyncResultBase`1.End()
   at System.Web.Mvc.Async.AsyncResultWrapper.End[TResult](IAsyncResult asyncResult, Object tag)
   at System.Web.Mvc.Async.AsyncControllerActionInvoker.EndInvokeAction(IAsyncResult asyncResult)
   at System.Web.Mvc.Controller.<BeginExecuteCore>b__1d(IAsyncResult asyncResult, ExecuteCoreState innerState)
   at System.Web.Mvc.Async.AsyncResultWrapper.WrappedAsyncVoid`1.CallEndDelegate(IAsyncResult asyncResult)
   at System.Web.Mvc.Async.AsyncResultWrapper.WrappedAsyncResultBase`1.End()
   at System.Web.Mvc.Async.AsyncResultWrapper.End[TResult](IAsyncResult asyncResult, Object tag)
   at System.Web.Mvc.Async.AsyncResultWrapper.End(IAsyncResult asyncResult, Object tag)
   at System.Web.Mvc.Controller.EndExecuteCore(IAsyncResult asyncResult)
   at System.Web.Mvc.Controller.<BeginExecute>b__15(IAsyncResult asyncResult, Controller controller)
   at System.Web.Mvc.Async.AsyncResultWrapper.WrappedAsyncVoid`1.CallEndDelegate(IAsyncResult asyncResult)
   at System.Web.Mvc.Async.AsyncResultWrapper.WrappedAsyncResultBase`1.End()
   at System.Web.Mvc.Async.AsyncResultWrapper.End[TResult](IAsyncResult asyncResult, Object tag)
   at System.Web.Mvc.Async.AsyncResultWrapper.End(IAsyncResult asyncResult, Object tag)
   at System.Web.Mvc.Controller.EndExecute(IAsyncResult asyncResult)
   at System.Web.Mvc.Controller.System.Web.Mvc.Async.IAsyncController.EndExecute(IAsyncResult asyncResult)
   at System.Web.Mvc.MvcHandler.<BeginProcessRequest>b__5(IAsyncResult asyncResult, ProcessRequestState innerState)
   at System.Web.Mvc.Async.AsyncResultWrapper.WrappedAsyncVoid`1.CallEndDelegate(IAsyncResult asyncResult)
   at System.Web.Mvc.Async.AsyncResultWrapper.WrappedAsyncResultBase`1.End()
   at System.Web.Mvc.Async.AsyncResultWrapper.End[TResult](IAsyncResult asyncResult, Object tag)
   at System.Web.Mvc.Async.AsyncResultWrapper.End(IAsyncResult asyncResult, Object tag)
   at System.Web.Mvc.MvcHandler.EndProcessRequest(IAsyncResult asyncResult)
   at System.Web.Mvc.MvcHandler.System.Web.IHttpAsyncHandler.EndProcessRequest(IAsyncResult result)
   at System.Web.HttpApplication.CallHandlerExecutionStep.System.Web.HttpApplication.IExecutionStep.Execute()
   at System.Web.HttpApplication.ExecuteStepImpl(IExecutionStep step)
   at System.Web.HttpApplication.ExecuteStep(IExecutionStep step, Boolean& completedSynchronously)
2021-07-29 12:59:04,980 => INFO  NA.PMS.Common.Logger.LogService.LogInformation():24 - Executing Action: GetApplicationFormAsDataSourceByApplicationId on Controller: Allotment For User : skumar.
2021-07-29 12:59:05,049 => INFO  NA.PMS.Common.Logger.LogService.LogInformation():24 - Executed Action: GetApplicationFormAsDataSourceByApplicationId on Controller: Allotment For User : skumar.
2021-07-29 12:59:05,621 => INFO  NA.PMS.Common.Logger.LogService.LogInformation():24 - Executing Action: ValidatePropertyAndApplicationForm on Controller: Allotment For User : skumar.
2021-07-29 12:59:05,782 => INFO  NA.PMS.Common.Logger.LogService.LogInformation():24 - Executed Action: ValidatePropertyAndApplicationForm on Controller: Allotment For User : skumar.
2021-07-29 12:59:06,108 => INFO  NA.PMS.Common.Logger.LogService.LogInformation():24 - Executing Action: GetApplicationFormListAsDataSource on Controller: Allotment For User : skumar.
2021-07-29 12:59:06,610 => INFO  NA.PMS.Common.Logger.LogService.LogInformation():24 - Executed Action: GetApplicationFormListAsDataSource on Controller: Allotment For User : skumar.
2021-07-29 12:59:06,826 => INFO  NA.PMS.Common.Logger.LogService.LogInformation():24 - Executing Action: GetApplicationFormListAsDataSource on Controller: Allotment For User : skumar.
2021-07-29 12:59:06,927 => INFO  NA.PMS.Common.Logger.LogService.LogInformation():24 - Executed Action: GetApplicationFormListAsDataSource on Controller: Allotment For User : skumar.
2021-07-29 13:00:09,672 => INFO  NA.PMS.Common.Logger.LogService.LogInformation():24 - Executing Action: GetPropertyIdListByScheme on Controller: Allotment For User : skumar.
2021-07-29 13:00:14,659 => INFO  NA.PMS.Common.Logger.LogService.LogInformation():24 - Executed Action: GetPropertyIdListByScheme on Controller: Allotment For User : skumar.
2021-07-29 13:03:28,962 => INFO  NA.PMS.Common.Logger.LogService.LogInformation():24 - Executing Action: Login on Controller: Account For User : skumar.
2021-07-29 13:03:29,116 => INFO  NA.PMS.Common.Logger.LogService.LogInformation():24 - Executed Action: Login on Controller: Account For User : skumar.
2021-07-29 13:04:21,054 => INFO  NA.PMS.Common.Logger.LogService.LogInformation():24 - Executing Action: Login on Controller: Account For User : skumar.
2021-07-29 13:04:28,141 => INFO  NA.PMS.Common.Logger.LogService.LogInformation():24 - Executed Action: Login on Controller: Account For User : skumar.
2021-07-29 13:04:28,205 => INFO  NA.PMS.Common.Logger.LogService.LogInformation():24 - Executing Action: Login on Controller: Account For User : skumar.
2021-07-29 13:04:28,229 => INFO  NA.PMS.Common.Logger.LogService.LogInformation():24 - Executed Action: Login on Controller: Account For User : skumar.
2021-07-29 13:04:29,264 => INFO  NA.PMS.Common.Logger.LogService.LogInformation():24 - Executing Action: LoginAfterVerifyOTP on Controller: Account For User : skumar.
2021-07-29 13:04:30,173 => INFO  NA.PMS.Common.Logger.LogService.LogInformation():24 - Executed Action: LoginAfterVerifyOTP on Controller: Account For User : skumar.
2021-07-29 13:04:32,369 => INFO  NA.PMS.Common.Logger.LogService.LogInformation():24 - Executing Action: GetDepartmentForAdvanceSearch on Controller: PropertyAllotment For User : skumar.
2021-07-29 13:04:32,456 => INFO  NA.PMS.Common.Logger.LogService.LogInformation():24 - Executed Action: GetDepartmentForAdvanceSearch on Controller: PropertyAllotment For User : skumar.
2021-07-29 13:04:40,301 => INFO  NA.PMS.Common.Logger.LogService.LogInformation():24 - Executing Action: Index on Controller: Allotment For User : skumar.
2021-07-29 13:04:40,320 => INFO  NA.PMS.Common.Logger.LogService.LogInformation():24 - Executed Action: Index on Controller: Allotment For User : skumar.
2021-07-29 13:04:48,651 => INFO  NA.PMS.Common.Logger.LogService.LogInformation():24 - Executing Action: GetSchemeListAsDataSource on Controller: Allotment For User : skumar.
2021-07-29 13:04:48,918 => INFO  NA.PMS.Common.Logger.LogService.LogInformation():24 - Executed Action: GetSchemeListAsDataSource on Controller: Allotment For User : skumar.
2021-07-29 13:04:49,212 => INFO  NA.PMS.Common.Logger.LogService.LogInformation():24 - Executing Action: GetApplicationFormAsDataSourceByApplicationId on Controller: Allotment For User : skumar.
2021-07-29 13:04:49,363 => INFO  NA.PMS.Common.Logger.LogService.LogInformation():24 - Executed Action: GetApplicationFormAsDataSourceByApplicationId on Controller: Allotment For User : skumar.
2021-07-29 13:04:49,748 => INFO  NA.PMS.Common.Logger.LogService.LogInformation():24 - Executing Action: GetPropertyDetailAsDataSourceByPropertyId on Controller: Allotment For User : skumar.
2021-07-29 13:04:49,865 => INFO  NA.PMS.Common.Logger.LogService.LogInformation():24 - Executed Action: GetPropertyDetailAsDataSourceByPropertyId on Controller: Allotment For User : skumar.
2021-07-29 13:04:50,251 => INFO  NA.PMS.Common.Logger.LogService.LogInformation():24 - Executing Action: GetApproverIdList on Controller: Allotment For User : skumar.
2021-07-29 13:04:50,390 => INFO  NA.PMS.Common.Logger.LogService.LogInformation():24 - Executed Action: GetApproverIdList on Controller: Allotment For User : skumar.
2021-07-29 13:04:50,949 => INFO  NA.PMS.Common.Logger.LogService.LogInformation():24 - Executing Action: GetAllottedPropertyFormListById on Controller: Allotment For User : skumar.
2021-07-29 13:04:51,246 => INFO  NA.PMS.Common.Logger.LogService.LogInformation():24 - Executed Action: GetAllottedPropertyFormListById on Controller: Allotment For User : skumar.
2021-07-29 13:05:02,675 => INFO  NA.PMS.Common.Logger.LogService.LogInformation():24 - Executing Action: GetSchemeListAsDataSource on Controller: Allotment For User : skumar.
2021-07-29 13:05:02,765 => INFO  NA.PMS.Common.Logger.LogService.LogInformation():24 - Executed Action: GetSchemeListAsDataSource on Controller: Allotment For User : skumar.
2021-07-29 13:05:04,368 => INFO  NA.PMS.Common.Logger.LogService.LogInformation():24 - Executing Action: GetSchemeListAsDataSource on Controller: Allotment For User : skumar.
2021-07-29 13:05:04,553 => INFO  NA.PMS.Common.Logger.LogService.LogInformation():24 - Executed Action: GetSchemeListAsDataSource on Controller: Allotment For User : skumar.
2021-07-29 13:05:05,984 => INFO  NA.PMS.Common.Logger.LogService.LogInformation():24 - Executing Action: GetSchemeListAsDataSource on Controller: Allotment For User : skumar.
2021-07-29 13:05:06,068 => INFO  NA.PMS.Common.Logger.LogService.LogInformation():24 - Executed Action: GetSchemeListAsDataSource on Controller: Allotment For User : skumar.
2021-07-29 13:05:06,701 => INFO  NA.PMS.Common.Logger.LogService.LogInformation():24 - Executing Action: GetDepartmentListBySchemeId on Controller: Allotment For User : skumar.
2021-07-29 13:05:06,812 => INFO  NA.PMS.Common.Logger.LogService.LogInformation():24 - Executed Action: GetDepartmentListBySchemeId on Controller: Allotment For User : skumar.
2021-07-29 13:05:07,019 => INFO  NA.PMS.Common.Logger.LogService.LogInformation():24 - Executing Action: GetDepartmentListBySchemeId on Controller: Allotment For User : skumar.
2021-07-29 13:05:07,126 => INFO  NA.PMS.Common.Logger.LogService.LogInformation():24 - Executed Action: GetDepartmentListBySchemeId on Controller: Allotment For User : skumar.
2021-07-29 13:05:07,715 => INFO  NA.PMS.Common.Logger.LogService.LogInformation():24 - Executing Action: GetAllottedPropertyFormListById on Controller: Allotment For User : skumar.
2021-07-29 13:05:07,879 => INFO  NA.PMS.Common.Logger.LogService.LogInformation():24 - Executed Action: GetAllottedPropertyFormListById on Controller: Allotment For User : skumar.
2021-07-29 13:05:08,443 => INFO  NA.PMS.Common.Logger.LogService.LogInformation():24 - Executing Action: GetPropertyIdListByScheme on Controller: Allotment For User : skumar.
2021-07-29 13:05:10,964 => INFO  NA.PMS.Common.Logger.LogService.LogInformation():24 - Executed Action: GetPropertyIdListByScheme on Controller: Allotment For User : skumar.
2021-07-29 13:05:11,178 => INFO  NA.PMS.Common.Logger.LogService.LogInformation():24 - Executing Action: GetPropertyIdListByScheme on Controller: Allotment For User : skumar.
2021-07-29 13:05:13,735 => INFO  NA.PMS.Common.Logger.LogService.LogInformation():24 - Executed Action: GetPropertyIdListByScheme on Controller: Allotment For User : skumar.
2021-07-29 13:05:14,219 => INFO  NA.PMS.Common.Logger.LogService.LogInformation():24 - Executing Action: GetAllottedPropertyFormListById on Controller: Allotment For User : skumar.
2021-07-29 13:05:14,387 => INFO  NA.PMS.Common.Logger.LogService.LogInformation():24 - Executed Action: GetAllottedPropertyFormListById on Controller: Allotment For User : skumar.
2021-07-29 13:05:14,761 => INFO  NA.PMS.Common.Logger.LogService.LogInformation():24 - Executing Action: GetApplicationFormListAsDataSource on Controller: Allotment For User : skumar.
2021-07-29 13:05:14,899 => INFO  NA.PMS.Common.Logger.LogService.LogInformation():24 - Executed Action: GetApplicationFormListAsDataSource on Controller: Allotment For User : skumar.
2021-07-29 13:05:15,105 => INFO  NA.PMS.Common.Logger.LogService.LogInformation():24 - Executing Action: GetApplicationFormListAsDataSource on Controller: Allotment For User : skumar.
2021-07-29 13:05:15,233 => INFO  NA.PMS.Common.Logger.LogService.LogInformation():24 - Executed Action: GetApplicationFormListAsDataSource on Controller: Allotment For User : skumar.
2021-07-29 13:05:19,480 => INFO  NA.PMS.Common.Logger.LogService.LogInformation():24 - Executing Action: GetApplicationFormListAsDataSource on Controller: Allotment For User : skumar.
2021-07-29 13:05:19,606 => INFO  NA.PMS.Common.Logger.LogService.LogInformation():24 - Executed Action: GetApplicationFormListAsDataSource on Controller: Allotment For User : skumar.
2021-07-29 13:05:20,642 => INFO  NA.PMS.Common.Logger.LogService.LogInformation():24 - Executing Action: ValidatePropertyAndApplicationForm on Controller: Allotment For User : skumar.
2021-07-29 13:05:20,907 => INFO  NA.PMS.Common.Logger.LogService.LogInformation():24 - Executed Action: ValidatePropertyAndApplicationForm on Controller: Allotment For User : skumar.
2021-07-29 13:05:21,161 => INFO  NA.PMS.Common.Logger.LogService.LogInformation():24 - Executing Action: GetApplicationFormAsDataSourceByApplicationId on Controller: Allotment For User : skumar.
2021-07-29 13:05:21,242 => INFO  NA.PMS.Common.Logger.LogService.LogInformation():24 - Executed Action: GetApplicationFormAsDataSourceByApplicationId on Controller: Allotment For User : skumar.
